COD_DIS,COD_BAR,COD_SEC,Densidad,Edad_Prome,Proporcion,Proporci_1,Proporci_2,Indice_env,Indice_juv,Indice_dep,Indice_est,Indice_ree,Razon_prog,Proporci_3,Proporci_4,Prop_inmig,bancos,area_ha,bancos_ha,pct65,barrio,distrito,cob100,cob150,cob200,n_muestra,dist_p50,dist_p90,elegible,revision,revision100,revision200,robusta
01,012,01040,698.51323782,39.84951168,10.06711409,10.17897092,28.57142857,101.11111111,98.9010989,25.38569425,118.71165644,57.14285714,60.71428571,33.25917686,45.71746385,19.79977753,2,1.2870192736980135,1.5539782821226658,10.17897092,Embajadores,Centro,,,,21,,,False,False,False,False,False
01,012,01056,526.08446096,45.79130172,8.76623377,20.995671,28.86597938,239.50617284,41.75257732,42.37288136,80.27777778,40.74074074,69.6969697,20.68965517,29.84913793,10.56034483,2,1.7639753097887543,1.133802717589914,20.995671,Embajadores,Centro,,,,26,,,False,False,False,False,False
01,012,01039,127.85000838,41.57644177,8.62403101,13.95348837,25.0,161.79775281,61.80555556,29.16145181,121.32963989,57.69230769,76.47058824,32.14629451,45.62078922,21.65543792,82,8.126710457032349,10.090183529184593,13.95348837,Embajadores,Centro,100.0,100.0,100.0,130,31.30629890997802,70.9309167829108,True,False,False,False,False
01,012,01037,651.94021096,43.13947082,6.65362035,12.91585127,26.51515152,194.11764706,51.51515152,24.33090024,87.67123288,61.11111111,105.26315789,28.0155642,40.36964981,14.20233463,5,1.5768317135692926,3.17091542297946,12.91585127,Embajadores,Centro,,,,23,,,False,False,False,False,False
01,012,01055,678.19698803,43.64165614,9.25589837,16.6969147,35.32608696,180.39215686,55.43478261,35.04901961,99.51100244,24.24242424,125.80645161,24.90974729,32.58122744,12.99638989,5,1.6337436166165014,3.0604557221499955,16.6969147,Embajadores,Centro,,,,27,,,False,False,False,False,False
01,012,01038,1185.62499086,38.45088986,7.36312146,7.55191945,21.66666667,102.56410256,97.5,17.5295858,158.50860421,42.02898551,151.72413793,51.68961202,62.01501877,39.86232791,1,1.347812345669668,0.7419430480903813,7.55191945,Embajadores,Centro,,,,21,,,False,False,False,False,False
01,012,01041,599.15020168,40.41296464,7.90909091,11.36363636,38.4,143.67816092,69.6,23.87387387,146.66666667,44.0,152.0,38.16863101,49.86400725,24.11604714,3,1.840940713864261,1.6296016364931132,11.36363636,Embajadores,Centro,100.0,100.0,100.0,31,34.070515537054284,53.82187287689227,True,False,False,False,False
01,012,01032,371.15179253,41.7440679,8.58468677,11.6937355,22.61904762,136.21621622,73.41269841,25.43655413,107.73881499,29.86111111,121.27659574,25.4965358,34.27251732,11.82448037,30,5.833192897294155,5.142980958835788,11.6937355,Embajadores,Centro,93.6842105263158,100.0,100.0,95,35.559748312013575,90.44371786283332,True,False,False,False,False
01,012,01054,605.24360308,41.88531118,5.83244963,12.83138918,38.01652893,220.0,45.45454545,22.97650131,137.88819876,36.20689655,140.0,36.88092729,49.63119073,24.34141201,4,1.5679637011713548,2.5510794650487005,12.83138918,Embajadores,Centro,,,,26,,,False,False,False,False,False
01,012,01022,269.81856014,45.09330682,6.75895765,17.58957655,24.53703704,260.24096386,38.42592593,32.18514532,96.40591966,33.33333333,109.09090909,23.21428571,33.76623377,8.8474026,24,4.566031333634365,5.256205717032833,17.58957655,Embajadores,Centro,93.05555555555556,100.0,100.0,72,48.98674189625228,94.70314090261577,True,False,False,False,False
01,012,01057,214.1302216,48.12257321,6.3547486,26.74581006,39.94778068,420.87912088,23.75979112,49.47807933,102.10970464,41.42857143,66.66666667,19.08396947,28.1054823,8.67453158,18,6.729549847098932,2.6747702905803856,26.74581006,Embajadores,Centro,98.1981981981982,100.0,100.0,111,41.82767624444689,80.39199587037115,True,False,False,False,False
01,012,01036,728.0506364,40.41123888,7.37365369,10.77050539,26.15384615,146.06741573,68.46153846,22.1659919,125.05694761,60.78431373,144.0,34.184514,45.14003295,18.86326194,2,1.6674664361261993,1.1994244421772777,10.77050539,Embajadores,Centro,,,,26,,,False,False,False,False,False
01,012,01042,646.16217541,42.6498138,7.21062619,13.85199241,28.76712329,192.10526316,52.05479452,26.68269231,106.4516129,42.30769231,104.0,33.08128544,46.69187146,21.92816635,3,1.637359845982352,1.8322178886707199,13.85199241,Embajadores,Centro,,,,26,,,False,False,False,False,False
01,011,01021,364.1808322,46.1488603,6.77002584,19.37984496,27.73333333,286.25954198,34.93333333,35.40937719,86.5535248,36.58536585,108.33333333,21.31484335,29.27580894,10.78582435,25,5.346245128307468,4.676179150041064,19.37984496,Palacio,Centro,100.0,100.0,100.0,86,29.89818324797698,69.00074886608252,True,False,False,False,False
01,012,01035,509.60403406,42.15412065,8.55476345,15.16526248,28.63247863,177.27272727,56.41025641,31.0960068,114.38979964,44.70588235,84.09090909,33.41935484,45.03225806,21.67741935,22,3.041577178379803,7.233089515656817,15.16526248,Embajadores,Centro,100.0,100.0,100.0,50,25.00160268049769,57.84362956589401,True,False,False,False,False
01,012,01033,723.36063254,41.71395031,7.31331794,11.23941493,32.19178082,153.68421053,65.06849315,22.77882798,107.04500978,37.14285714,165.2173913,36.46788991,47.55351682,18.65443425,0,1.8082266868776289,0.0,11.23941493,Embajadores,Centro,96.7741935483871,100.0,100.0,31,62.885745602622315,93.08279755102916,True,False,False,False,False
01,012,01053,280.44539625,42.58580101,5.85683297,13.52133044,29.94652406,230.86419753,43.31550802,24.03587444,120.79207921,51.35135135,292.30769231,34.89545782,46.79163663,17.44772891,6,4.945704292306316,1.2131740284864538,13.52133044,Embajadores,Centro,84.61538461538461,100.0,100.0,78,69.26733749734171,107.03103037311948,True,False,False,False,False
01,012,01050,749.80880507,41.1383775,8.52390852,11.5038115,32.53012048,134.95934959,74.09638554,25.04332756,113.7037037,37.5,86.04651163,39.95859213,53.07108351,27.32919255,21,1.9324926437211798,10.866794276413236,11.5038115,Embajadores,Centro,80.0,100.0,100.0,30,42.06603912508044,124.40735344525615,True,False,False,False,False
01,012,01030,588.84874783,42.24846235,8.64553314,13.54466859,32.62411348,156.66666667,63.82978723,28.51851852,105.58375635,43.75,92.30769231,32.60247855,45.09056244,19.92373689,2,1.7814421850641724,1.1226858871807588,13.54466859,Embajadores,Centro,,,,27,,,False,False,False,False,False
01,012,01023,640.8994198,41.99491367,7.09812109,12.1085595,38.50574713,170.58823529,58.62068966,23.77260982,110.32608696,38.04347826,85.71428571,28.72928177,41.50552486,13.12154696,0,2.259324872638709,0.0,12.1085595,Embajadores,Centro,73.68421052631578,100.0,100.0,38,84.23787155746945,117.53610739908827,True,False,False,False,False
01,012,01048,819.85402179,41.09721256,8.26580227,11.42625608,14.89361702,138.23529412,72.34042553,24.52068618,106.02910603,35.9375,75.0,34.94363929,49.11433172,20.28985507,0,1.5149038328712252,0.0,11.42625608,Embajadores,Centro,,,,25,,,False,False,False,False,False
01,012,01058,149.46192916,44.31991233,8.26446281,19.55922865,29.57746479,236.66666667,42.25352113,38.54961832,115.63786008,35.55555556,68.18181818,25.34246575,36.71232877,11.50684932,21,4.884186923846424,4.299589742863886,19.55922865,Embajadores,Centro,100.0,100.0,100.0,77,31.93343858729927,56.66713243128571,True,False,False,False,False
01,012,01051,951.30477817,40.55969256,6.33159269,10.05221932,22.07792208,158.7628866,62.98701299,19.59406714,126.32508834,49.25373134,86.66666667,43.17152104,57.66990291,27.24919094,0,1.624085188534006,0.0,10.05221932,Embajadores,Centro,,,,26,,,False,False,False,False,False
01,011,01020,334.89087295,44.8501913,7.47217806,18.99841017,31.79916318,254.25531915,39.33054393,36.0,98.49785408,41.55844156,112.5,20.23715415,29.80237154,7.90513834,26,3.777349883769607,6.883132566489524,18.99841017,Palacio,Centro,91.52542372881356,100.0,100.0,59,37.338947495415574,94.95767578199892,True,False,False,False,False
01,012,01049,949.60259323,40.2952059,6.61818182,11.41818182,30.57324841,172.52747253,57.96178344,22.00532387,139.27813163,58.92857143,111.11111111,41.90064795,55.07559395,25.98992081,1,1.4627171512740247,0.6836591743858348,11.41818182,Embajadores,Centro,,,,22,,,False,False,False,False,False
01,012,01043,865.01315445,40.48507264,8.45528455,9.59349593,27.11864407,113.46153846,88.13559322,22.02380952,110.43841336,40.54054054,96.55172414,43.98708636,56.98143664,29.21711057,1,1.4323481598190635,0.6981542812372667,9.59349593,Embajadores,Centro,,,,22,,,False,False,False,False,False
01,012,01031,396.76897193,41.91210279,7.96847636,12.95971979,20.94594595,162.63736264,61.48648649,26.46733112,111.97183099,53.94736842,92.85714286,30.92334495,42.24738676,19.68641115,21,2.8933714106349786,7.2579689986607505,12.95971979,Embajadores,Centro,100.0,100.0,100.0,45,29.65821977152905,50.66125243147805,True,False,False,False,False
01,012,01034,764.29679755,38.44090747,9.15411356,8.45886443,26.02739726,92.40506329,108.21917808,21.37834037,138.19095477,60.86956522,89.47368421,47.01149425,60.86206897,34.36781609,37,2.2766024999298207,16.252288223851362,8.45886443,Embajadores,Centro,86.48648648648648,100.0,100.0,37,58.42339685496774,112.3727115951927,True,False,False,False,False
01,012,01024,626.14350829,41.48665918,6.68276973,12.31884058,31.37254902,184.3373494,54.24836601,23.45924453,125.05592841,52.0,72.4137931,27.02485966,37.61026464,10.34482759,0,1.9915562223167016,0.0,12.31884058,Embajadores,Centro,100.0,100.0,100.0,30,51.09339996957301,74.1281677418486,True,False,False,False,False
01,012,01029,619.6451811,42.10211127,7.80452225,13.27498177,25.82417582,170.09345794,58.79120879,26.70979667,108.07692308,64.17910448,61.11111111,32.07272727,43.85454545,15.70909091,8,2.21901185054558,3.605208326414783,13.27498177,Embajadores,Centro,80.55555555555556,100.0,100.0,36,61.16017797238183,107.27992239379182,True,False,False,False,False
01,011,01019,307.77142913,46.84336321,5.34469404,20.68164214,27.71535581,386.95652174,25.84269663,35.18324607,95.29652352,18.55670103,133.33333333,18.70170015,27.51159196,5.7187017,27,4.2044188560461935,6.421814981914198,20.68164214,Palacio,Centro,100.0,100.0,100.0,68,21.632666916117053,46.558929675039636,True,False,False,False,False
01,012,01047,787.12560693,40.16827965,8.39598997,9.81620718,23.40425532,116.91542289,85.53191489,22.26762002,121.99546485,48.48484848,98.41269841,43.48730753,55.22263837,27.67374116,11,3.052879970943647,3.6031550878824405,9.81620718,Embajadores,Centro,90.19607843137256,100.0,100.0,51,40.40846074727924,90.9272373935696,True,False,False,False,False
01,011,01014,508.64764992,43.69451232,8.5694051,17.28045326,27.86885246,201.65289256,49.59016393,34.86150907,104.4921875,39.74358974,58.69565217,22.37860662,32.44194229,9.35960591,10,2.793682424795186,3.5795049255582914,17.28045326,Palacio,Centro,84.44444444444444,100.0,100.0,45,59.421623168254484,105.22928951983259,True,False,False,False,False
01,011,01013,378.27711494,41.67659901,7.2079536,12.42750621,34.0,172.4137931,58.0,24.43298969,122.47706422,40.0,85.71428571,27.14521452,38.44884488,10.47854785,2,3.2040003270851187,0.6242196616189257,12.42750621,Palacio,Centro,94.33962264150944,100.0,100.0,53,53.82101076733167,96.40296778783498,True,False,False,False,False
01,013,01061,494.30314346,44.39654724,7.42459397,18.6774942,30.43478261,251.5625,39.7515528,35.32182104,106.81818182,29.8245614,176.47058824,25.80645161,39.51612903,10.71428571,5,1.7560074449907142,2.847368337909547,18.6774942,Cortes,Centro,,,,27,,,False,False,False,False,False
01,013,01062,222.61428645,45.56068634,5.31803962,19.60375391,24.46808511,368.62745098,27.12765957,33.19444444,113.01775148,20.3125,93.75,29.39958592,39.7515528,12.73291925,21,4.33934414266715,4.839441009878623,19.60375391,Cortes,Centro,91.42857142857143,100.0,100.0,70,41.67966828521067,94.32108037054203,True,False,False,False,False
01,012,01046,713.96050347,42.69568563,7.8250154,15.58841651,22.92490119,199.21259843,50.19762846,30.57119871,113.20754717,36.26373626,170.37037037,33.45565749,47.40061162,16.51376147,2,2.2900426452745295,0.8733461816211028,15.58841651,Embajadores,Centro,64.86486486486487,94.5945945945946,100.0,37,81.33749074089654,135.49683254976122,True,False,False,False,False
01,012,01059,432.86935898,43.73951022,5.63380282,17.02944942,25.18796992,302.27272727,33.08270677,29.30463576,120.4379562,43.95604396,113.79310345,30.45977011,42.33716475,12.64367816,3,3.6177196826825524,0.8292516455491347,17.02944942,Embajadores,Centro,98.27586206896551,100.0,100.0,58,44.38005003970676,84.56048417257571,True,False,False,False,False
01,012,01028,469.18639944,41.42013535,5.28233151,10.62537948,25.71428571,201.14942529,49.71428571,18.91696751,125.20325203,32.11009174,115.0,44.7734139,54.80362538,27.19033233,25,3.527382724592246,7.087407846532989,10.62537948,Embajadores,Centro,92.85714285714286,100.0,100.0,56,49.42358245582473,97.68633476616586,True,False,False,False,False
01,012,01045,529.54295692,41.12683241,6.80555556,11.875,23.39181287,174.48979592,57.30994152,22.97181896,126.06177606,50.0,106.25,39.1966759,50.90027701,19.66759003,1,2.7268798142335284,0.3667194992534279,11.875,Embajadores,Centro,100.0,100.0,100.0,42,46.66331050504431,75.46972414605983,True,False,False,False,False
01,013,01063,303.76483761,44.41727143,6.51041667,15.10416667,31.03448276,232.0,43.10344828,27.57475083,94.19354839,29.72972973,140.0,29.61038961,44.28571429,11.16883117,16,2.5348556009627043,6.3119966257341895,15.10416667,Cortes,Centro,97.5609756097561,100.0,100.0,41,45.66340438535185,81.51217393763835,True,False,False,False,False
01,013,01066,379.37087886,44.2480734,4.44444444,17.3015873,27.06422018,389.28571429,25.68807339,27.78904665,123.07692308,33.75,84.61538462,32.20205209,47.67166535,13.97000789,4,3.3397397391538814,1.1976981179417874,17.3015873,Cortes,Centro,100.0,100.0,100.0,53,53.071016572132635,82.71827110705414,True,False,False,False,False
01,011,01015,361.59302622,45.13094042,7.06042091,18.80515954,28.15884477,266.34615385,37.54512635,34.92208983,97.2875226,26.53061224,84.375,23.95128552,33.08525034,8.93098782,6,4.087468210991878,1.4679013243124457,18.80515954,Palacio,Centro,100.0,100.0,100.0,64,49.43600595962411,83.57604301437102,True,False,False,False,False
01,012,01025,254.9577252,43.08493689,7.21247563,14.9122807,27.45098039,206.75675676,48.36601307,28.44611529,105.14138817,45.83333333,127.77777778,27.7400582,39.47623666,10.37827352,57,4.043807651626495,14.095625932423747,14.9122807,Embajadores,Centro,100.0,100.0,100.0,65,30.03252403661648,62.877476790766075,True,False,False,False,False
01,011,01012,304.6330012,43.70301031,5.68475452,16.66666667,31.78294574,293.18181818,34.10852713,28.78535774,132.04633205,39.53488372,120.0,28.09278351,40.72164948,9.14948454,8,2.547327429879743,3.1405464041101587,16.66666667,Palacio,Centro,100.0,100.0,100.0,40,41.403936696327285,74.13659630771532,True,False,False,False,False
01,011,01011,235.53037103,45.20512195,6.70289855,18.65942029,27.66990291,278.37837838,35.9223301,33.98058252,96.65871122,32.92682927,146.66666667,23.48690154,36.22402891,7.1364047,22,4.700030807768033,4.680820381781165,18.65942029,Palacio,Centro,86.66666666666667,100.0,100.0,75,50.28446380410733,105.87601289971896,True,False,False,False,False
01,012,01027,356.10855923,43.4865177,6.62800331,14.08450704,27.05882353,212.5,47.05882353,26.12330199,96.91358025,40.0,110.0,29.30041152,39.17695473,11.93415638,13,3.4118809237536696,3.81021503695906,14.08450704,Embajadores,Centro,92.72727272727272,100.0,100.0,55,44.07557600304713,86.89883945211452,True,False,False,False,False
01,011,01016,438.51889899,44.85058945,6.29496403,17.44604317,29.3814433,277.14285714,36.08247423,31.13207547,94.94252874,57.8125,178.57142857,23.34525939,35.06261181,5.45617174,8,2.54949103122807,3.1378812092335395,17.44604317,Palacio,Centro,100.0,100.0,100.0,44,42.61056486863117,68.11435745718536,True,False,False,False,False
01,013,01064,191.02252163,44.87578288,6.58385093,18.13664596,26.71232877,275.47169811,36.30136986,32.83828383,105.42372881,34.54545455,166.66666667,27.54342432,42.80397022,7.19602978,39,4.219397760547983,9.24302524039236,18.13664596,Cortes,Centro,100.0,100.0,100.0,69,21.357214238278296,53.15283360024757,True,False,False,False,False
01,011,01018,117.56976476,47.39260069,6.80115274,22.3054755,36.17571059,327.96610169,30.49095607,41.05691057,79.8245614,33.33333333,182.60869565,17.49856569,26.90763052,5.67986231,80,14.825240175439223,5.396202628307832,22.3054755,Palacio,Centro,95.41666666666667,100.0,100.0,240,33.701163235757065,82.03833501540147,True,False,False,False,False
01,012,01026,302.23270523,43.42997642,7.29303548,16.1629435,23.57723577,221.62162162,45.12195122,30.67010309,98.97435897,43.47826087,100.0,33.2460733,44.56806283,11.84554974,10,5.055706988451193,1.977962730601894,16.1629435,Embajadores,Centro,81.70731707317073,100.0,100.0,82,59.75667753360908,115.64675065163044,True,False,False,False,False
01,013,01065,387.12523948,45.40681552,4.85312899,17.75223499,29.49640288,365.78947368,27.3381295,29.20792079,99.34210526,30.6122449,133.33333333,28.6259542,42.62086514,6.48854962,3,2.0303506975202157,1.4775772499125757,17.75223499,Cortes,Centro,96.875,100.0,100.0,32,39.117669355106266,77.07289565942507,True,False,False,False,False
01,013,01067,264.86254793,43.78307225,6.5428824,15.64986737,27.68361582,239.18918919,41.8079096,28.52272727,96.86800895,54.38596491,100.0,33.1277533,48.37004405,12.24669604,21,4.285241567227055,4.900540534425211,15.64986737,Cortes,Centro,97.05882352941177,100.0,100.0,68,34.05444475335463,77.60394211463026,True,False,False,False,False
01,013,01068,252.45881304,45.50401,5.28301887,20.12578616,21.875,380.95238095,26.25,34.06408094,105.19031142,47.27272727,106.66666667,30.375,44.5,9.875,10,3.168833721368118,3.155735162930096,20.12578616,Cortes,Centro,92.3076923076923,100.0,100.0,52,42.25690208025773,95.17114136968723,True,False,False,False,False
01,011,01009,210.62700173,44.83646547,9.02151284,19.43095073,27.85714286,215.38461538,46.42857143,39.76721629,94.52830189,32.25806452,76.19047619,24.86187845,33.90883978,9.39226519,16,6.874712112538899,2.327370184828153,19.43095073,Palacio,Centro,95.37037037037037,100.0,100.0,108,59.290739298137794,92.21177193856434,True,False,False,False,False
01,013,01071,145.32459311,45.33666709,6.96202532,20.37974684,29.8136646,292.72727273,34.16149068,37.63066202,102.11267606,45.76271186,137.5,27.63819095,40.57788945,8.91959799,21,5.477393626030911,3.8339402704598484,20.37974684,Cortes,Centro,67.44186046511628,100.0,100.0,86,84.08250324271808,125.47202768784658,True,False,False,False,False
01,011,01008,266.56631062,49.50153805,6.15796519,26.10441767,27.69230769,423.91304348,23.58974359,47.6284585,75.08650519,25.0,60.0,17.89052069,32.30974633,5.74098798,2,2.8098074294318613,0.7117925517067897,26.10441767,Palacio,Centro,93.61702127659575,100.0,100.0,47,55.58858965646224,93.08945491649075,True,False,False,False,False
01,013,01069,232.39018899,40.89923289,5.45829042,11.32852729,25.45454545,207.54716981,48.18181818,20.17326733,141.19402985,37.5,94.73684211,37.79366701,54.13687436,15.32175689,46,4.2127423891520825,10.919253006889564,11.32852729,Cortes,Centro,98.57142857142858,100.0,100.0,70,56.93476224580179,91.3855034350174,True,False,False,False,False
01,011,01007,379.44016731,45.92390048,6.76328502,21.25603865,27.27272727,314.28571429,31.81818182,38.9261745,92.8802589,38.18181818,50.0,22.78177458,32.4940048,5.27577938,12,2.1979749953760788,5.45957075273587,21.25603865,Palacio,Centro,100.0,100.0,100.0,34,29.189311699760264,58.492379846435576,True,False,False,False,False
01,011,01006,356.04818457,46.96323059,6.01719198,22.06303725,27.01298701,366.66666667,27.27272727,39.0438247,81.0966811,38.28125,195.0,22.48858447,35.2739726,7.99086758,16,4.920682300655004,3.2515815942578126,22.06303725,Palacio,Centro,96.1038961038961,100.0,100.0,77,51.27020577341435,92.53914864117382,True,False,False,False,False
01,013,01072,65.77534086,44.46170708,6.23794212,17.10610932,22.55639098,274.22680412,36.46616541,30.45302013,99.33110368,39.0,92.0,30.8232291,43.33120613,9.50861519,160,23.823517743413756,6.716052672122007,17.10610932,Cortes,Centro,90.78947368421053,100.0,100.0,380,42.13322549005692,97.50640275840804,False,False,False,False,False
01,011,01004,251.5365286,47.07377027,6.63650075,23.3785822,22.90322581,352.27272727,28.38709677,42.88793103,86.34538153,41.28440367,100.0,21.92192192,32.58258258,8.78378378,4,5.295453536811024,0.7553649507439245,23.3785822,Palacio,Centro,88.23529411764706,100.0,100.0,85,57.20614739630496,101.56271110799517,True,False,False,False,False
01,014,01074,209.77575199,42.8168024,5.82232893,13.38535414,30.04484305,229.89690722,43.49775785,23.79182156,115.54487179,36.08247423,125.0,33.75224417,50.86774387,14.12327947,44,7.965648956655139,5.523718185351225,13.38535414,Justicia,Centro,97.61904761904762,100.0,100.0,126,34.654621653438014,78.25077184581025,True,False,False,False,False
01,014,01076,431.75512183,43.08058455,5.90809628,14.29613421,27.04081633,241.97530864,41.32653061,25.31992687,118.8,43.90243902,92.30769231,38.8483965,53.35276968,17.56559767,24,3.1777272130304546,7.5525677287800566,14.29613421,Justicia,Centro,100.0,100.0,100.0,51,47.89942170805898,72.62075185525117,True,False,False,False,False
01,014,01077,356.87646204,44.63820663,7.06521739,18.16770186,32.90598291,257.14285714,38.88888889,33.74870197,103.59408034,41.66666667,66.66666667,23.67000771,37.08558211,6.86198921,2,3.6343108553466794,0.5503106585001295,18.16770186,Justicia,Centro,82.45614035087719,100.0,100.0,57,75.20622580589524,110.59542378532358,True,False,False,False,False
01,011,01003,259.43409425,43.71342318,5.11727079,16.73773987,28.02547771,327.08333333,30.57324841,27.96725784,127.63975155,48.0,96.66666667,34.44976077,46.83678894,18.23498139,45,7.250396311296296,6.206557278791629,16.73773987,Palacio,Centro,95.76271186440678,100.0,100.0,118,43.33974603233476,92.41946319545977,True,False,False,False,False
01,011,01001,17.86085584,47.33614154,6.31844987,24.01010952,26.66666667,380.0,26.31578947,43.53083434,94.58823529,35.16483516,116.66666667,25.12562814,35.34338358,10.13400335,414,66.85010004456163,6.19296006623822,24.01010952,Palacio,Centro,76.2218045112782,87.5,94.92481203007519,1064,45.32604685465692,162.99560841534353,False,False,False,False,False
01,011,01002,311.65959664,43.27607459,4.31235431,15.38461538,23.48484848,356.75675676,28.03030303,24.56395349,138.88888889,54.90196078,188.88888889,27.00814901,41.79278231,12.92200233,1,2.756212256098444,0.36281675977145167,15.38461538,Palacio,Centro,42.22222222222222,91.11111111111111,100.0,45,113.21542739336273,149.10187101567607,True,False,False,False,False
01,014,01075,423.3263293,43.44980481,4.16362308,14.02483565,26.04166667,336.84210526,29.6875,22.23214286,120.03929273,46.46464646,127.27272727,37.65477058,53.45957757,17.18863802,1,3.243360747921294,0.3083221626335927,14.02483565,Justicia,Centro,88.67924528301887,100.0,100.0,53,64.64280083616231,102.60581057787492,True,False,False,False,False
01,015,01095,443.32958247,43.23682706,4.46927374,13.05865922,23.52941176,292.1875,34.22459893,21.25317528,112.41007194,48.35164835,69.56521739,31.24128312,47.28033473,10.80892608,4,3.2346138329366525,1.2366236609977228,13.05865922,Universidad,Centro,100.0,100.0,100.0,52,50.61625397244818,84.40361196621333,True,False,False,False,False
01,015,01096,504.85218078,42.97195896,6.29107981,13.42723005,24.47552448,213.43283582,46.85314685,24.56140351,103.08788599,61.29032258,88.88888889,33.02238806,46.92164179,18.19029851,0,2.1233938186351065,0.0,13.42723005,Universidad,Centro,85.29411764705883,100.0,100.0,34,75.09931125674451,108.22859173694933,True,False,False,False,False
01,014,01073,113.27775412,44.90631691,7.8255675,16.96535245,30.98591549,216.79389313,46.12676056,32.96266878,83.52769679,25.0,113.51351351,21.95845697,37.56676558,4.92581602,34,14.874941802096929,2.285723228524296,16.96535245,Justicia,Centro,88.75,100.0,100.0,240,58.119387933113444,102.6006846500536,True,False,False,False,False
01,014,01081,454.33092673,42.51867056,5.19480519,13.44155844,23.67149758,258.75,38.647343,22.90502793,123.75,47.77777778,79.16666667,35.66796368,48.50843061,15.95330739,2,3.3940018371592546,0.5892748725421963,13.44155844,Justicia,Centro,67.3076923076923,96.15384615384616,100.0,52,80.35314626307765,137.27463520333433,True,False,False,False,False
01,015,01097,548.44223617,43.70308797,5.65127498,16.40248105,25.21008403,290.24390244,34.45378151,28.29354553,112.59398496,54.16666667,80.95238095,28.59106529,43.91752577,11.34020619,1,2.6529685426407332,0.3769362447866087,16.40248105,Universidad,Centro,81.3953488372093,100.0,100.0,43,75.36691117437861,107.86406331531067,True,False,False,False,False
01,014,01079,401.62449305,41.44001416,7.35390676,13.13197636,26.0,178.57142857,56.0,25.78512397,109.34256055,41.30434783,160.71428571,32.02572347,43.47266881,12.09003215,8,3.8717758177754944,2.066235333996262,13.13197636,Justicia,Centro,81.25,100.0,100.0,64,69.88473661393178,109.90769541911524,True,False,False,False,False
01,015,01098,681.68041118,42.99256799,5.16666667,12.83333333,22.07792208,248.38709677,40.25974026,21.95121951,103.30578512,48.31460674,90.0,32.8358209,46.26865672,16.08623549,2,1.7691574823408176,1.130481610576436,12.83333333,Universidad,Centro,,,,29,,,False,False,False,False,False
01,015,01111,279.01733367,42.44639819,7.01219512,17.17479675,24.26035503,244.92753623,40.82840237,31.90348525,131.67701863,82.0,100.0,28.3266129,39.91935484,13.00403226,2,3.5553346702359567,0.5625349469188694,17.17479675,Universidad,Centro,100.0,100.0,100.0,56,48.77987493762137,75.67572889002001,True,False,False,False,False
01,015,01099,560.13215056,42.62094212,6.02941176,13.45588235,22.95081967,223.17073171,44.80874317,24.20091324,117.26190476,30.76923077,76.92307692,30.91575092,45.42124542,13.77289377,0,2.436924926785441,0.0,13.45588235,Universidad,Centro,18.421052631578945,57.89473684210527,100.0,38,143.1896652582563,178.37966109852394,True,False,False,False,False
01,015,01094,469.99731796,42.04910886,7.24458204,13.80804954,22.42152466,190.5982906,52.46636771,26.66666667,115.37162162,44.79166667,81.57894737,32.65682657,45.63345633,13.5301353,7,3.459594210162967,2.023358687396537,13.80804954,Universidad,Centro,96.36363636363636,100.0,100.0,55,53.155808713729655,88.15081519128948,True,False,False,False,False
01,014,01082,331.92462073,43.01781873,5.86932447,14.34108527,33.2046332,244.33962264,40.92664093,25.3296322,114.11589896,72.95081967,58.53658537,34.82093664,47.87878788,14.38016529,1,5.468108982141801,0.18287857891382234,14.34108527,Justicia,Centro,51.64835164835166,84.61538461538461,100.0,91,97.01248785596727,155.18060832479992,True,False,False,False,False
01,015,01101,590.07695992,42.50143626,5.80747812,13.60381862,26.9005848,234.24657534,42.69005848,24.08687068,120.2173913,40.90909091,88.46153846,35.07521774,48.37688044,13.38083927,0,2.1403987713345423,0.0,13.60381862,Universidad,Centro,91.17647058823529,100.0,100.0,34,70.9403943662116,95.18322267399734,True,False,False,False,False
01,015,01100,490.36032203,42.69817857,5.53295362,14.07648495,24.85549133,254.41176471,39.30635838,24.39271255,119.55555556,59.25925926,109.09090909,29.22077922,41.88311688,13.63636364,6,2.5124381901257125,2.3881184514631917,14.07648495,Universidad,Centro,84.61538461538461,100.0,100.0,39,55.669758397327904,102.62888312265147,True,False,False,False,False
01,014,01084,130.67943387,45.96604578,6.65787739,20.96242584,30.50314465,314.85148515,31.76100629,38.16029144,92.29422067,53.7037037,138.46153846,21.32112492,36.82145193,5.49378679,68,11.700387388518068,5.811773383395013,20.96242584,Justicia,Centro,93.12169312169311,100.0,100.0,189,43.80785888366772,93.16134616076472,True,False,False,False,False
01,015,01110,217.19009479,44.07441831,5.12223516,17.112922,29.25170068,334.09090909,29.93197279,28.59281437,118.30065359,51.72413793,100.0,28.50521437,39.62920046,13.32560834,21,3.9734777078165884,5.28504286275194,17.112922,Universidad,Centro,80.3030303030303,100.0,100.0,66,71.61679176045763,110.31409702122681,True,False,False,False,False
01,015,01109,605.8042704,43.25341582,7.21544715,17.37804878,28.07017544,240.84507042,41.52046784,32.61455526,123.4939759,50.0,81.48148148,24.84787018,37.8296146,13.38742394,8,1.6275883947706795,4.915247629992574,17.37804878,Universidad,Centro,,,,24,,,False,False,False,False,False
01,015,01104,550.55298603,41.66660618,5.57768924,12.35059761,27.74193548,221.42857143,45.16129032,21.84466019,128.88888889,45.58823529,141.17647059,27.81299525,38.98573693,11.33122029,22,2.292240768874679,9.59759563599437,12.35059761,Universidad,Centro,100.0,100.0,100.0,40,17.64007261663768,31.967422263648775,True,False,False,False,False
01,015,01093,566.99811228,41.81542767,5.30638029,12.5078964,23.73737374,235.71428571,42.42424242,21.67563413,132.73703041,47.42268041,108.69565217,33.77358491,47.54716981,14.02515723,10,2.8042421404304676,3.566025863395998,12.5078964,Universidad,Centro,100.0,100.0,100.0,47,46.735358134350726,78.00976123384773,True,False,False,False,False
01,014,01087,201.32862492,42.4481019,8.58156028,14.60992908,30.58252427,170.24793388,58.73786408,30.19390582,107.86948177,53.19148936,131.25,26.21222769,38.1588194,6.74631061,43,7.068046089155784,6.083718110719899,14.60992908,Justicia,Centro,94.54545454545455,100.0,100.0,110,42.776910601932556,90.95011808105718,True,False,False,False,False
01,015,01102,290.7027692,43.11916722,6.78807947,14.90066225,35.0,219.51219512,45.55555556,27.69556025,122.0657277,42.42424242,92.59259259,33.11367381,44.56342669,16.96869852,35,4.17608680966418,8.38105183038916,14.90066225,Universidad,Centro,100.0,100.0,100.0,65,34.46350767147854,66.3660644647112,True,False,False,False,False
01,014,01088,220.0982558,44.18221109,5.94965675,14.49275362,33.68421053,243.58974359,41.05263158,25.69511026,92.08103131,33.98058252,162.5,22.77904328,32.49810175,5.77069096,38,5.9836912165711444,6.350595079967257,14.49275362,Justicia,Centro,100.0,100.0,100.0,97,40.39981435592474,72.24633439791963,True,False,False,False,False
01,015,01092,760.05294588,42.97263864,7.57575758,16.41414141,21.53846154,216.66666667,46.15384615,31.56146179,106.87285223,65.78947368,127.77777778,28.48180678,43.78920954,11.79422836,0,1.0486111583698567,0.0,16.41414141,Universidad,Centro,,,,17,,,False,False,False,False,False
01,015,01105,387.85112812,42.8355781,6.7848882,14.57208944,33.33333333,214.77272727,46.56084656,27.15686275,107.31707317,40.29850746,87.87878788,21.66921899,33.00153139,6.50842266,26,3.3672713711455473,7.721385399108711,14.57208944,Universidad,Centro,100.0,100.0,100.0,54,25.02264989849752,45.95423452217712,True,False,False,False,False
01,014,01089,438.56342969,44.25594234,8.89175258,19.32989691,38.66666667,217.39130435,46.0,39.31777379,113.00191205,48.38709677,80.43478261,28.12299808,40.1024984,11.97950032,7,3.5593483047730516,1.9666521510730117,19.32989691,Justicia,Centro,98.24561403508771,100.0,100.0,57,50.04467704052253,82.08678624533889,True,False,False,False,False
01,015,01090,319.00642599,45.04429933,6.87711387,19.0529876,38.46153846,277.04918033,36.09467456,35.06097561,115.08196721,26.41509434,68.42105263,27.32362822,37.06606943,9.63045913,12,2.7993166508851175,4.286760483565057,19.0529876,Universidad,Centro,100.0,100.0,100.0,45,38.39199329284426,78.03119605775261,True,False,False,False,False
01,015,01108,128.8368948,44.37433908,7.67004342,17.51085384,29.75206612,228.30188679,43.80165289,33.655706,91.83673469,44.18604651,103.57142857,22.91666667,34.48275862,11.70977011,30,10.804358504188244,2.776657215545993,17.51085384,Universidad,Centro,70.93023255813954,100.0,100.0,172,79.74291770073452,118.62779565358883,True,False,False,False,False
01,015,01091,448.64714379,43.63228665,6.67293233,16.44736842,30.28571429,246.47887324,40.57142857,30.07334963,105.01253133,52.54237288,113.33333333,25.21008403,36.41456583,8.68347339,7,2.387176681782901,2.9323342731263353,16.44736842,Universidad,Centro,100.0,100.0,100.0,38,34.83956551147482,71.7426547535331,True,False,False,False,False
01,015,01103,394.39280834,46.73207041,6.77603424,23.60912981,40.48338369,348.42105263,28.70090634,43.64754098,108.99357602,47.69230769,114.81481481,18.99004267,31.79231863,6.82788051,12,3.564973727387854,3.366083712710192,23.60912981,Universidad,Centro,100.0,100.0,100.0,56,29.292312757612194,75.42144556156998,True,False,False,False,False
01,015,01106,558.29569605,45.12753294,9.4548552,23.7649063,30.82437276,251.35135135,39.78494624,49.74489796,114.20765027,44.06779661,71.42857143,17.22972973,25.08445946,4.64527027,5,2.1207399741392763,2.3576676353400186,23.7649063,Universidad,Centro,100.0,100.0,100.0,31,36.78210706251595,78.4189677311675,True,False,False,False,False
01,015,01107,138.82072983,46.72337171,8.09917355,25.37190083,31.59609121,313.26530612,31.9218241,50.37313433,114.97326203,32.87671233,132.0,14.87263763,24.65078061,5.91618735,26,8.766702217445813,2.9657674408353665,25.37190083,Universidad,Centro,97.88732394366197,100.0,100.0,142,35.90976766117892,73.89699162864399,True,False,False,False,False
02,024,02048,509.39713182,43.72058904,10.47077922,18.10064935,31.39013453,172.86821705,57.84753363,40.0,95.12195122,41.25,75.0,21.11200645,36.26107977,12.73166801,4,2.436213167443663,1.6418924474483612,18.10064935,Legazpi,Arganzuela,100.0,100.0,100.0,39,37.27682524012856,57.98717035986903,True,False,False,False,False
02,024,02049,217.77822508,45.02914799,11.58021713,20.98914355,17.81609195,181.25,55.17241379,48.30053667,72.26502311,47.55244755,61.64383562,5.99161174,12.0431396,3.71479928,102,7.66375961373678,13.309394493163873,20.98914355,Legazpi,Arganzuela,96.58119658119658,100.0,100.0,117,26.278698598385926,75.84015474552277,True,False,False,False,False
02,023,02046,607.07934708,43.35128345,9.38931298,16.33587786,30.8411215,173.98373984,57.47663551,34.63514902,99.79466119,40.47619048,97.2972973,22.52456538,43.3106576,15.26832955,3,2.1792867874259043,1.376597158900547,16.33587786,Chopera,Arganzuela,100.0,100.0,100.0,35,45.84513169356729,79.57643611924225,True,False,False,False,False
02,025,02050,621.32296539,43.26068182,10.78431373,20.83333333,22.94117647,193.18181818,51.76470588,46.23655914,119.68503937,38.29787234,103.50877193,26.18181818,40.48484848,18.12121212,4,2.6556237124685866,1.5062374918627768,20.83333333,Delicias,Arganzuela,100.0,100.0,100.0,44,35.52955413751664,55.1898346835081,True,False,False,False,False
02,023,02044,634.86510047,44.33216228,11.63175303,19.51488423,34.18079096,167.77251185,59.60451977,45.23618895,88.38612368,37.69230769,80.24691358,19.68201754,35.63596491,13.43201754,9,2.873051296492045,3.132558061524649,19.51488423,Chopera,Arganzuela,100.0,100.0,100.0,45,40.696830343410745,84.23110933807708,True,False,False,False,False
02,023,02045,603.34923195,42.52051211,11.45175834,16.9522092,32.9787234,148.03149606,67.55319149,39.67254408,112.86863271,25.35211268,91.30434783,22.78026906,38.47533632,14.61883408,4,1.8480176006629074,2.1644815496157337,16.9522092,Chopera,Arganzuela,100.0,100.0,100.0,30,36.052623492726696,61.92236153818734,True,False,False,False,False
02,023,02042,638.31965132,46.55121966,9.60795141,24.9033683,31.48558758,259.1954023,38.58093126,52.69814503,97.33777038,33.33333333,112.0,15.54091159,26.46897309,9.66501922,14,2.852802661240832,4.907454760263955,24.9033683,Chopera,Arganzuela,100.0,100.0,100.0,48,29.252765147432644,64.5101380206081,True,False,False,False,False
02,025,02055,742.88738434,46.07454626,10.0567721,23.84428224,38.0952381,237.09677419,42.17687075,51.28834356,91.31455399,50.0,102.77777778,14.56154465,23.65245374,8.84955752,4,1.673201115277222,2.390627141876645,23.84428224,Delicias,Arganzuela,,,,27,,,False,False,False,False,False
02,023,02043,671.24111539,46.06777041,8.0495356,23.01341589,33.1838565,285.8974359,34.97757848,45.05988024,104.90797546,31.14754098,75.86206897,18.36734694,31.63265306,12.65306122,3,1.4599820802526977,2.0548197409935,23.01341589,Chopera,Arganzuela,,,,23,,,False,False,False,False,False
02,025,02056,671.73570072,45.72872178,8.57142857,20.80357143,34.33476395,242.70833333,41.20171674,41.64556962,100.0,38.88888889,128.0,19.53818828,28.95204263,11.36767318,10,1.6762545131751763,5.965681178723815,20.80357143,Delicias,Arganzuela,,,,25,,,False,False,False,False,False
02,023,02047,59.10740809,43.22649937,8.86637112,15.13616213,34.72803347,170.71428571,58.57740586,31.58333333,93.86106624,53.65853659,97.72727273,27.20403023,45.90680101,17.69521411,100,26.866344698839786,3.722128972919731,15.13616213,Chopera,Arganzuela,73.41176470588235,93.17647058823529,99.29411764705883,425,63.64730018598799,138.06040416537806,False,False,False,False,False
02,025,02051,161.64497374,44.5386102,13.59561753,21.56374502,30.71593533,158.60805861,63.04849885,54.22427035,76.42276423,51.69491525,85.05747126,10.84695394,16.93907875,5.29965329,49,12.490335784947636,3.923033042798651,21.56374502,Delicias,Arganzuela,88.61386138613861,100.0,100.0,202,50.700423393019925,102.151589922343,True,False,False,False,False
02,023,02040,759.25108256,47.09800467,10.35693388,26.15564658,27.06935123,252.54237288,39.59731544,57.51152074,87.71626298,21.21212121,136.73469388,12.02568593,21.94979568,5.72095738,6,2.256170638879631,2.6593733189345463,26.15564658,Chopera,Arganzuela,100.0,100.0,100.0,38,43.49160796592738,71.76600759529803,True,False,False,False,False
02,025,02054,621.25832698,44.22909051,10.57268722,20.44052863,24.13793103,193.33333333,51.72413793,44.95530013,89.58837772,22.78481013,86.04651163,16.88424717,30.37423847,10.35683203,3,1.8494721923144164,1.6220844046569964,20.44052863,Delicias,Arganzuela,,,,28,,,False,False,False,False,False
02,025,02057,640.81977356,43.50277857,10.72596468,19.22825376,28.23129252,179.26829268,55.78231293,42.76377218,102.45746692,38.23529412,137.20930233,24.02597403,38.05194805,16.62337662,7,2.4031717864157947,2.912817152551601,19.22825376,Delicias,Arganzuela,100.0,100.0,100.0,40,40.978876754422345,74.40575444719173,True,False,False,False,False
02,025,02052,358.22287056,41.7353683,13.40083383,12.32876712,19.80676329,92.0,108.69565217,34.64314354,68.74154263,56.84931507,81.15942029,5.00883913,9.72304066,1.70889806,14,4.737274304472714,2.9552859091950516,12.32876712,Delicias,Arganzuela,100.0,100.0,100.0,75,41.85926540212504,65.88698646975696,True,False,False,False,False
02,023,02038,615.12947316,46.6737573,8.66359447,23.87096774,52.8957529,275.53191489,36.29343629,48.22404372,106.77966102,29.6875,100.0,19.06934307,25.27372263,11.67883212,21,1.7817387197643315,11.78623990546585,23.87096774,Chopera,Arganzuela,100.0,100.0,100.0,30,17.274470652745066,44.266436355213095,True,False,False,False,False
02,023,02037,404.99007067,47.85047045,9.96860283,25.51020408,46.46153846,255.90551181,39.07692308,54.98783455,80.65934066,35.16483516,117.94871795,8.47589425,15.39657854,3.4214619,3,3.1753864925120143,0.944766883361884,25.51020408,Chopera,Arganzuela,79.59183673469387,100.0,100.0,49,64.22689545591058,116.10438597902046,True,False,True,False,False
02,023,02039,623.15817757,44.67949217,12.79683377,22.823219,31.79190751,178.35051546,56.06936416,55.32786885,84.1509434,80.64516129,113.79310345,11.22715405,19.32114883,4.4386423,12,1.229222415063373,9.76226910032497,22.823219,Chopera,Arganzuela,,,,19,,,False,False,False,False,False
02,022,02091,541.02371742,48.10811563,9.38924339,28.07657247,23.37662338,299.02912621,33.44155844,59.91253644,77.26098191,29.41176471,127.5862069,6.86540199,11.833785,2.61969286,1,2.046121019021633,0.488729645364846,28.07657247,Acacias,Arganzuela,93.93939393939394,100.0,100.0,33,64.85065458410725,96.47344787092769,True,False,False,False,False
02,023,02036,562.29395144,47.34262368,11.09925293,26.25400213,39.02439024,236.53846154,42.27642276,59.62521295,76.27627628,25.0,144.82758621,9.30232558,16.27906977,4.22832981,4,1.6823940531180808,2.3775642766845038,26.25400213,Chopera,Arganzuela,,,,28,,,False,False,False,False,False
02,025,02058,730.55778267,44.70749813,8.04020101,20.16331658,32.71028037,250.78125,39.87538941,39.28258968,106.31768953,51.08695652,76.59574468,24.25,37.6875,16.5,2,2.1901073918477696,0.9131972283389364,20.16331658,Delicias,Arganzuela,78.78787878787878,100.0,100.0,33,70.16768772010576,106.49118274854014,True,False,False,False,False
02,023,02041,713.73689078,43.94391812,9.45880059,16.38225256,30.95238095,173.19587629,57.73809524,34.84549638,92.7756654,28.57142857,75.36231884,23.0620155,36.04651163,14.38953488,15,2.8918219397937106,5.187041357418442,16.38225256,Chopera,Arganzuela,100.0,100.0,100.0,45,23.924267281841402,52.256071027029414,True,False,False,False,False
02,025,02059,579.42551526,46.70425714,8.50144092,25.21613833,28.0,296.61016949,33.71428571,50.86956522,105.35714286,36.53846154,52.0,17.28571429,26.42857143,10.14285714,3,1.2080931570345166,2.483252208268478,25.21613833,Delicias,Arganzuela,,,,22,,,False,False,False,False,False
02,023,02034,705.35804519,46.50264732,11.39954853,24.49209932,32.71889401,214.85148515,46.5437788,55.98591549,85.62091503,28.37837838,71.05263158,8.70535714,19.41964286,3.79464286,2,1.2702768560020246,1.574459922299657,24.49209932,Chopera,Arganzuela,,,,21,,,False,False,False,False,False
02,023,02035,759.97572265,45.48883431,12.46319921,24.23945044,37.65182186,194.48818898,51.41700405,57.98449612,88.59649123,48.52941176,111.9047619,14.52241715,24.85380117,7.50487329,3,1.3500431256139926,2.222151235824867,24.23945044,Chopera,Arganzuela,,,,20,,,False,False,False,False,False
02,025,02060,567.4107587,45.50605046,9.8094566,23.78263938,30.56379822,242.44604317,41.2462908,50.58448459,107.26872247,40.96385542,82.35294118,19.13104415,28.03083392,10.86194814,2,2.5149329266580898,0.7952498370036666,23.78263938,Delicias,Arganzuela,65.85365853658537,97.5609756097561,100.0,41,81.22129339005797,133.1051381432733,True,False,False,False,False
02,022,02029,564.15408575,41.93460881,6.51890482,14.34159061,28.18181818,220.0,45.45454545,26.35914333,125.65055762,73.52941176,78.57142857,24.35233161,41.96891192,16.06217617,5,1.3684204714565034,3.653847705653043,14.34159061,Acacias,Arganzuela,,,,21,,,False,False,False,False,False
02,023,02033,756.38100623,44.82217131,12.72141707,24.23510467,20.26578073,190.50632911,52.49169435,58.62068966,92.85714286,28.78787879,83.63636364,9.64143426,15.61752988,4.86055777,1,1.6592167038196752,0.6026940288739286,24.23510467,Chopera,Arganzuela,,,,27,,,False,False,False,False,False
02,022,02017,383.11899481,48.98413681,8.91829689,32.45109321,13.29787234,363.87096774,27.4822695,70.55937193,86.63003663,25.51724138,94.54545455,6.63995421,10.58958214,3.03377218,34,4.559940967827488,7.456236876724035,32.45109321,Acacias,Arganzuela,100.0,100.0,100.0,73,33.2404121517927,65.51088175335568,True,False,False,False,False
02,022,02086,427.88814047,47.65421619,10.6466877,28.31230284,22.28412256,265.92592593,37.60445682,63.9068564,79.76744186,32.5,93.02325581,10.52631579,15.86802828,3.92772977,25,2.9750766137366846,8.40314494240876,28.31230284,Acacias,Arganzuela,100.0,100.0,100.0,48,22.987595575123436,42.286280757836785,True,False,False,False,False
02,025,02053,300.70206554,48.30903629,8.44311377,28.50299401,26.68067227,337.58865248,29.62184874,58.59449193,87.03374778,25.0,94.0,8.98274836,14.99107674,3.56930399,11,5.590250924824203,1.9677113152744423,28.50299401,Delicias,Arganzuela,94.3820224719101,100.0,100.0,89,55.99462920695746,89.86978979987171,True,False,False,False,False
02,025,02061,553.53339855,43.04450285,10.0,15.40229885,30.59701493,154.02298851,64.92537313,34.05238829,91.44542773,40.74074074,95.65217391,18.58608894,30.44469783,10.71835804,2,1.58436690958623,1.2623338621243458,15.40229885,Delicias,Arganzuela,,,,25,,,False,False,False,False,False
02,022,02088,716.88177543,45.94513422,8.7928465,23.24888227,39.74358974,264.40677966,37.82051282,47.14912281,103.57142857,32.5,115.0,11.94690265,22.27138643,5.75221239,2,0.9457626393063782,2.1146955027392487,23.24888227,Acacias,Arganzuela,,,,16,,,False,False,False,False,False
02,022,02028,731.17156831,42.80581458,7.11297071,13.80753138,34.09090909,194.11764706,51.51515152,26.45502646,116.61891117,37.73584906,114.28571429,29.375,44.89583333,18.22916667,1,1.3129613371302935,0.7616370503229553,13.80753138,Acacias,Arganzuela,,,,20,,,False,False,False,False,False
02,025,02062,581.67138483,43.92334483,7.44680851,18.27852998,29.1005291,245.45454545,40.74074074,34.63541667,106.4516129,64.0,100.0,20.49808429,38.40996169,12.83524904,6,1.7948278482073587,3.342938993281551,18.27852998,Delicias,Arganzuela,,,,27,,,False,False,False,False,False
02,023,02032,475.42960742,47.00878711,12.66968326,28.50678733,31.74603175,225.0,44.44444444,70.0,89.32038835,25.64102564,93.10344828,11.84407796,17.69115442,4.64767616,13,1.4029416544338642,9.26624422256958,28.50678733,Chopera,Arganzuela,,,,22,,,False,False,False,False,False
02,025,02063,440.16947107,44.1589836,8.71613663,18.72791519,26.72955975,214.86486486,46.5408805,37.82467532,101.30718954,45.45454545,115.55555556,17.69185706,28.23667252,10.31048623,19,3.878051778185414,4.899367282014559,18.72791519,Delicias,Arganzuela,92.1875,100.0,100.0,64,40.284283890618966,92.30175487227055,True,False,False,False,False
02,022,02031,700.48695977,51.37981016,8.95953757,39.4026975,12.22493888,439.78494624,22.73838631,93.65671642,82.31292517,30.98591549,60.0,4.50623202,8.72483221,1.53403643,18,1.48896419190841,12.088940820617951,39.4026975,Acacias,Arganzuela,,,,24,,,False,False,False,False,False
02,022,02030,700.65915361,47.59032162,11.91791634,28.88713496,32.24043716,242.38410596,41.2568306,68.93333333,77.72511848,33.33333333,137.20930233,7.4941452,13.81733021,4.29352069,8,1.8282784052815368,4.37570119347774,28.88713496,Acacias,Arganzuela,,,,29,,,False,False,False,False,False
02,022,02085,428.38560672,49.70618708,10.65088757,38.71513102,13.10043668,363.49206349,27.51091703,97.49582638,83.74233129,45.3125,121.42857143,6.04026846,10.23489933,2.09731544,14,2.7825397989766287,5.0313745755402906,38.71513102,Acacias,Arganzuela,100.0,100.0,100.0,43,38.30615226014091,60.294146494095656,True,False,False,False,False
02,022,02027,453.88065438,49.95079831,9.06183369,33.36886994,22.68370607,368.23529412,27.15654952,73.7037037,72.52396166,24.32432432,100.0,8.55332629,12.98838437,3.27349525,29,2.086451561364743,13.899196385384172,33.36886994,Acacias,Arganzuela,90.9090909090909,100.0,100.0,33,31.229661685156326,93.44486297524094,True,False,False,False,False
02,026,02066,406.68235369,45.14283733,8.49094567,19.11468813,21.05263158,225.11848341,44.42105263,38.13229572,83.01119023,41.96428571,74.32432432,15.4676259,24.02078337,9.55235811,9,6.152221696645736,1.4628861643439974,19.11468813,Palos de la Frontera,Arganzuela,89.58333333333334,100.0,100.0,96,57.03862356408638,100.3353224885565,True,False,False,False,False
02,026,02065,545.12058457,45.05676835,7.23894939,19.7950032,28.4789644,273.45132743,36.56957929,37.0500439,110.14760148,32.96703297,127.5862069,22.33567326,34.2693044,11.16783663,20,2.874593336538024,6.957505865538086,19.7950032,Palos de la Frontera,Arganzuela,100.0,100.0,100.0,48,24.880624121522004,53.4643922245917,True,False,False,False,False
02,026,02064,592.25803834,46.53941284,8.63394441,23.71377883,33.66583541,274.65753425,36.40897756,47.81468531,97.24137931,41.9047619,72.34042553,15.31213192,23.61601885,8.1861013,22,2.866993590794878,7.673543488424915,23.71377883,Palos de la Frontera,Arganzuela,100.0,100.0,100.0,45,32.26658488331696,72.06948133007582,True,False,False,False,False
02,022,02016,78.1447098,46.89822812,12.81790437,27.51780264,33.08687616,214.68253968,46.58040665,67.60443308,74.55357143,58.03571429,113.23529412,6.37329287,11.17855336,2.98431968,71,25.299217374747098,2.80641092363869,27.51780264,Acacias,Arganzuela,77.83251231527095,98.0295566502463,100.0,406,61.94735412096821,116.00375802044857,False,False,False,False,False
02,022,02026,567.07485193,48.7129112,7.40452065,27.98129384,35.09749304,377.89473684,26.46239554,54.76477684,93.24009324,23.17073171,59.375,12.81853282,20.0,5.71428571,10,2.283649143663843,4.3789563855488725,27.98129384,Acacias,Arganzuela,100.0,100.0,100.0,36,25.42646717235592,54.10041816110903,True,False,False,False,False
02,022,02018,203.883571,50.50356515,9.62566845,30.91881381,42.29559748,321.21212121,31.13207547,68.19296811,67.07650273,36.20689655,69.23076923,5.64671815,9.12162162,3.23359073,112,10.16266288567811,11.020733567561091,30.91881381,Acacias,Arganzuela,100.0,100.0,100.0,166,26.332763882536817,61.192435765815205,True,False,False,False,False
02,026,02068,705.64027436,44.01382294,8.09090909,17.63636364,30.41237113,217.97752809,45.87628866,34.63892289,111.65803109,29.87012987,112.0,27.100271,43.99277326,17.61517615,1,1.5687880074873062,0.6374347555101969,17.63636364,Palos de la Frontera,Arganzuela,,,,25,,,False,False,False,False,False
02,026,02069,581.555395,46.05978667,10.80178174,22.8285078,32.68292683,211.34020619,47.31707317,50.67114094,81.70731707,25.37313433,106.66666667,13.66666667,22.55555556,7.77777778,13,1.5475739847753334,8.400244594372175,22.8285078,Palos de la Frontera,Arganzuela,,,,25,,,False,False,False,False,False
02,022,02025,656.96005716,43.86237848,10.3406326,21.53284672,20.9039548,208.23529412,48.02259887,46.78571429,108.95522388,22.0,64.86486486,20.55622733,32.52720677,14.14752116,4,1.2588284340730977,3.1775577129740364,21.53284672,Acacias,Arganzuela,,,,19,,,False,False,False,False,False
02,026,02070,315.05125729,47.37239374,8.18318318,25.3003003,33.53115727,309.17431193,32.34421365,50.33860045,90.12875536,44.44444444,97.14285714,13.79567487,23.48993289,5.96569724,74,4.256450240920119,17.385378851275703,25.3003003,Palos de la Frontera,Arganzuela,100.0,100.0,100.0,68,22.042030703230772,63.908065426390706,True,False,False,False,False
02,022,02019,363.98485154,49.60397034,7.24946695,26.93674485,21.89973615,371.56862745,26.91292876,51.94384449,66.84684685,12.6984127,50.0,4.94350282,8.26271186,1.76553672,7,3.890271790201895,1.799360141785034,26.93674485,Acacias,Arganzuela,87.09677419354838,100.0,100.0,62,54.29359887097425,106.19347190512974,True,False,False,False,False
02,022,02024,642.54464572,47.06325946,9.18246445,23.63744076,33.33333333,257.41935484,38.84711779,48.85361552,81.44,32.0,109.30232558,14.30260047,21.9858156,6.1465721,6,2.6332800549832953,2.278527112467748,23.63744076,Acacias,Arganzuela,100.0,100.0,100.0,43,37.6922299683885,62.801543697667356,True,False,False,False,False
02,026,02075,605.65267639,43.72758227,9.2463923,17.63762694,26.66666667,190.75144509,52.42424242,36.76900585,95.70815451,63.20754717,82.0,18.52441614,34.87261146,10.98726115,6,3.1106937580358793,1.9288301796022682,17.63762694,Palos de la Frontera,Arganzuela,97.95918367346938,100.0,100.0,49,50.234001433277385,83.02554357049411,True,False,False,False,False
02,026,02071,299.67702399,46.16538622,9.16305916,24.17027417,28.35820896,263.77952756,37.91044776,50.0,94.52631579,50.53763441,72.09302326,14.07035176,21.89519024,7.32232592,20,4.6483376719168215,4.302613409699355,24.17027417,Palos de la Frontera,Arganzuela,80.82191780821918,98.63013698630137,100.0,73,49.334528476505106,119.11780416572103,True,False,False,False,False
02,021,02011,94.16851235,41.96929045,13.00527241,16.93028705,19.37716263,130.18018018,76.816609,42.72575251,100.67114094,82.95454545,88.23529412,17.86961583,25.26193248,7.21769499,64,18.24389020394233,3.5080237429937076,16.93028705,Imperial,Arganzuela,87.97250859106529,100.0,100.0,291,50.218227785639044,102.20869336884026,False,False,False,False,False
02,026,02074,434.07724419,45.28124388,8.08534531,21.78551376,29.3814433,269.44444444,37.11340206,42.59407526,105.42763158,23.33333333,86.2745098,15.81291759,27.72828508,10.57906459,15,4.137512445141362,3.6253667388032498,21.78551376,Palos de la Frontera,Arganzuela,100.0,100.0,100.0,67,27.8425358037055,63.844215615263344,True,False,False,False,False
02,022,02021,709.9979597,46.21660969,6.90876882,21.87776794,30.76923077,316.66666667,31.57894737,40.42288557,97.54299754,68.42105263,84.0,15.15418502,22.2907489,8.37004405,2,1.598596143103546,1.2510977263570526,21.87776794,Acacias,Arganzuela,,,,26,,,False,False,False,False,False
02,022,02022,819.54664758,43.2261329,10.48689139,17.69662921,26.45502646,168.75,59.25925926,39.24380704,91.75,34.28571429,105.71428571,23.79182156,36.61710037,13.10408922,2,1.3129209950296024,1.5233209062628372,17.69662921,Acacias,Arganzuela,,,,22,,,False,False,False,False,False
02,022,02087,245.17460916,47.38143602,10.42253521,26.15023474,26.21184919,250.9009009,39.85637343,57.66099186,72.76214834,51.13636364,76.47058824,4.46719404,8.748255,1.86133085,62,8.765181710198085,7.07344149270339,26.15023474,Acacias,Arganzuela,100.0,100.0,100.0,141,24.618945956734613,49.726762412787856,True,False,False,False,False
02,026,02067,234.05942013,44.16630554,9.96655518,17.65886288,41.66666667,177.18120805,56.43939394,38.17005545,97.44525547,48.80952381,68.51851852,19.61307538,32.22148099,11.40760507,16,6.404356633862381,2.4982993475725,17.65886288,Palos de la Frontera,Arganzuela,100.0,100.0,100.0,103,38.81037490167397,62.316995551050546,True,False,False,False,False
02,021,02013,559.86949443,50.20202703,10.05244755,32.77972028,38.13333333,326.08695652,30.66666667,74.9235474,78.20163488,42.85714286,122.85714286,8.80557977,15.08282476,3.7489102,12,2.0486917244241476,5.857396628754868,32.77972028,Imperial,Arganzuela,100.0,100.0,100.0,32,31.21407957786092,59.81367629973942,True,False,False,False,False
02,022,02023,494.90032099,46.17695269,8.91251022,23.87571545,31.16438356,267.88990826,37.32876712,48.84287454,103.21782178,34.56790123,135.48387097,17.27791361,26.24286879,7.49796251,3,2.4792871371664873,1.2100252346844431,23.87571545,Acacias,Arganzuela,100.0,100.0,100.0,39,44.33473694487529,83.31130687701057,True,False,False,False,False
02,026,02077,775.85190588,45.92854259,7.71208226,21.25107112,29.03225806,275.55555556,36.29032258,40.77201448,89.70251716,39.24050633,78.57142857,18.39863714,31.94207836,9.88074957,3,1.5131753767628353,1.9825857901666075,21.25107112,Palos de la Frontera,Arganzuela,,,,25,,,False,False,False,False,False
02,026,02078,597.97837518,44.33229634,7.49440716,19.79865772,40.11299435,264.17910448,37.85310734,37.53846154,122.60273973,53.65853659,80.95238095,25.86015538,36.40399556,15.20532741,3,1.5067434499207781,1.99104897396948,19.79865772,Palos de la Frontera,Arganzuela,,,,25,,,False,False,False,False,False
02,026,02079,503.46154514,47.46561889,6.87960688,26.20802621,33.125,380.95238095,26.25,49.44920441,103.74064838,35.44303797,78.125,14.65798046,25.57003257,6.67752443,10,2.4391137949880934,4.099849716133812,26.20802621,Palos de la Frontera,Arganzuela,100.0,100.0,100.0,39,38.02321659127717,67.69694137350713,True,False,False,False,False
02,021,02089,605.32361177,50.09137327,11.23260437,34.49304175,31.70028818,307.07964602,32.5648415,84.24908425,73.33333333,70.0,38.29787234,7.32673267,13.16831683,3.96039604,12,1.6685289989799679,7.191963704158594,34.49304175,Imperial,Arganzuela,,,,25,,,False,False,False,False,False
02,022,02020,306.39326531,47.17737699,8.55614973,23.79679144,21.72284644,278.125,35.95505618,47.82608696,70.94594595,26.41509434,52.77777778,10.08849558,15.92920354,4.69026549,9,3.68807062011573,2.440300343196135,23.79679144,Acacias,Arganzuela,100.0,100.0,100.0,58,43.04300694740981,71.06291189366266,True,False,False,False,False
02,026,02072,232.99926341,44.56162934,8.17307692,18.93028846,27.61904762,231.61764706,43.17460317,37.18054411,100.82781457,37.23404255,83.67346939,16.64670659,24.31137725,8.98203593,7,7.167404632874714,0.9766436190714168,18.93028846,Palos de la Frontera,Arganzuela,66.95652173913044,95.65217391304348,100.0,115,81.03246263086457,135.02181235930865,True,False,False,False,False
02,026,02073,336.14145579,45.06021732,7.27777778,19.94444444,27.8551532,274.04580153,36.4902507,37.40458015,97.28915663,47.5,95.23809524,16.27137341,25.92388307,8.05295091,4,5.393562646886554,0.7416248335057365,19.94444444,Palos de la Frontera,Arganzuela,88.37209302325581,100.0,100.0,86,53.39011849267213,102.22461856484843,True,False,False,False,False
02,022,02015,326.73831933,44.21629602,11.86548223,18.71827411,25.08474576,157.7540107,63.38983051,44.05850091,78.46655791,47.47474747,100.0,11.82795699,18.02656546,5.06008855,47,4.838734566695079,9.713283370305149,18.71827411,Acacias,Arganzuela,100.0,100.0,100.0,77,21.78531845074922,61.38643384970621,True,False,False,False,False
02,021,02014,463.14058265,45.43457778,10.03430532,22.46998285,24.04580153,223.93162393,44.65648855,48.15756036,91.48418491,37.68115942,80.95238095,16.4957265,25.98290598,7.86324786,13,2.526230790045562,5.146006473844592,22.46998285,Imperial,Arganzuela,100.0,100.0,100.0,42,24.310398181464,47.51368275761859,True,False,False,False,False
02,021,02090,476.13562934,45.81065374,10.21227768,19.73608721,22.09302326,193.25842697,51.74418605,42.75184275,74.42857143,33.52272727,124.44444444,5.70450656,10.7815174,2.28180262,19,3.681724055036196,5.160625760100102,19.73608721,Imperial,Arganzuela,100.0,100.0,100.0,60,35.07440019597691,65.85091394599638,True,False,False,False,False
02,026,02081,573.88405348,47.06576332,7.51811594,22.82608696,33.33333333,303.61445783,32.93650794,43.56306892,93.70277078,32.91139241,66.66666667,20.41553749,34.32700994,10.74977416,7,1.9289610737216265,3.628896453827657,22.82608696,Palos de la Frontera,Arganzuela,100.0,100.0,100.0,33,27.070184705983454,47.50176719580465,True,False,False,False,False
02,026,02080,205.80368083,49.26728249,7.80065005,30.87757313,39.29824561,395.83333333,25.26315789,63.07420495,96.52777778,48.27586207,83.33333333,15.6820623,24.5972073,6.87432868,9,4.523728614850723,1.989509266858836,30.87757313,Palos de la Frontera,Arganzuela,100.0,100.0,100.0,71,36.00808232944289,66.37571317922655,True,False,False,False,False
02,026,02082,437.23979261,42.82461746,7.79967159,15.7635468,29.16666667,202.10526316,49.47916667,30.82706767,121.66666667,36.70886076,163.63636364,26.59053834,42.98531811,15.25285481,13,2.8039533929051625,4.636311014617387,15.7635468,Palos de la Frontera,Arganzuela,100.0,100.0,100.0,44,29.939415343159787,53.52045101062871,True,False,False,False,False
02,027,02083,39.94937176,37.21507281,13.96781924,7.94248545,21.12068966,56.8627451,175.86206897,28.05786936,130.1715439,107.75193798,85.92592593,25.11058183,35.45423613,12.35113984,152,73.56811561154942,2.0661124555994146,7.94248545,Atocha,Arganzuela,72.51908396946564,94.91094147582697,99.8303647158609,1179,67.10879003504387,133.6460776612228,False,False,False,False,False
02,021,02010,131.78268531,44.91081697,12.17464316,21.07472712,34.26294821,173.10344828,57.7689243,49.81132075,79.86425339,39.75903614,118.60465116,11.39767055,18.55241265,5.49084859,80,9.121076848671802,8.770894196736155,21.07472712,Imperial,Arganzuela,87.67123287671232,100.0,100.0,146,54.00996726406385,103.52030560172332,True,False,False,False,False
02,021,02007,531.47392827,45.25874665,16.91474966,21.92151556,54.9382716,129.6,77.16049383,63.49557522,53.22033898,44.23076923,58.0,8.1769437,11.39410188,3.88739946,2,1.4036436414075275,1.424863078490824,21.92151556,Imperial,Arganzuela,,,,24,,,False,False,False,False,False
02,021,02009,149.5357506,48.38694168,7.80214176,23.20244773,32.74725275,297.38562092,33.62637363,44.93717664,68.49315068,26.66666667,92.68292683,6.64300203,11.56186613,2.94117647,38,13.187481869992235,2.881520549155635,23.20244773,Imperial,Arganzuela,90.43062200956938,100.0,100.0,209,41.74871170438597,97.86392488887773,True,False,False,False,False
02,021,02008,544.09919088,47.23321137,7.37755735,24.17854929,29.48717949,327.73109244,30.51282051,46.10507246,91.66666667,33.65384615,90.625,15.63658838,25.71075402,6.36588381,16,2.973722488750465,5.380461714409361,24.17854929,Imperial,Arganzuela,100.0,100.0,100.0,48,22.509924939050094,51.68149764893206,True,False,False,False,False
02,021,02004,640.53633281,44.65516522,13.36585366,22.43902439,30.43478261,167.88321168,59.56521739,55.77507599,80.76923077,48.52941176,72.34042553,10.53140097,16.90821256,3.57487923,13,1.6158333992494622,8.045383890466903,22.43902439,Imperial,Arganzuela,,,,27,,,False,False,False,False,False
02,021,02005,675.55064631,47.81576786,9.23076923,24.35897436,36.31578947,263.88888889,37.89473684,50.57915058,70.39473684,31.74603175,114.28571429,12.24489796,20.15306122,7.14285714,3,1.1605347493727771,2.5850152282138734,24.35897436,Imperial,Arganzuela,,,,19,,,False,False,False,False,False
02,021,02006,522.7893495,47.83686963,8.85214008,27.14007782,18.99641577,306.59340659,32.61648746,56.23100304,80.2739726,29.14285714,132.0,9.02945437,13.76146789,4.249155,21,3.9614426001385836,5.301099149906995,27.14007782,Imperial,Arganzuela,100.0,100.0,100.0,65,27.718926133158774,45.872601820566494,True,False,False,False,False
02,021,02001,420.48001964,44.87722415,8.5440279,18.39581517,29.38388626,215.30612245,46.44549763,36.87350835,94.88372093,37.97468354,118.51851852,18.59252824,29.97393571,9.9913119,13,2.7373476651133313,4.749122724044545,18.39581517,Imperial,Arganzuela,100.0,100.0,100.0,46,27.103585319413042,53.19681438808993,True,False,False,False,False
02,021,02002,538.92822929,47.67989878,6.92254969,25.3598355,29.45945946,366.33663366,27.2972973,47.67206478,88.54961832,45.23809524,71.42857143,17.25543478,27.58152174,8.83152174,3,2.7313469957436087,1.0983591629606368,25.3598355,Imperial,Arganzuela,100.0,100.0,100.0,37,43.7762035818038,64.09255165423345,True,False,False,False,False
02,021,02003,136.85767306,48.37278627,9.375,27.69097222,36.36363636,295.37037037,33.85579937,58.89655172,75.12077295,51.25,93.5483871,12.44635193,19.1416309,6.69527897,14,8.512493117361537,1.6446415646958346,27.69097222,Imperial,Arganzuela,87.6923076923077,100.0,100.0,130,56.81368860896754,104.6764328261656,True,False,False,False,False
01,016,01121,265.26064413,42.26284467,6.93921463,15.16944594,27.65957447,218.60465116,45.74468085,28.3839779,133.17230274,44.95412844,115.78947368,37.01124799,48.63417247,16.44349223,11,7.038360349901309,1.5628639985951047,15.16944594,Sol,Centro,72.47706422018348,93.57798165137615,100.0,109,73.0967359051681,132.18189643308932,True,False,False,False,False
01,016,01120,177.1574779,43.5636887,5.54216867,16.98795181,21.27659574,306.52173913,32.62411348,29.08242613,118.70748299,52.17391304,200.0,34.97596154,47.11538462,13.82211538,26,4.696386570158728,5.53617118429015,16.98795181,Sol,Centro,94.73684210526315,100.0,100.0,76,37.64708493695875,77.38119124910041,True,False,False,False,False
01,016,01119,134.52105778,40.29971381,5.71909167,10.84945332,26.35658915,189.70588235,52.71317829,19.85887097,141.95121951,66.12903226,115.78947368,48.61924686,64.35146444,24.68619247,47,8.88336755389805,5.290786372942122,10.84945332,Sol,Centro,90.71428571428571,100.0,100.0,140,48.17168217624544,98.14653797930679,True,False,False,False,False
01,016,01123,156.00654064,42.99468185,5.82765034,17.73093614,24.12587413,304.25531915,32.86713287,30.81914031,130.8988764,66.33663366,93.75,33.90769231,46.52307692,14.76923077,7,10.416229943557965,0.6720281750624398,17.73093614,Sol,Centro,36.74698795180723,80.12048192771084,100.0,166,115.28428721833157,163.92381720962396,True,False,False,False,False
01,016,01118,257.69151134,42.68258137,5.46623794,13.82636656,21.70542636,252.94117647,39.53488372,23.90438247,129.57317073,44.26229508,86.66666667,41.32762313,56.63811563,22.37687366,10,3.6244888127278783,2.759009757426664,13.82636656,Sol,Centro,66.10169491525424,98.30508474576271,100.0,59,72.113336492132,129.42122216235805,True,False,False,False,False
01,016,01117,166.74663957,43.54282078,5.5589493,16.00488699,26.71755725,287.91208791,34.73282443,27.49221184,109.46166395,67.04545455,186.66666667,33.90036452,47.08383961,15.00607533,32,9.87126339833195,3.2417329685891447,16.00488699,Sol,Centro,87.42138364779875,96.22641509433963,100.0,159,49.838624579708124,103.95604667150252,True,False,False,False,False
01,015,01116,279.88844995,41.61553652,4.94983278,12.17391304,29.12087912,245.94594595,40.65934066,20.66182405,133.33333333,52.94117647,130.0,39.97343958,54.11686587,20.18592297,4,5.380715067949034,0.743395617401588,12.17391304,Universidad,Centro,80.48780487804879,100.0,100.0,82,66.8022046729998,113.68971938411431,True,False,False,False,False
01,015,01115,217.06317869,42.95549765,4.92890995,15.92417062,31.54761905,323.07692308,30.95238095,26.34730539,124.46236559,69.35483871,68.75,30.47977422,43.46190028,12.60583255,26,4.897191713648578,5.309165235973394,15.92417062,Universidad,Centro,88.46153846153845,100.0,100.0,78,50.06340693041257,103.54771013712237,True,False,False,False,False
01,015,01114,484.39660484,42.35923091,6.03864734,12.62077295,29.66507177,209.0,47.84688995,22.93986637,109.48678072,55.10204082,84.375,33.85447986,47.92543596,16.53638004,0,3.4331371924946805,0.0,12.62077295,Universidad,Centro,48.214285714285715,96.42857142857143,100.0,56,102.48611593151877,136.37473968461632,True,False,False,False,False
01,015,01113,511.1457287,42.0375343,6.06334842,13.84615385,19.60784314,228.35820896,43.79084967,24.85875706,118.51851852,54.6875,146.66666667,34.74729242,46.11913357,18.14079422,0,2.1676792698906504,0.0,13.84615385,Universidad,Centro,31.428571428571427,80.0,100.0,35,122.0893350051744,166.80522975444057,True,False,False,False,False
01,015,01112,218.60788218,42.58617672,6.50477016,14.22376409,23.7804878,218.66666667,45.73170732,26.1487965,109.63302752,57.97101449,80.76923077,30.51724138,43.27586207,16.63793103,16,5.306304550507265,3.0152811335471603,14.22376409,Universidad,Centro,100.0,100.0,100.0,85,31.93299390877877,66.77520842066573,True,False,False,False,False
02,024,02102,210.12650727,44.92007203,10.32608696,17.87439614,11.14864865,173.0994152,57.77027027,39.27670311,72.06946454,24.42396313,134.375,4.32172869,9.72388956,1.50060024,37,7.928557046989283,4.666675131517158,17.87439614,Legazpi,Arganzuela,80.46875,100.0,100.0,128,60.29642736824943,112.0303144440091,True,False,False,False,False
02,024,02099,109.16611711,36.54826345,19.49952786,5.57129367,14.40677966,28.57142857,350.0,33.45935728,74.3956044,125.23364486,68.85245902,12.77491811,20.54281703,6.22367805,32,19.575671064720257,1.6346821467424004,5.57129367,Legazpi,Arganzuela,44.12698412698413,69.52380952380952,88.25396825396825,315,110.47035167817982,202.0852641961932,True,False,False,False,False
02,024,02111,296.67829032,41.23133762,13.27857632,10.67761807,21.15384615,80.41237113,124.35897436,31.50315032,69.87767584,59.13043478,121.15384615,9.53991881,15.1556157,4.33017591,12,4.9818273690641925,2.408754681970068,10.67761807,Legazpi,Arganzuela,100.0,100.0,100.0,79,41.14400077857804,78.21260685306234,True,False,False,False,False
02,024,02104,281.53391096,40.23481502,17.11267606,12.67605634,20.0,74.07407407,135.0,42.42728185,73.39130435,34.0,88.60759494,10.01390821,14.60361613,3.54659249,14,5.107732830806611,2.740942109493446,12.67605634,Legazpi,Arganzuela,94.11764705882352,100.0,100.0,85,51.571101403701164,89.87681424854533,True,False,False,False,False
02,024,02093,164.70422917,48.87220216,8.29367777,26.85248131,23.79746835,323.7704918,30.88607595,54.19287212,71.58273381,32.3699422,51.92307692,4.19202164,9.1954023,1.48749155,12,8.979732988562306,1.3363426301522192,26.85248131,Legazpi,Arganzuela,95.86206896551724,100.0,100.0,145,50.05043156683671,86.29735469551652,True,False,False,False,False
02,024,02114,287.22530455,39.8037309,12.72416738,8.96669513,20.0,70.46979866,141.9047619,27.69901854,87.52556237,74.13793103,130.3030303,7.47028862,13.41256367,2.97113752,10,4.101309951953472,2.4382453696865696,8.96669513,Legazpi,Arganzuela,80.0,100.0,100.0,65,63.958877303669404,115.84504623041228,True,False,False,False,False
02,024,02100,155.50987174,41.07590904,13.49693252,11.15448968,15.5,82.6446281,121.0,32.71650629,73.6503856,54.77707006,91.02564103,12.09095951,19.52301719,5.8790904,19,11.594119266172232,1.6387618208685895,11.15448968,Legazpi,Arganzuela,90.37433155080214,100.0,100.0,187,60.55005284867599,99.46234024140368,True,False,False,False,False
02,024,02110,416.59628689,40.67375834,15.93030492,9.95644057,25.625,62.5,160.0,34.9286314,56.2992126,78.63247863,81.81818182,5.87144623,10.44499382,2.47218789,0,3.8838560278033896,0.0,9.95644057,Legazpi,Arganzuela,88.88888888888889,100.0,100.0,63,60.3920897142355,100.16964437769538,True,False,False,False,False
02,024,02101,251.75984005,38.3440089,20.42253521,8.51472471,18.04511278,41.69278997,239.84962406,40.72072072,55.02793296,100.0,58.71559633,7.81945327,11.8245391,2.98792117,20,6.248017951037856,3.2010151309949113,8.51472471,Legazpi,Arganzuela,89.0,100.0,100.0,100,50.92588855416659,100.23899933577955,True,False,False,False,False
02,025,02112,639.65336241,44.02256704,10.55408971,16.35883905,17.33870968,155.0,64.51612903,36.82310469,71.78294574,55.33333333,92.68292683,5.16677567,9.941138,2.68149117,2,2.3903571681779168,0.8366950456715755,16.35883905,Delicias,Arganzuela,76.31578947368422,100.0,100.0,38,62.6642739007595,118.05492371921682,True,False,False,False,False
02,025,02097,451.49814522,40.72051211,14.9321267,9.86425339,28.44036697,66.06060606,151.37614679,32.9723225,62.3046875,80.26315789,70.68965517,8.69955157,14.26008969,3.22869955,7,2.4695561029740443,2.8345175035991366,9.86425339,Delicias,Arganzuela,74.35897435897436,100.0,100.0,39,59.56533188060965,121.94309606264429,True,False,False,False,False
02,024,02103,44.7186703,38.7873915,18.56104095,10.25641026,24.25373134,55.25773196,180.97014925,40.48387097,77.48091603,66.42857143,88.27586207,9.59787557,14.79514416,4.81790592,193,58.94629657796925,3.2741666772010976,10.25641026,Legazpi,Arganzuela,97.03703703703704,100.0,100.0,945,38.15581344960807,75.43523315512026,False,False,False,False,False
02,025,02113,231.23795509,35.50085252,25.01461134,6.83810637,12.82051282,27.3364486,365.81196581,46.74099485,56.72043011,170.0,62.74509804,9.13823019,14.92192019,4.626952,46,7.47714621202716,6.152079776908462,6.83810637,Delicias,Arganzuela,99.1869918699187,100.0,100.0,123,33.00727949974395,69.78080657558776,True,False,False,False,False
02,025,02098,275.2973168,38.17626162,14.45170661,9.22294844,12.5984252,63.81909548,156.69291339,31.01807802,104.47470817,81.94444444,131.37254902,18.08434596,29.02072909,8.36311651,40,5.081778552189049,7.871259951453301,9.22294844,Delicias,Arganzuela,96.29629629629629,100.0,100.0,81,40.104957860991064,85.63807214129945,True,False,False,False,False
03,032,03025,418.45909639,43.5283162,12.67806268,19.72934473,27.79783394,155.61797753,64.2599278,47.94520548,88.66799205,35.8974359,183.33333333,12.25352113,19.78873239,6.97183099,25,3.3934021562952394,7.367237612441978,19.72934473,Adelfas,Retiro,100.0,100.0,100.0,54,24.376764853710696,42.345789387317886,True,False,False,False,False
03,032,03024,639.97933633,47.49715503,10.93877551,27.18367347,34.23423423,248.50746269,40.24024024,61.60949868,90.45226131,33.75,102.94117647,11.28246753,17.53246753,6.25,4,1.9250623023808042,2.0778548284141425,27.18367347,Adelfas,Retiro,100.0,100.0,100.0,31,39.80785098416937,72.80559387845733,True,False,False,False,False
03,032,03026,374.09653311,45.76219072,9.8005698,21.99430199,29.01554404,224.41860465,44.55958549,46.61654135,81.63884674,36.71875,134.7826087,12.84663271,20.37351443,8.26259196,20,4.72337977934505,4.234256175516173,21.99430199,Adelfas,Retiro,100.0,100.0,100.0,75,30.35613447043656,53.64944092009896,True,False,False,False,False
02,025,02106,127.62691635,42.10335099,13.44873502,12.38348868,22.22222222,92.07920792,108.60215054,34.82944345,68.95854398,39.26701571,73.17073171,6.62251656,11.4790287,2.73730684,79,17.747040088274364,4.451446528945187,12.38348868,Delicias,Arganzuela,92.226148409894,100.0,100.0,283,44.83960972132794,95.19820313337888,True,False,False,False,False
03,032,03027,608.92221257,44.7488193,11.8852459,21.63934426,33.71212121,182.06896552,54.92424242,50.43156597,93.0952381,59.01639344,100.0,13.5731807,22.89452167,8.74897792,3,2.0084667216075283,1.4936767274883562,21.63934426,Adelfas,Retiro,100.0,100.0,100.0,32,42.742079446127185,75.28095833011237,True,False,False,False,False
02,025,02105,71.20865972,42.12657501,15.891701,16.12713361,31.75182482,101.48148148,98.54014599,47.0995671,68.85964912,96.66666667,60.0,11.61704612,18.27203736,5.25394046,78,24.056062939009966,3.2424258365866296,16.12713361,Delicias,Arganzuela,85.75129533678756,100.0,100.0,386,53.973115676584804,106.74103556517406,False,False,False,False,False
02,022,02096,371.45335622,45.60474373,8.79518072,20.72289157,15.40697674,235.61643836,42.44186047,41.88034188,80.55555556,37.79904306,138.88888889,3.46475508,6.21266428,1.07526882,45,4.506622357802308,9.985305274601403,20.72289157,Acacias,Arganzuela,100.0,100.0,100.0,70,18.65615030733712,39.27952083100662,True,False,False,False,False
03,032,03028,427.86157627,45.52755503,10.95983662,24.30224643,21.56862745,221.73913043,45.09803922,54.46898002,89.82035928,61.44578313,102.04081633,13.23430115,19.91897367,7.15732613,7,3.461399859565563,2.0223031963948146,24.30224643,Adelfas,Retiro,100.0,100.0,100.0,56,33.14305301743659,63.086041794507985,True,False,False,False,False
03,031,03001,599.27833146,50.40260931,6.76090965,30.91579594,12.72365805,457.27272727,21.86878728,60.45364892,73.03754266,19.7309417,70.0,4.89895897,10.41028781,2.26576852,12,2.7249441775033336,4.403759937201619,30.91579594,Pacífico,Retiro,100.0,100.0,100.0,44,31.449951421507254,51.134318707812774,True,False,False,False,False
03,031,03023,475.10953385,46.94035361,9.70772443,26.20041754,27.09163347,269.89247312,37.05179283,56.02605863,82.73809524,35.82089552,93.33333333,11.64948454,17.31958763,6.28865979,2,2.041634467202291,0.979607286284041,26.20041754,Pacífico,Retiro,100.0,100.0,100.0,32,47.1257137743019,68.72458376440258,True,False,False,False,False
03,031,03022,1139.24658787,45.86389194,7.54369825,21.34314627,33.62068966,282.92682927,35.34482759,40.62095731,107.2386059,35.61643836,104.76190476,22.61904762,41.39194139,15.93406593,2,0.9585282164828157,2.086532212206249,21.34314627,Pacífico,Retiro,,,,16,,,False,False,False,False,False
02,022,02108,310.31481997,49.84001283,6.97424893,27.14592275,25.29644269,389.23076923,25.6916996,51.79153094,68.68131868,24.16666667,60.86956522,5.88235294,10.90909091,2.2459893,39,3.013069115078295,12.943612811545671,27.14592275,Acacias,Arganzuela,100.0,100.0,100.0,48,20.72838379446781,38.38909267785274,True,False,False,False,False
03,031,03014,603.69315335,45.39013084,12.37274863,23.33594362,30.20134228,188.60759494,53.02013423,55.54202192,82.44444444,48.14814815,100.0,11.05919003,19.00311526,4.82866044,4,2.1269083355660734,1.8806640291507466,23.33594362,Pacífico,Retiro,100.0,100.0,100.0,34,33.92532309133995,57.4313282933131,True,False,False,False,False
02,022,02092,501.93408369,49.9802716,8.68621064,32.03040174,26.77966102,368.75,27.11864407,68.68131868,78.72340426,25.78125,79.62962963,9.6112311,16.52267819,5.34557235,24,3.689727516409809,6.5045453609410595,32.03040174,Acacias,Arganzuela,83.05084745762711,100.0,100.0,59,39.102375234281,110.57716893860585,True,False,False,False,False
03,031,03021,589.07285215,44.06117225,11.81862036,20.21225277,28.87828162,171.02040816,58.4725537,47.12562101,90.92140921,43.18181818,101.38888889,14.25837321,22.48803828,7.94258373,7,3.5479482586189346,1.9729712751574349,20.21225277,Pacífico,Retiro,100.0,100.0,100.0,56,34.50840414887394,57.08163272939879,True,False,False,False,False
03,031,03013,758.02626239,45.21710724,10.24930748,21.32963989,42.42424242,208.10810811,48.05194805,46.15384615,90.0,64.51612903,94.44444444,10.26581118,18.88175985,4.85792851,6,1.4392641180564236,4.168797043382402,21.32963989,Pacífico,Retiro,,,,23,,,False,False,False,False,False
02,021,02107,192.25325401,40.1628652,12.51485149,14.4950495,18.57923497,115.82278481,86.33879781,37.00488334,124.20924574,60.86956522,141.17647059,19.78840125,26.05799373,10.54075235,79,13.274157637248205,5.951413427419344,14.4950495,Imperial,Arganzuela,95.7943925233645,100.0,100.0,214,34.71751211176046,85.01789867617957,True,False,False,False,False
03,031,03015,765.52282978,45.43591507,10.50691244,22.39631336,38.27160494,213.15789474,46.91358025,49.03846154,92.08443272,44.87179487,134.375,19.17808219,33.05936073,12.32876712,6,1.430394963301798,4.1946456425923975,22.39631336,Pacífico,Retiro,,,,23,,,False,False,False,False,False
03,031,03006,700.30413094,51.6735065,7.55667506,35.76826196,32.25352113,473.33333333,21.12676056,76.44444444,84.42622951,25.69444444,104.16666667,8.65,13.6,3.65,11,2.855902045488126,3.851672720140476,35.76826196,Pacífico,Retiro,100.0,100.0,100.0,46,30.62324536409465,60.19528567176576,True,False,False,False,False
03,031,03007,722.60159324,42.90802328,8.24847251,15.98778004,33.75796178,193.82716049,51.59235669,31.98924731,114.4092219,48.21428571,55.55555556,27.63157895,42.20647773,18.01619433,7,1.3672817901999876,5.119646915634073,15.98778004,Pacífico,Retiro,,,,20,,,False,False,False,False,False
03,032,03029,225.62981319,45.38587251,11.95244055,25.281602,19.30693069,211.51832461,47.27722772,59.3220339,86.08534323,68.93203883,91.22807018,10.13681592,15.04975124,3.85572139,42,7.12671777399769,5.893316016138569,25.281602,Adelfas,Retiro,99.09909909909909,100.0,100.0,111,38.44714033552027,77.71103525213816,True,False,False,False,False
03,031,03020,378.53028907,44.72876854,11.67016073,21.24388539,39.47368421,182.03592814,54.93421053,49.0625,96.3190184,48.86363636,111.53846154,17.11711712,28.96742897,10.32571033,17,3.8121123769272844,4.459469794986129,21.24388539,Pacífico,Retiro,100.0,100.0,100.0,62,24.321433453687337,46.81030485346466,True,False,False,False,False
03,031,03005,718.82452262,44.69938069,7.73480663,18.50828729,32.8358209,239.28571429,41.79104478,35.58052434,106.97674419,36.58536585,172.72727273,19.03448276,34.20689655,8.96551724,4,1.0085910777802682,3.965928400639134,18.50828729,Pacífico,Retiro,,,,18,,,False,False,False,False,False
03,031,03012,640.34148861,47.4653369,9.88258317,26.22309198,27.23880597,265.34653465,37.68656716,56.50842266,84.98583569,37.07865169,93.33333333,12.07400195,19.47419669,5.45277507,5,1.6038317339455497,3.1175340244076692,26.22309198,Pacífico,Retiro,,,,25,,,False,False,False,False,False
02,022,02094,446.31115846,49.90366565,10.71863581,35.68818514,17.74744027,332.95454545,30.03412969,86.59090909,83.33333333,35.50724638,52.54237288,2.55319149,6.32218845,0.85106383,9,3.6857693759644627,2.4418239672537707,35.68818514,Acacias,Arganzuela,100.0,100.0,100.0,60,33.376574251702706,59.23485159104785,True,False,False,False,False
03,031,03016,552.26405186,44.49231579,8.52904821,19.6538937,31.44654088,230.43478261,43.39622642,39.24268503,113.60294118,30.43478261,122.22222222,17.13586291,35.25091799,10.77111383,6,1.4793648025041817,4.055794750452054,19.6538937,Pacífico,Retiro,,,,23,,,False,False,False,False,False
02,022,02109,487.46574544,47.79552309,7.05454545,24.50909091,25.22255193,347.42268041,28.78338279,46.12114772,82.01160542,27.39726027,121.42857143,9.81240981,14.64646465,3.8961039,6,2.8432767081047667,2.110241322238172,24.50909091,Acacias,Arganzuela,100.0,100.0,100.0,45,41.7503532917915,66.13042025924932,True,False,False,False,False
03,031,03008,702.11394033,47.23179339,8.63509749,27.11234912,34.24657534,313.97849462,31.84931507,55.63583815,108.43373494,41.26984127,96.42857143,14.78420569,22.86501377,6.06060606,8,1.551030306386082,5.157861820662995,27.11234912,Pacífico,Retiro,,,,26,,,False,False,False,False,False
03,032,03030,286.7608875,51.52222063,14.28571429,39.97378768,32.45901639,279.81651376,35.73770492,118.62464183,63.08411215,58.33333333,39.47368421,1.95822454,4.6997389,0.91383812,4,2.6712150554414924,1.497445887725011,39.97378768,Adelfas,Retiro,84.44444444444444,100.0,100.0,45,60.28199150624903,106.7555973711312,True,False,False,False,False
03,031,03011,598.39731007,45.59795005,11.9070668,24.00774443,31.0483871,201.62601626,49.59677419,56.04229607,85.95505618,27.11864407,97.5,14.69740634,21.22958694,6.5321806,10,1.7396468575101607,5.748293084213842,24.00774443,Pacífico,Retiro,100.0,100.0,100.0,30,30.127969329774658,58.28914611274298,True,False,False,False,False
03,031,03019,374.58068606,49.69999838,10.6615637,31.43794423,36.52173913,294.87179487,33.91304348,72.71010387,67.56329114,54.16666667,88.88888889,8.2747431,13.3585722,4.00216333,15,4.936186164431589,3.0387832833544026,31.43794423,Pacífico,Retiro,100.0,100.0,100.0,79,29.477706373394163,63.77087709886973,True,False,False,False,False
03,031,03018,704.19402179,47.84778654,9.93657505,28.01268499,35.8490566,281.91489362,35.47169811,61.15843271,95.66666667,43.44262295,111.47540984,14.56361725,24.86855941,7.72870662,8,2.7009601631707723,2.9619096605291872,28.01268499,Pacífico,Retiro,100.0,100.0,100.0,43,32.57081208647972,61.72604603972338,True,False,False,False,False
03,031,03002,73.88783258,45.28709298,9.66735967,20.58212058,29.7979798,212.90322581,46.96969697,43.3681073,92.26361032,33.84615385,72.4137931,20.8677686,33.67768595,12.39669421,43,13.100939168958764,3.2822074391341176,20.58212058,Pacífico,Retiro,84.688995215311,97.60765550239235,100.0,209,48.39178649352805,118.05206068952846,False,False,False,False,False
03,031,03017,666.85951664,46.46877002,12.12851406,26.02409639,40.43209877,214.56953642,46.60493827,61.68831169,91.54228856,38.0952381,100.0,13.32275971,19.58762887,6.81998414,5,1.8909529946565158,2.644169376039001,26.02409639,Pacífico,Retiro,100.0,100.0,100.0,32,31.639670196542205,60.70790816177929,True,False,False,False,False
03,031,03003,510.78948815,47.15260154,10.48565121,24.39293598,35.74660633,232.63157895,42.98642534,53.55932203,74.55621302,36.23188406,76.92307692,14.81888035,25.90559824,7.35455543,11,1.7835136022431184,6.167600844852173,24.39293598,Pacífico,Retiro,,,,27,,,False,False,False,False,False
03,031,03004,518.80587723,45.12443592,9.60451977,20.62146893,31.05022831,214.70588235,46.57534247,43.31983806,103.01369863,35.06493506,87.09677419,18.7090739,29.37324602,9.8222638,18,2.0605009444125746,8.735739747564928,20.62146893,Pacífico,Retiro,100.0,100.0,100.0,35,14.689673243513607,31.81624071694531,True,False,False,False,False
03,031,03009,560.93004612,47.88286462,10.42701092,29.09632572,34.47098976,279.04761905,35.83617747,65.35303777,95.19230769,60.41666667,85.71428571,14.03162055,22.43083004,6.62055336,6,1.8041465366502765,3.3256722101631957,29.09632572,Pacífico,Retiro,,,,27,,,False,False,False,False,False
03,031,03010,479.58493572,50.25010496,8.33333333,32.84313725,35.2238806,394.11764706,25.37313433,70.0,88.08777429,36.48648649,83.87096774,7.19144801,15.45189504,3.01263362,18,2.145605341964046,8.38924085802431,32.84313725,Pacífico,Retiro,100.0,100.0,100.0,32,15.49107314142086,36.86344472781051,True,False,False,False,False
03,035,03074,442.91085905,47.32170351,12.21238938,26.99115044,44.59016393,221.01449275,45.24590164,64.48326055,75.70332481,46.37681159,80.43478261,9.73684211,17.45614035,4.8245614,13,2.573881350361871,5.05073786644139,26.99115044,Los Jerónimos,Retiro,100.0,100.0,100.0,41,27.243797459653727,41.78299175428358,True,False,False,False,False
02,021,02095,220.58680359,44.01523183,11.17511521,17.16589862,22.48322148,153.60824742,65.10067114,39.54983923,67.65498652,64.39393939,112.6984127,8.01373784,12.76473955,3.43445907,51,7.919784735704652,6.4395689658176485,17.16589862,Imperial,Arganzuela,100.0,100.0,100.0,127,24.64536061842997,49.33905014472574,True,False,False,False,False
03,033,03031,545.61764203,45.93850868,13.5608049,25.80927384,45.08474576,190.32258065,52.54237288,64.93506494,95.76271186,53.73134328,82.0,9.63541667,16.40625,5.81597222,4,2.1113686788366435,1.8945057014883755,25.80927384,Estrella,Retiro,100.0,100.0,100.0,34,39.275391182482416,77.81184817741794,True,False,False,False,False
03,036,03079,519.45023078,47.08951057,10.94488189,26.69291339,34.51327434,243.88489209,41.00294985,60.35353535,93.64303178,34.14634146,88.88888889,10.49334377,19.57713391,4.22866092,5,2.45836833699739,2.0338693452694385,26.69291339,Niño Jesús,Retiro,100.0,100.0,100.0,40,44.2067571472631,78.63307505450005,True,False,False,False,False
03,035,03076,488.12497289,48.98318365,13.81642512,28.4057971,52.72108844,205.59440559,48.63945578,73.07692308,58.62068966,39.13043478,107.31707317,8.55769231,15.09615385,2.30769231,11,2.1306019109400665,5.162860290098289,28.4057971,Los Jerónimos,Retiro,100.0,100.0,100.0,36,23.31990561658767,46.62583307512823,True,False,False,False,False
03,033,03033,163.47131264,49.23596072,9.77808599,30.44382802,33.25740319,311.34751773,32.11845103,67.28538283,81.09243697,39.79591837,102.56410256,8.06340455,13.37008959,3.51481737,11,8.876175131900183,1.2392725285992814,30.44382802,Estrella,Retiro,72.85714285714285,94.28571428571428,100.0,140,66.44583234118831,141.0286726590679,True,False,True,False,False
03,036,03078,289.51375558,46.67163293,13.94557823,25.44217687,51.06951872,182.43902439,54.81283422,64.98316498,69.39163498,106.17283951,119.14893617,5.93792173,11.53846154,2.69905533,6,5.118927758847974,1.1721204679298527,25.44217687,Niño Jesús,Retiro,61.72839506172839,98.76543209876543,100.0,81,83.19834673843216,133.24440888804486,True,False,True,False,False
03,036,03077,459.04441531,47.81639258,11.36071887,26.63671374,38.31325301,234.46327684,42.65060241,61.28364389,74.6835443,61.94690265,85.71428571,8.18414322,14.57800512,3.19693095,12,3.4070777202560296,3.5220799128404514,26.63671374,Niño Jesús,Retiro,100.0,100.0,100.0,55,30.908874129724225,73.16446342002457,True,False,False,False,False
03,033,03034,314.05155637,47.68981498,11.33333333,29.40740741,30.98236776,259.47712418,38.53904282,68.75,85.18518519,51.1627907,60.0,7.34214391,13.58296623,3.67107195,21,4.336867537745879,4.842204613635702,29.40740741,Estrella,Retiro,94.36619718309859,100.0,100.0,71,33.499459696723925,89.73572309844057,True,False,False,False,False
03,036,03080,173.08080219,45.02581102,14.96598639,25.56689342,30.15521064,170.83333333,58.53658537,68.16015253,81.17443869,80.39215686,93.58974359,9.33633296,15.01687289,2.81214848,40,10.272658651443086,3.8938313203253245,25.56689342,Niño Jesús,Retiro,80.24691358024691,100.0,100.0,162,61.54420693958666,112.97837887071876,True,False,False,False,False
03,033,03037,283.59645533,48.48274134,13.37973705,32.55993813,29.21615202,243.35260116,41.09263658,84.97854077,72.59259259,71.42857143,81.25,3.61816782,7.7752117,1.77059276,12,4.5804521727475045,2.6198286866516955,32.55993813,Estrella,Retiro,93.15068493150685,100.0,100.0,73,48.204201061392006,96.14111450326318,True,False,False,False,False
03,033,03036,619.8812835,47.40601985,12.83185841,28.53982301,45.34883721,222.4137931,44.96124031,70.56603774,79.66101695,87.23404255,77.77777778,4.29988975,9.92282249,2.09481808,8,1.4631833935746832,5.467530615185093,28.53982301,Estrella,Retiro,,,,23,,,False,False,False,False,False
03,036,03082,189.49937761,45.68400346,15.7162726,25.03477051,32.22222222,159.2920354,62.77777778,68.77934272,70.74148297,61.53846154,56.33802817,5.66689703,12.85418106,2.00414651,8,7.635908984065482,1.0476814242671433,25.03477051,Niño Jesús,Retiro,69.35483870967742,87.90322580645162,100.0,124,71.77760783596761,156.92007290249822,True,False,False,False,False
03,033,03032,207.42472664,48.42876817,11.47826087,27.82608696,52.1875,242.42424242,41.25,64.75644699,76.70886076,62.85714286,102.56410256,7.78546713,12.4567474,2.94117647,21,5.573106055047356,3.768096245177512,27.82608696,Estrella,Retiro,100.0,100.0,100.0,90,31.23455069061984,52.45031123009408,True,False,False,False,False
03,033,03035,258.20073715,46.81849527,14.42224153,26.7593397,46.42857143,185.54216867,53.8961039,70.01477105,68.4079602,52.17391304,71.875,4.55717971,10.83404987,1.71969046,26,4.5042474039614415,5.772329463326827,26.7593397,Estrella,Retiro,100.0,100.0,100.0,73,23.73800539246553,43.00223741609357,True,False,False,False,False
03,033,03039,203.2618839,48.8633747,14.99395405,31.5598549,42.52873563,210.48387097,47.50957854,87.1040724,59.566787,72.22222222,67.56756757,2.89156627,7.8313253,0.96385542,19,4.083402082460325,4.652982884446233,31.5598549,Estrella,Retiro,100.0,100.0,100.0,66,45.81740880558894,70.05588737515117,True,False,False,False,False
03,033,03038,310.43535283,50.45862413,13.55932203,36.49052841,33.06010929,269.11764706,37.15846995,100.1996008,54.15384615,113.88888889,72.22222222,4.0553907,7.8140455,2.37388724,42,3.256716706960068,12.896424153270688,36.49052841,Estrella,Retiro,100.0,100.0,100.0,53,20.083856700850337,41.477932078370294,True,False,False,False,False
03,033,03040,548.81863237,49.82667927,13.7434555,34.03141361,40.76923077,247.61904762,40.38461538,91.47869674,63.52459016,100.0,75.75757576,5.08474576,8.73533246,1.82529335,19,1.3975473038882567,13.59524643433406,34.03141361,Estrella,Retiro,,,,23,,,False,False,False,False,False
03,033,03041,416.54593889,47.97244561,13.08576481,27.67462423,42.8115016,211.48648649,47.28434505,68.80597015,68.34170854,54.21686747,86.04651163,6.49122807,12.36842105,2.28070175,11,2.7367929765950234,4.0193029191728025,27.67462423,Estrella,Retiro,100.0,100.0,100.0,41,30.633773844869772,53.69556871878701,True,False,False,False,False
03,033,03042,320.76382965,46.90310188,13.55475763,26.21184919,46.57534247,193.37748344,51.71232877,66.02086438,79.89276139,36.58536585,111.9047619,10.63449508,16.17515639,5.18319929,11,3.488547948873551,3.1531743754738675,26.21184919,Estrella,Retiro,98.18181818181819,100.0,100.0,55,30.01445651710905,77.60752567804559,True,False,False,False,False
03,035,03071,55.23300153,47.83258905,9.98531571,25.91776799,33.14447592,259.55882353,38.52691218,56.0137457,71.8503937,53.15315315,62.26415094,22.04379562,37.15328467,6.20437956,115,24.80401140620465,4.6363468439315865,25.91776799,Los Jerónimos,Retiro,91.58163265306123,99.23469387755102,100.0,392,34.0547764330579,95.24728802828345,False,False,False,False,False
03,036,03081,113.65442733,47.50505473,14.25389755,30.23385301,31.49171271,212.109375,47.14548803,80.14042126,77.08703375,69.16666667,73.17073171,4.14593698,9.01050304,1.49253731,11,15.916669878541516,0.6910993369806547,30.23385301,Niño Jesús,Retiro,84.52380952380952,99.60317460317461,100.0,252,58.58988570507687,110.05018927724836,True,False,False,False,False
03,033,03044,161.43761525,44.56977573,17.22972973,23.81756757,33.33333333,138.23529412,72.34042553,69.62750716,66.19047619,53.65853659,84.21052632,9.70711297,16.31799163,5.0209205,17,7.402240166385093,2.2966020580094204,23.81756757,Estrella,Retiro,98.33333333333333,100.0,100.0,120,41.8771709032702,79.24282993277889,True,False,False,False,False
03,034,03052,521.65816456,45.17537207,13.5193133,25.10729614,23.5042735,185.71428571,53.84615385,62.93706294,82.74760383,58.0,60.37735849,14.17910448,20.25586354,3.9445629,3,1.7981123726778723,1.668416304556202,25.10729614,Ibiza,Retiro,,,,29,,,False,False,False,False,False
03,034,03053,880.64076492,44.48462248,11.50627615,22.24546722,32.28840125,193.33333333,51.72413793,50.94736842,95.07186858,77.02702703,82.75862069,21.51283831,30.53435115,9.78487162,4,1.6363085351018054,2.4445267589777218,22.24546722,Ibiza,Retiro,,,,24,,,False,False,False,False,False
03,034,03054,555.59883891,48.83606225,9.20736589,28.26261009,38.8101983,306.95652174,32.57790368,59.92317542,82.47663551,50.51546392,70.0,13.64724661,23.94253791,5.3471668,14,2.2552242954068413,6.207808255929775,28.26261009,Ibiza,Retiro,100.0,100.0,100.0,39,15.967933491752282,43.50160801040698,True,False,False,False,False
03,034,03049,640.26385016,47.81669518,12.52068395,28.57142857,33.2046332,228.1938326,43.82239382,69.75655431,73.09562399,48.48484848,73.68421053,11.34868421,18.20175439,4.8245614,8,2.8488255264503,2.808174781404805,28.57142857,Ibiza,Retiro,100.0,100.0,100.0,49,30.134898373157487,63.006623487218526,True,False,False,False,False
03,034,03050,629.75925112,47.66475167,9.1180867,25.56053812,38.59649123,280.32786885,35.67251462,53.08924485,82.84518828,41.93548387,108.82352941,13.04670126,22.68346924,4.2994811,10,2.1420884212593663,4.668341372258036,25.56053812,Ibiza,Retiro,100.0,100.0,100.0,32,35.79003896808646,68.18969903018765,True,False,False,False,False
03,034,03051,553.13927405,47.40836237,8.99718838,25.58575445,33.33333333,284.375,35.16483516,52.86532951,83.68421053,34.56790123,108.0,13.90176089,21.31603336,5.93141798,6,1.9506841235596417,3.075843970602015,25.58575445,Ibiza,Retiro,100.0,100.0,100.0,33,43.05159811138479,69.42764113463447,True,False,False,False,False
03,034,03056,552.52419917,44.54130946,13.55932203,23.81801963,29.21348315,175.65789474,56.92883895,59.68660969,84.2519685,87.71929825,85.10638298,13.88152078,20.60123784,4.24403183,12,2.046969167511692,5.862325720610278,23.81801963,Ibiza,Retiro,100.0,100.0,100.0,32,28.474318217057068,60.39972122484085,True,False,False,False,False
03,034,03055,496.31909216,46.02091183,5.72320499,22.0603538,29.24528302,385.45454545,25.94339623,38.47262248,113.53846154,48.27586207,130.76923077,25.10373444,41.90871369,12.86307054,11,1.9422988460885757,5.663392130491109,22.0603538,Ibiza,Retiro,,,,29,,,False,False,False,False,False
03,034,03057,630.7762717,44.67227249,13.24444444,23.37777778,33.46007605,176.51006711,56.6539924,57.78401122,88.12664908,60.56338028,105.76923077,15.07936508,21.69312169,5.90828924,12,1.7977848103768592,6.674881181961099,23.37777778,Ibiza,Retiro,100.0,100.0,100.0,30,32.62594254165977,63.76190404001188,True,False,False,False,False
03,034,03058,691.20364711,46.13373119,9.26870748,23.7244898,27.95698925,255.96330275,39.06810036,49.23857868,93.61179361,44.44444444,96.77419355,21.80896027,36.85545224,9.63651733,8,1.7115071729605458,4.674242753047707,23.7244898,Ibiza,Retiro,,,,27,,,False,False,False,False,False
03,033,03045,154.52077363,50.35442371,11.43695015,34.8973607,34.45378151,305.12820513,32.77310924,86.33879781,65.36144578,51.92307692,157.14285714,4.47035957,9.81535471,1.74927114,24,6.6592987843981915,3.603983058430815,34.8973607,Estrella,Retiro,100.0,100.0,100.0,110,29.376722810878135,59.31066802470031,True,False,False,False,False
03,034,03059,500.57833921,44.80829459,11.85383244,22.01426025,31.57894737,185.71428571,53.84615385,51.28205128,91.47286822,64.0,87.17948718,18.79432624,33.5106383,8.24468085,17,2.253393548312578,7.544177098017437,22.01426025,Ibiza,Retiro,100.0,100.0,100.0,38,20.812280982642115,40.794576872960505,True,False,False,False,False
03,035,03069,71.37457226,44.94573367,10.21194605,18.81824021,27.30375427,184.27672956,54.2662116,40.90497738,78.51373183,47.82608696,81.48148148,20.03841229,34.12291933,5.2496799,89,21.8845444594289,4.066797011242086,18.81824021,Los Jerónimos,Retiro,100.0,100.0,100.0,354,29.572126267854138,61.97985353314422,False,False,False,False,False
03,034,03063,603.35106296,44.37269667,12.0049505,22.77227723,24.45652174,189.69072165,52.7173913,53.32068311,111.64658635,45.61403509,110.71428571,17.13933416,25.03082614,7.02836005,0,1.3441593953760596,0.0,22.77227723,Ibiza,Retiro,,,,20,,,False,False,False,False,False
03,034,03061,621.03852357,46.87345059,7.35468565,26.09727165,32.72727273,354.83870968,28.18181818,50.35714286,107.40740741,36.36363636,76.92307692,22.3266745,36.78025852,9.63572268,2,1.3702853650888585,1.4595499966317649,26.09727165,Ibiza,Retiro,,,,25,,,False,False,False,False,False
03,034,03060,496.66010751,43.76238021,12.61620186,20.98273572,35.44303797,166.31578947,60.12658228,50.6,87.96992481,75.0,116.66666667,18.09895833,26.953125,5.078125,1,1.546329146207934,0.646692848319067,20.98273572,Ibiza,Retiro,,,,23,,,False,False,False,False,False
03,033,03047,269.31491671,47.48585681,9.77179637,25.62902282,37.89954338,262.2754491,38.12785388,54.80072464,85.23489933,39.39393939,128.20512821,11.11757858,20.25611176,5.12223516,15,6.3791490683189656,2.351410797796704,25.62902282,Estrella,Retiro,100.0,100.0,100.0,101,37.0740903190076,66.51191171550924,True,False,False,False,False
03,033,03046,225.06207402,46.28002553,14.17410714,27.79017857,28.1124498,196.06299213,51.00401606,72.30769231,78.08219178,102.43902439,83.33333333,8.32408435,13.98446171,3.32963374,21,4.003339984870157,5.245619927202137,27.79017857,Estrella,Retiro,100.0,100.0,100.0,64,40.03197160081391,59.80844808746573,True,False,False,False,False
03,034,03048,85.6592729,46.76334197,11.76983435,27.37576286,41.08280255,232.59259259,42.99363057,64.32664756,95.51820728,62.29508197,121.95121951,16.23488774,22.45250432,4.66321244,62,13.51867650498035,4.586247771899777,27.37576286,Ibiza,Retiro,97.66355140186917,100.0,100.0,214,35.648736825461626,78.85649134509971,False,False,False,False,False
03,034,03064,575.37354907,47.15029424,12.30925738,27.97558494,28.0,227.27272727,44.0,67.46166951,85.75949367,50.66666667,84.21052632,14.35793731,20.62689585,3.53892821,2,1.7188833264891734,1.1635461052990772,27.97558494,Ibiza,Retiro,,,,29,,,False,False,False,False,False
03,034,03065,465.51803526,45.60279826,10.87837838,23.98648649,37.46478873,220.49689441,45.35211268,53.52697095,103.37552743,61.70212766,91.83673469,17.62734584,26.27345845,5.36193029,14,3.205031571285594,4.3681316981175184,23.98648649,Ibiza,Retiro,100.0,100.0,100.0,49,29.98677041622758,55.341995082703875,True,False,False,False,False
03,034,03066,518.88891718,46.82102275,8.68571429,24.45714286,34.11214953,281.57894737,35.51401869,49.57264957,98.30508475,41.17647059,108.0,16.4960182,30.14789534,6.25711035,9,1.6940041903058962,5.312855807266225,24.45714286,Ibiza,Retiro,,,,26,,,False,False,False,False,False
03,035,03073,11.93564347,46.73027437,10.84848485,25.57575758,38.38862559,235.75418994,42.41706161,57.29265968,88.33034111,54.86725664,70.0,17.26835138,23.46570397,6.61853189,1510,139.24678661024598,10.844056345993208,25.57575758,Los Jerónimos,Retiro,97.62011674898967,99.77548271216884,100.0,2227,17.82802762483101,52.195406436318095,False,False,False,False,False
03,034,03067,503.66234719,46.75930206,10.51324503,25.0,31.12582781,237.79527559,42.05298013,55.21235521,76.59090909,55.31914894,87.17948718,14.46179129,24.32210353,5.34100247,12,2.416301331217804,4.966268008449119,25.0,Ibiza,Retiro,100.0,100.0,100.0,38,29.988130343910726,58.838203481455274,True,False,False,False,False
03,032,03101,179.67674024,40.28763254,20.37037037,16.16809117,13.65638767,79.37062937,125.99118943,57.57575758,53.62068966,61.19402985,71.96261682,6.73211781,11.8513324,3.64656381,59,7.936475239298145,7.434030627079435,16.16809117,Adelfas,Retiro,100.0,100.0,100.0,127,27.491054909376825,53.78446812126,True,False,False,False,False
03,032,03097,359.28121833,43.72037368,13.83238405,18.38893409,19.91150442,132.94117647,75.22123894,47.53901561,72.10743802,53.07692308,91.4893617,8.85458976,14.05361495,5.76766856,4,3.4262854198432673,1.1674450636348261,18.38893409,Adelfas,Retiro,96.42857142857143,100.0,100.0,56,48.64644430657839,89.58670389744589,True,False,False,False,False
03,032,03100,307.87390511,50.04646373,7.3831009,27.48154225,37.01492537,372.22222222,26.86567164,53.52644836,71.86147186,33.08823529,78.57142857,6.03096985,9.45395273,2.77098615,25,3.9853978516171105,6.2728994521478025,27.48154225,Adelfas,Retiro,100.0,100.0,100.0,63,26.115393928275314,51.96245727060956,True,False,False,False,False
03,032,03099,260.25482561,45.74714256,10.95041322,24.51790634,34.26966292,223.89937107,44.66292135,54.96264674,90.06085193,58.33333333,88.0,10.36834925,18.96316508,5.59345157,18,5.632940701603436,3.1954889911900257,24.51790634,Adelfas,Retiro,100.0,100.0,100.0,92,34.82828938584871,61.45674615727156,True,False,False,False,False
03,031,03095,206.24631411,49.10575164,8.57142857,27.69230769,27.38095238,323.07692308,30.95238095,56.89655172,73.91304348,31.73076923,55.17241379,5.03282276,10.55798687,2.297593,110,8.863188696983014,12.410883234094232,27.69230769,Pacífico,Retiro,100.0,100.0,100.0,141,18.739871931257944,40.37552228768904,True,False,False,False,False
03,032,03098,206.22000733,43.90569549,10.18062397,17.78872469,20.30769231,174.7311828,57.23076923,38.82978723,84.31372549,44.02985075,81.96721311,11.36487221,19.24959217,5.32898314,51,8.917660433525299,5.71898878412876,17.78872469,Adelfas,Retiro,100.0,100.0,100.0,143,30.52684719994055,67.6846212350685,True,False,False,False,False
03,031,03096,467.08480697,47.21113066,9.26416093,23.5574378,19.5505618,254.28571429,39.3258427,48.85736801,74.31318681,31.05022831,106.81818182,5.37407798,9.43097998,1.58061117,36,4.063501898794586,8.859353556763242,23.5574378,Pacífico,Retiro,100.0,100.0,100.0,64,33.67988401854916,62.178773594431696,True,False,False,False,False
03,031,03089,619.04901332,51.28732735,9.55710956,36.88811189,26.54028436,385.97560976,25.90837283,86.72470076,81.62055336,36.29032258,102.12765957,5.0405562,7.70567787,2.78099652,7,2.7881475664110416,2.510627516394528,36.88811189,Pacífico,Retiro,100.0,100.0,100.0,44,26.028124453934204,50.41925462840345,True,False,False,False,False
03,032,03092,248.68903189,46.10449955,14.15566682,26.49066909,25.94501718,187.13826367,53.43642612,68.48159509,75.74123989,50.0,108.5106383,6.30099728,11.01541251,3.03717135,85,8.87051585366357,9.58230630577077,26.49066909,Adelfas,Retiro,95.71428571428572,100.0,100.0,140,42.448910019132825,83.04441017139932,True,False,False,False,False
03,036,03084,524.51490762,45.14427841,14.46751507,24.31346283,27.82369146,168.05555556,59.50413223,63.34792123,73.4345351,66.32653061,91.04477612,10.23255814,17.87375415,4.78405316,10,2.869317874754245,3.4851488878193715,24.31346283,Niño Jesús,Retiro,100.0,100.0,100.0,47,32.676568057220265,55.473590155949076,True,False,False,False,False
03,033,03094,328.96418382,50.64672597,12.5,34.50520833,35.47169811,276.04166667,36.22641509,88.6977887,64.77732794,62.5,58.82352941,6.88311688,11.68831169,2.85714286,24,2.3406803471980115,10.253429106084472,34.50520833,Estrella,Retiro,100.0,100.0,100.0,37,28.816399845333923,62.86395235032532,True,False,False,False,False
03,036,03085,178.52596955,49.14734892,14.6811071,35.01805054,29.5532646,238.52459016,41.92439863,98.80382775,66.53386454,42.85714286,90.47619048,6.23501199,13.30935252,2.27817746,52,4.671589248907048,11.131115607427553,35.01805054,Niño Jesús,Retiro,100.0,100.0,100.0,77,21.669981541684812,48.40360753895534,True,False,False,False,False
03,036,03086,149.52849396,47.14365449,11.82902584,27.3359841,31.63636364,231.09243697,43.27272727,64.37908497,92.45283019,35.13513514,97.22222222,11.64856861,20.13820336,5.23198421,30,6.7746285215754485,4.428287086805973,27.3359841,Niño Jesús,Retiro,94.1747572815534,100.0,100.0,103,36.59904370310644,89.24469872536896,True,False,False,False,False
03,036,03087,455.32241589,46.53761165,14.30395913,26.90506599,37.65822785,188.0952381,53.16455696,70.09413469,75.25380711,49.14285714,85.45454545,7.8514141,12.57914732,3.29252849,38,5.202906593932656,7.303609879199736,26.90506599,Niño Jesús,Retiro,100.0,100.0,100.0,87,28.873950197192954,64.56462381236325,True,False,False,False,False
03,033,03090,465.72506859,52.35221028,11.77033493,42.67942584,21.74887892,362.60162602,27.57847534,119.53781513,66.43356643,80.0,82.35294118,2.28353949,4.37678402,0.47573739,1,2.2566962160342654,0.4431256599336701,42.67942584,Estrella,Retiro,100.0,100.0,100.0,34,51.243603241267465,81.88459111789503,True,False,False,False,False
03,033,03093,521.31280282,52.07655035,14.19698314,42.1472937,35.15789474,296.875,33.68421053,129.06504065,63.4551495,122.58064516,52.72727273,2.91519435,5.91872792,1.50176678,3,2.17144101177755,1.3815710321986545,42.1472937,Estrella,Retiro,100.0,100.0,100.0,35,44.11082633521616,79.38981943423171,True,False,False,False,False
03,033,03091,61.72994646,51.38826836,11.25569291,38.58165257,29.00505902,342.77456647,29.17369309,99.35149157,75.22727273,84.61538462,77.55102041,4.74333983,9.03183886,2.14424951,141,24.931173411910255,5.655570143868187,38.58165257,Estrella,Retiro,85.46365914786968,95.48872180451127,98.74686716791979,399,34.5005797058333,114.37096215322194,False,False,False,False,False
04,041,04002,191.72302321,47.35461524,10.22727273,28.03030303,30.74324324,274.07407407,36.48648649,61.96319018,89.53488372,50.0,80.0,23.04797742,37.25305738,7.24365005,20,5.544456697009622,3.607206457358917,28.03030303,Recoletos,Salamanca,100.0,100.0,100.0,89,26.924919684658853,43.595228410784756,True,False,False,False,False
04,043,04043,127.352673,46.0477127,12.44755245,24.40559441,38.68194842,196.06741573,51.00286533,58.36101883,80.6,50.92592593,90.16393443,11.72796669,19.36155448,4.44136017,6,11.315035374400914,0.5302678958984409,24.40559441,Fuente del Berro,Salamanca,64.83516483516483,97.25274725274726,100.0,182,84.48605573799213,136.99725357884225,True,False,False,False,False
04,041,04003,265.4207604,45.86399018,10.72749692,23.67447596,27.08333333,220.68965517,45.3125,52.44360902,92.75362319,34.84848485,66.66666667,24.90797546,42.94478528,8.83435583,11,3.0705962818118584,3.582366091288712,23.67447596,Recoletos,Salamanca,100.0,100.0,100.0,51,24.554909122455822,44.09376373120521,True,False,False,False,False
04,042,04042,145.80124427,47.4539117,11.36034732,28.07525326,34.79381443,247.13375796,40.46391753,65.1135006,91.09589041,41.37931034,67.79661017,11.41421393,19.31083991,4.45082556,17,9.55410227774554,1.7793403823610157,28.07525326,Goya,Salamanca,79.35483870967742,96.12903225806451,100.0,155,58.207474476938785,129.85293852046763,True,False,True,False,False
04,041,04001,90.46979633,45.44285526,8.35881753,21.71253823,26.76056338,259.75609756,38.49765258,43.00291545,90.55555556,57.97101449,142.30769231,28.13765182,49.69635628,9.31174089,46,10.920771794626472,4.21215650917952,21.71253823,Recoletos,Salamanca,100.0,100.0,100.0,174,33.03994366875431,62.35216963233785,False,False,False,False,False
04,042,04041,711.58253883,47.79199045,7.15048026,25.61366062,32.08333333,358.20895522,27.91666667,48.73015873,95.04643963,32.0,225.0,20.59447983,34.18259023,8.38641189,0,1.3238098865283554,0.0,25.61366062,Goya,Salamanca,,,,20,,,False,False,False,False,False
04,042,04040,551.96761459,48.02334182,9.66442953,28.99328859,30.55555556,300.0,33.33333333,63.01969365,85.77235772,69.3877551,73.91304348,17.82841823,25.4691689,6.16621984,3,1.3515285684997513,2.219708905842897,28.99328859,Goya,Salamanca,,,,20,,,False,False,False,False,False
04,042,04018,462.02474479,46.55395122,10.2124183,25.16339869,34.09090909,246.4,40.58441558,54.74083439,98.24561404,33.67346939,73.33333333,15.93495935,27.23577236,4.47154472,14,2.6621950747711147,5.258818233372198,25.16339869,Goya,Salamanca,100.0,100.0,100.0,43,31.40051751089314,63.759549291078244,True,False,False,False,False
04,042,04017,543.91153151,45.91114081,9.59214502,25.0755287,33.73493976,261.41732283,38.25301205,53.125,109.70873786,57.31707317,107.5,20.99322799,31.52746426,8.12641084,4,2.4434120679805433,1.6370550233493615,25.0755287,Goya,Salamanca,97.2972972972973,100.0,100.0,37,50.8108890797324,81.20209082300275,True,False,False,False,False
04,041,04013,392.34932029,45.53148536,10.93394077,23.23462415,34.31372549,212.5,47.05882353,51.90311419,88.27361564,49.25373134,100.0,24.54954955,38.4009009,8.8963964,7,2.26328925290368,3.0928437410372407,23.23462415,Recoletos,Salamanca,100.0,100.0,100.0,36,38.20903903005191,64.16198715880334,True,False,False,False,False
04,043,04046,402.91084737,48.5882065,9.98363339,29.62356792,41.43646409,296.72131148,33.70165746,65.58265583,97.32620321,38.23529412,105.55555556,12.03252033,19.3495935,4.06504065,3,1.5263922627637236,1.9654187676293156,29.62356792,Fuente del Berro,Salamanca,,,,22,,,False,False,False,False,False
04,042,04037,578.46211401,45.84024345,9.77443609,23.93483709,26.70157068,244.87179487,40.83769634,50.85066163,103.46153846,32.20338983,80.0,15.35580524,23.09612984,6.11735331,0,1.384706069088892,0.0,23.93483709,Goya,Salamanca,,,,23,,,False,False,False,False,False
04,043,04045,353.3362781,46.40840667,10.04989309,22.59444048,34.38485804,224.82269504,44.47949527,48.46560847,86.75889328,35.55555556,87.75510204,16.3946061,25.19517388,7.31014904,4,3.9877026145944794,1.0030838271039855,22.59444048,Fuente del Berro,Salamanca,80.95238095238095,100.0,100.0,63,75.02938261741683,107.02862902077474,True,False,False,False,False
04,042,04038,240.54029498,46.77846005,7.26306466,25.15500443,38.73239437,346.34146341,28.87323944,47.96854522,111.94444444,43.24324324,86.66666667,23.52941176,33.09920983,10.79894644,16,4.735173373228393,3.378968147282718,25.15500443,Goya,Salamanca,88.1578947368421,100.0,100.0,76,45.70972098811262,106.35408388479811,True,False,False,False,False
04,043,04048,645.55442434,43.98531244,11.33400201,20.36108325,25.12315271,179.6460177,55.66502463,46.40234949,96.25360231,47.82608696,124.24242424,18.30845771,31.74129353,9.85074627,3,1.556801351056258,1.9270281323719056,20.36108325,Fuente del Berro,Salamanca,,,,24,,,False,False,False,False,False
04,042,04015,343.32430454,46.54385647,10.03159558,25.11848341,32.38993711,250.39370079,39.93710692,54.20219245,97.35576923,40.59405941,127.77777778,20.62745098,32.54901961,7.1372549,10,3.713689893548399,2.6927396434937885,25.11848341,Goya,Salamanca,100.0,100.0,100.0,61,31.06586436879482,55.78967582782031,True,False,False,False,False
04,042,04039,247.48984286,45.86762469,10.77313054,23.82762991,34.57446809,221.17647059,45.21276596,52.90697674,89.70588235,41.50943396,168.18181818,18.89168766,28.71536524,7.68261965,10,3.2082124697096814,3.117000539837975,23.82762991,Goya,Salamanca,100.0,100.0,100.0,52,39.2533950928536,60.829555799354104,True,False,False,False,False
04,042,04019,236.83985713,45.21808078,11.06442577,23.80952381,27.64705882,215.18987342,46.47058824,53.5483871,93.75,51.2195122,104.16666667,20.61281337,36.62952646,9.74930362,19,3.0315843317017053,6.267349979782623,23.80952381,Goya,Salamanca,100.0,100.0,100.0,48,18.168448936914643,36.72536722568645,True,False,False,False,False
04,041,04014,210.06306201,46.35111624,10.52631579,25.1078516,35.73883162,238.52459016,41.92439863,55.43624161,90.05102041,71.01449275,122.58064516,22.45943638,36.12297182,6.74637062,29,5.574516475177479,5.2022449174081435,25.1078516,Recoletos,Salamanca,100.0,100.0,100.0,91,22.302386644180626,49.5047256122453,True,False,False,False,False
04,041,04012,172.48299865,46.40316775,10.04081633,24.97959184,28.43137255,248.7804878,40.19607843,53.89447236,91.80722892,47.47474747,65.78947368,20.50243112,37.6012966,7.05024311,22,7.15432830859829,3.0750615642784704,24.97959184,Recoletos,Salamanca,100.0,100.0,100.0,115,29.826473140988863,55.862746011695435,True,False,False,False,False
04,043,04047,742.1314116,49.20556238,8.52059925,32.58426966,29.59770115,382.41758242,26.14942529,69.79332273,92.94478528,70.83333333,100.0,15.36312849,23.83612663,7.82122905,0,1.4471830503471426,0.0,32.58426966,Fuente del Berro,Salamanca,,,,24,,,False,False,False,False,False
04,041,04004,169.07845649,48.6462741,8.31643002,27.99188641,41.30434783,336.58536585,29.71014493,57.00636943,85.25073746,47.5,108.69565217,20.58232932,34.13654618,5.82329317,21,5.890756401888109,3.5649072151870116,27.99188641,Recoletos,Salamanca,100.0,100.0,100.0,90,33.06376354331251,60.098984152809095,True,False,False,False,False
04,043,04049,682.98553178,44.55022954,8.72727273,20.29090909,34.76702509,232.5,43.01075269,40.92307692,121.08843537,40.90909091,106.4516129,19.46454414,31.47612156,8.82778582,0,2.023468925345154,0.0,20.29090909,Fuente del Berro,Salamanca,57.14285714285714,100.0,100.0,35,94.86720406974264,120.75966713337682,True,False,False,False,False
04,042,04036,336.32779317,45.00593639,11.28205128,22.94871795,31.2849162,203.40909091,49.16201117,52.1484375,98.4496124,70.21276596,92.59259259,19.05972046,28.58958069,6.22617535,8,2.3399790798838347,3.4188339839333732,22.94871795,Goya,Salamanca,100.0,100.0,100.0,36,39.186220362833,88.7425387975256,True,False,False,False,False
04,042,04032,466.93609633,44.66774186,9.53545232,21.02689487,36.62790698,220.51282051,45.34883721,44.01408451,103.58422939,46.875,66.66666667,20.74788902,32.8106152,6.87575392,1,1.7754035434507343,0.563252227184568,21.02689487,Goya,Salamanca,,,,29,,,False,False,False,False,False
04,043,04044,64.24959539,44.14609844,15.32890766,22.14846107,37.32970027,144.48818898,69.20980926,60.0,84.49197861,61.53846154,72.15189873,16.37672466,24.35512897,7.13857229,106,25.945688684388642,4.085457175156023,22.14846107,Fuente del Berro,Salamanca,62.019230769230774,82.6923076923077,97.83653846153845,416,65.53757105284322,166.46422602776948,False,False,False,False,False
04,042,04031,407.41740305,45.32094754,8.52974186,23.56902357,40.0,276.31578947,36.19047619,47.27272727,128.30188679,61.81818182,140.0,24.33035714,38.05803571,8.81696429,7,2.199218769961372,3.1829484613406382,23.56902357,Goya,Salamanca,100.0,100.0,100.0,34,36.062250404758586,62.227123636811065,True,False,False,False,False
04,042,04020,294.98858072,44.7574404,9.10240202,22.62958281,31.2849162,248.61111111,40.22346369,46.48148148,126.8907563,56.75675676,120.83333333,20.70263488,37.13927227,8.78293601,14,2.7017995003246913,5.181731656371073,22.62958281,Goya,Salamanca,97.87234042553192,100.0,100.0,47,23.457708753356776,68.32653226688065,True,False,False,False,False
04,042,04021,549.56492351,44.98086007,9.6107056,21.77615572,30.72625698,226.58227848,44.13407821,45.74468085,102.15053763,46.2962963,83.33333333,21.10977081,34.49939686,6.27261761,2,1.5084659965403007,1.3258502376500652,21.77615572,Goya,Salamanca,,,,23,,,False,False,False,False,False
04,042,04016,406.82343096,44.10461283,10.39346696,21.45508537,35.64013841,206.42857143,48.44290657,46.73202614,112.99303944,74.3902439,105.88235294,23.59882006,36.43067847,10.25073746,11,3.3331413502544986,3.300190074195355,21.45508537,Goya,Salamanca,100.0,100.0,100.0,55,25.95569750550981,49.666103088637364,True,False,False,False,False
04,043,04051,501.308797,43.88301814,10.54628225,19.34749621,34.50980392,183.45323741,54.50980392,42.68689057,103.30396476,50.57471264,62.0,20.39274924,30.96676737,10.95166163,9,2.641086707273676,3.407688197140056,19.34749621,Fuente del Berro,Salamanca,100.0,100.0,100.0,40,35.22293938652966,75.0101914602116,True,False,False,False,False
04,041,04005,55.65453618,45.44827057,10.56603774,22.64150943,29.44444444,214.28571429,46.66666667,49.71751412,87.63250883,46.66666667,127.27272727,20.07481297,35.78553616,6.6084788,122,14.41032582505022,8.466151389021409,22.64150943,Recoletos,Salamanca,100.0,100.0,100.0,231,30.13920536400581,60.22760247544069,False,False,False,False,False
04,043,04053,705.94533408,47.79424626,8.07401177,26.24053827,35.8974359,325.0,30.76923077,52.24071703,95.25,44.92753623,157.14285714,14.80865225,24.04326123,7.07154742,3,1.7026814145131233,1.7619267905486835,26.24053827,Fuente del Berro,Salamanca,,,,28,,,False,False,False,False,False
04,043,04050,681.7896317,43.78387484,11.78807947,22.25165563,28.57142857,188.76404494,52.97619048,51.6064257,110.12658228,65.78947368,114.81481481,21.34387352,36.10013175,12.25296443,4,1.1132466155443126,3.5930942381928856,22.25165563,Fuente del Berro,Salamanca,,,,20,,,False,False,False,False,False
04,042,04035,505.5617336,43.48625485,9.67741935,20.36290323,25.41254125,210.41666667,47.52475248,42.93948127,125.81344902,64.0,118.60465116,20.93645485,34.04682274,9.49832776,5,2.9571067203781762,1.6908419184007548,20.36290323,Goya,Salamanca,100.0,100.0,100.0,48,39.39684308101961,66.20364129614563,True,False,False,False,False
04,043,04052,468.47867987,44.86641532,9.10746812,22.04007286,26.44628099,242.0,41.32231405,45.23809524,106.55737705,50.76923077,146.42857143,14.14414414,23.42342342,6.03603604,21,2.369371430753924,8.86311015969239,22.04007286,Fuente del Berro,Salamanca,100.0,100.0,100.0,37,25.65124753274305,53.117177282644704,True,False,False,False,False
04,042,04033,425.6603523,44.89394847,9.44123314,22.63969171,37.44680851,239.79591837,41.70212766,47.23404255,111.71171171,47.76119403,170.83333333,19.27480916,30.62977099,6.58396947,21,2.4620568825421514,8.529453624287038,22.63969171,Goya,Salamanca,100.0,100.0,100.0,41,21.312396416111504,67.67442024822664,True,False,False,False,False
04,042,04030,440.21841016,46.63224927,9.81684982,25.56776557,34.95702006,260.44776119,38.39541547,54.76190476,103.22580645,76.08695652,108.33333333,17.69005848,27.55847953,6.21345029,8,3.10754836331044,2.5743766676177104,25.56776557,Goya,Salamanca,93.02325581395348,100.0,100.0,43,45.39027054363377,85.13739215862611,True,False,False,False,False
04,042,04026,412.7398682,47.0616837,8.45588235,27.69607843,29.20353982,327.53623188,30.53097345,56.621881,109.23694779,51.92307692,63.63636364,17.39659367,30.1703163,5.59610706,7,1.9915691779179527,3.514816395842204,27.69607843,Goya,Salamanca,93.93939393939394,100.0,100.0,33,44.80007142858779,94.13286460134088,True,False,False,False,False
04,042,04025,488.9777697,45.73364901,7.0,24.77777778,31.83856502,353.96825397,28.25112108,46.57980456,129.10447761,79.48717949,166.66666667,24.72406181,37.74834437,8.83002208,0,1.8528449679004173,0.0,24.77777778,Goya,Salamanca,,,,29,,,False,False,False,False,False
04,041,04011,298.58437693,44.80745588,10.59259259,22.0,29.29292929,207.69230769,48.14814815,48.35164835,101.77383592,39.6039604,100.0,22.94117647,35.58823529,5.44117647,18,4.554826391036878,3.9518520476259935,22.0,Recoletos,Salamanca,100.0,100.0,100.0,75,29.66625186985491,51.30700596935059,True,False,False,False,False
04,041,04010,227.99032112,43.59351552,11.85286104,19.07356948,30.71428571,160.91954023,62.14285714,44.77317554,87.77777778,63.79310345,48.48484848,21.59244265,34.54790823,7.01754386,13,3.250137972306628,3.9998301951390327,19.07356948,Recoletos,Salamanca,100.0,100.0,100.0,51,28.313110038227887,53.75773525735833,True,False,False,False,False
04,041,04007,243.55263023,43.82309412,9.34025204,20.38547072,29.45454545,218.25396825,45.81818182,42.29957806,114.47963801,70.51282051,106.25,27.42647059,43.23529412,10.95588235,18,5.584008674977285,3.2234906941782686,20.38547072,Recoletos,Salamanca,100.0,100.0,100.0,90,32.16127895581178,50.96425700410447,True,False,False,False,False
04,042,04034,402.05131059,43.80941755,9.83709273,21.05263158,31.54761905,214.01273885,46.72619048,44.69628286,122.37903226,59.13978495,110.41666667,21.40634723,31.3627878,9.27193528,21,3.9970022673106933,5.253937475029117,21.05263158,Goya,Salamanca,100.0,100.0,100.0,61,29.763858956678988,65.66364870360093,True,False,False,False,False
04,042,04029,412.60274217,45.67711103,12.95518207,25.98039216,34.77088949,200.54054054,49.86522911,63.76146789,94.20935412,47.31182796,91.66666667,15.89174185,25.60721721,5.06592644,0,3.4924634587075403,0.0,25.98039216,Goya,Salamanca,73.33333333333333,100.0,100.0,60,80.9633024383997,119.14372581869587,True,False,True,False,False
04,042,04028,647.17109557,44.80976462,6.96480938,22.58064516,28.24675325,324.21052632,30.84415584,41.93548387,136.11793612,43.33333333,119.23076923,25.65789474,40.64327485,12.42690058,5,2.1138150473153874,2.3653914311709343,22.58064516,Goya,Salamanca,91.42857142857143,100.0,100.0,35,46.13954594433744,86.76715343319638,True,False,False,False,False
04,043,04057,336.48479564,44.64722502,9.46502058,23.3744856,30.63380282,246.95652174,40.49295775,48.89705882,114.73684211,82.25806452,100.0,18.68399675,27.13241267,9.74817222,21,3.6584119578165977,5.740195538977288,23.3744856,Fuente del Berro,Salamanca,100.0,100.0,100.0,58,35.91964904261737,62.942432578986335,True,False,False,False,False
04,042,04027,766.07663307,43.62725933,8.93561104,21.15637319,22.67080745,236.76470588,42.23602484,43.12617702,130.86956522,50.0,97.5,25.24525834,41.46500981,10.13734467,3,1.9958838763731863,1.503093459250465,21.15637319,Goya,Salamanca,90.9090909090909,100.0,100.0,33,53.216598914318666,89.40648199083053,True,False,False,False,False
04,042,04024,691.90006621,43.9964616,6.8128426,18.79404855,32.91666667,275.86206897,36.25,34.42105263,126.19047619,54.44444444,111.53846154,24.9030256,40.65166796,10.39565555,0,1.8629858023817725,0.0,18.79404855,Goya,Salamanca,30.0,100.0,100.0,30,118.17463562965838,134.8599949437415,True,False,False,False,False
04,042,04023,227.24659884,44.94326764,8.58757062,23.84180791,35.07109005,277.63157895,36.01895735,47.99331104,135.43307087,69.64285714,130.0,26.42777156,37.73796193,9.51847704,9,3.9296517728767277,2.2902792715934446,23.84180791,Goya,Salamanca,93.44262295081968,100.0,100.0,61,48.851286912818445,96.3273572153161,True,False,False,False,False
04,041,04009,255.74674622,49.04418806,11.07954545,30.90909091,40.625,278.97435897,35.84558824,72.38001959,83.63309353,49.20634921,90.16393443,17.06081081,29.56081081,5.40540541,17,6.944369874625487,2.4480262870382923,30.90909091,Recoletos,Salamanca,100.0,100.0,100.0,108,39.61028339745004,66.25931229789776,True,False,False,False,False
04,043,04055,508.70725827,46.1505377,10.39342337,24.36876101,34.69879518,234.46327684,42.65060241,53.28532853,92.21453287,41.17647059,100.0,11.68907072,21.27410871,5.31852718,2,3.3634275355342047,0.5946315117154278,24.36876101,Fuente del Berro,Salamanca,71.69811320754717,98.11320754716981,100.0,53,75.15814293920367,125.82240013599605,True,False,False,False,False
04,041,04008,359.08658193,43.56345186,6.24399616,19.78866475,23.30097087,316.92307692,31.55339806,35.24057217,134.45121951,50.61728395,65.0,32.0,46.85714286,12.95238095,14,2.924085869095782,4.787821092384416,19.78866475,Recoletos,Salamanca,100.0,100.0,100.0,49,31.46076922133264,60.586946785874005,True,False,False,False,False
04,043,04056,335.65909831,45.06410637,12.48439451,23.84519351,37.95811518,191.0,52.35602094,57.05882353,95.02868069,81.17647059,103.77358491,17.19233148,26.03586889,8.16326531,6,4.8173876654340475,1.245488305425675,23.84519351,Fuente del Berro,Salamanca,73.68421052631578,98.68421052631578,100.0,76,69.27383402697126,127.07137254199122,True,False,False,False,False
04,043,04054,161.29220516,47.40664933,10.96979332,26.86804452,39.64497041,244.92753623,40.82840237,60.86956522,81.86046512,56.81818182,93.47826087,14.18439716,23.40425532,7.01339638,23,7.867708168294881,2.923341779844466,26.86804452,Fuente del Berro,Salamanca,99.21259842519686,100.0,100.0,127,35.73902930999835,68.72321263352984,True,False,False,False,False
04,041,04006,106.08988354,45.64571808,10.33776868,24.66734903,26.14107884,238.61386139,41.90871369,53.85826772,98.4375,57.8125,214.28571429,25.94484168,40.65372829,7.86516854,42,9.228024080696638,4.55135353275209,24.66734903,Recoletos,Salamanca,100.0,100.0,100.0,147,26.824453396469597,54.0539743479532,True,False,False,False,False
04,043,04058,369.6931824,45.13623861,9.11214953,22.04049844,31.80212014,241.88034188,41.34275618,45.24886878,99.0990991,49.41176471,227.27272727,16.67953668,26.40926641,8.33976834,9,3.5029047373405104,2.569296248356733,22.04049844,Fuente del Berro,Salamanca,85.96491228070175,100.0,100.0,57,47.38084998215423,108.77709084548789,True,False,False,False,False
04,044,04061,561.49417008,45.24091502,11.86556927,24.27983539,27.96610169,204.62427746,48.8700565,56.60580021,100.64655172,55.44554455,54.6875,17.40312712,24.81305235,7.54588715,21,2.61979567801179,8.015892298874727,24.27983539,Guindalera,Salamanca,100.0,100.0,100.0,42,21.498199473123883,50.75020823156224,True,False,False,False,False
04,044,04062,176.69879982,44.69478365,10.20408163,21.79300292,35.45150502,213.57142857,46.82274247,47.05251876,101.07758621,59.5505618,80.0,19.24746744,28.94356006,11.64978292,190,7.821218940871012,24.2928885428747,21.79300292,Guindalera,Salamanca,100.0,100.0,100.0,125,17.27675895532663,57.024411191213055,True,False,False,False,False
04,043,04060,210.46632702,46.414094,8.56291884,24.19955324,36.30769231,282.60869565,35.38461538,48.72646733,116.54676259,46.75324675,110.71428571,22.35381199,33.45669874,10.80680977,8,6.419079095183959,1.2462846899646645,24.19955324,Fuente del Berro,Salamanca,88.23529411764706,100.0,100.0,102,55.21068310165728,103.58362687380409,True,False,False,False,False
04,044,04063,629.75831922,44.70211738,9.66057441,22.45430809,27.90697674,232.43243243,43.02325581,47.30769231,108.41683367,65.71428571,108.88888889,19.26070039,29.83138781,10.2464332,0,2.44855836430247,0.0,22.45430809,Guindalera,Salamanca,97.43589743589743,100.0,100.0,39,53.87176347581418,88.68921237126362,True,False,False,False,False
04,044,04064,324.90109297,46.98078904,9.375,26.10294118,31.33802817,278.43137255,35.91549296,54.98575499,100.0,38.0952381,132.0,16.07305936,26.30136986,6.75799087,23,3.370256437060955,6.82440651906513,26.10294118,Guindalera,Salamanca,100.0,100.0,100.0,55,28.854910327409662,46.91506729547971,True,False,False,False,False
04,044,04065,430.81998204,44.89962789,9.60419092,22.17694994,34.64566929,230.90909091,43.30708661,46.66666667,109.30232558,59.375,68.33333333,17.28323699,26.58959538,8.26589595,7,4.0155983290727715,1.743202239457139,22.17694994,Guindalera,Salamanca,84.375,100.0,100.0,64,44.39198672797132,105.09612728786627,True,False,False,False,False
04,044,04068,315.81397089,45.69403093,11.34235172,24.55775234,36.01694915,216.51376147,46.18644068,56.09756098,108.47457627,43.28358209,67.5,13.49124614,22.96601442,7.0030896,0,3.074594823199429,0.0,24.55775234,Guindalera,Salamanca,93.87755102040816,100.0,100.0,49,69.25739310739141,93.9443117110199,True,False,False,False,False
04,044,04067,282.51571024,45.75663948,7.48476936,23.93385553,36.0,319.76744186,31.27272727,45.81218274,114.71389646,50.66666667,112.5,18.79828326,28.41201717,8.32618026,36,4.123664482303504,8.730099200478644,23.93385553,Guindalera,Salamanca,96.92307692307692,100.0,100.0,65,31.91966478531521,81.76694637783328,True,False,False,False,False
04,044,04069,319.6244481,44.12366034,12.10305572,22.10904733,29.26829268,182.67326733,54.74254743,52.00364299,103.33333333,53.04347826,104.61538462,15.82691168,24.36277416,7.58743331,14,5.2780693405583525,2.652485046458101,22.10904733,Guindalera,Salamanca,89.41176470588236,100.0,100.0,85,53.764174874907106,100.35358042944621,True,False,False,False,False
04,044,04071,75.89683093,45.91441993,9.58083832,22.49786142,36.88212928,234.82142857,42.58555133,47.22921914,98.00498753,39.13043478,65.0,11.49914821,20.69846678,4.08858603,103,15.468366538580158,6.658750925193319,22.49786142,Guindalera,Salamanca,96.35627530364373,100.0,100.0,247,31.687071496043277,75.63771242064178,False,False,False,False,False
04,044,04070,285.06194021,43.61985853,9.52023988,21.81409295,31.95876289,229.13385827,43.64261168,45.63318777,133.07888041,57.8313253,126.31578947,22.56142964,31.04988831,15.18987342,0,4.711256785087398,0.0,21.81409295,Guindalera,Salamanca,75.67567567567568,100.0,100.0,74,80.36030585778718,118.08676175234844,True,False,False,False,False
04,044,04072,276.87365314,48.25709337,11.31221719,26.84766214,38.20224719,237.33333333,42.13483146,61.70731707,80.61674009,42.59259259,68.18181818,9.93975904,17.1686747,3.76506024,2,2.3982057970285138,0.833956786560224,26.84766214,Guindalera,Salamanca,82.85714285714286,100.0,100.0,35,58.791672879844924,108.37048239203928,True,False,False,False,False
04,044,04073,342.70635248,47.57450498,11.90817791,27.04447633,48.27586207,227.10843373,44.03183024,63.80728555,76.92307692,67.44186047,80.0,7.46799431,14.50924609,3.12944523,9,4.1026376949782914,2.193710648887221,27.04447633,Guindalera,Salamanca,96.92307692307692,100.0,100.0,65,47.09104234395714,86.99460667193111,True,False,False,False,False
04,044,04085,281.1338435,41.51966221,12.33709818,15.50825369,32.4929972,125.70422535,79.55182073,38.59121011,110.78680203,55.90551181,81.0,16.11374408,24.9461439,7.58293839,33,8.255854119594643,3.997163651629576,15.50825369,Guindalera,Salamanca,99.25373134328358,100.0,100.0,134,35.20709559859434,73.02871504043098,True,False,False,False,False
04,044,04075,613.99902527,46.91354057,14.56211813,25.56008147,44.62151394,175.52447552,56.97211155,67.00680272,66.10169492,58.44155844,73.33333333,6.38945233,11.05476673,3.44827586,8,1.6058657414968376,4.981736513379475,25.56008147,Guindalera,Salamanca,,,,29,,,False,False,False,False,False
04,044,04084,326.59766898,47.25892911,12.69230769,26.79487179,40.19138756,211.11111111,47.36842105,65.25423729,66.1971831,63.26530612,100.0,7.08860759,11.89873418,2.15189873,9,2.4188782561546094,3.7207329377162086,26.79487179,Guindalera,Salamanca,100.0,100.0,100.0,38,29.699008419089473,62.87068517534828,True,False,False,False,False
04,044,04076,489.41829593,49.38256865,11.95402299,28.16091954,51.83673469,235.57692308,42.44897959,66.9865643,66.98717949,35.35353535,129.62962963,5.14874142,10.52631579,2.97482838,12,1.7857934761715595,6.7197020036863275,28.16091954,Guindalera,Salamanca,100.0,100.0,100.0,30,31.94131254939027,58.37713541949792,True,False,False,False,False
04,044,04083,417.2006693,42.72435053,18.13333333,20.0,50.66666667,110.29411765,90.66666667,61.63793103,82.67716535,76.19047619,93.02325581,6.61375661,16.53439153,2.64550265,17,1.812077629876257,9.381496531779874,20.0,Guindalera,Salamanca,,,,29,,,False,False,False,False,False
04,044,04074,87.6345642,48.86727142,11.21157324,29.02350814,40.18691589,258.87096774,38.62928349,67.32223903,84.12256267,39.53488372,97.43589744,9.28764653,17.13255185,4.68890893,97,12.654824156999632,7.665061070512575,29.02350814,Guindalera,Salamanca,100.0,100.0,100.0,207,26.650908052238705,61.006330485139095,False,False,False,False,False
04,044,04077,495.2221489,48.8074977,13.78353377,28.12210916,46.05263158,204.02684564,49.01315789,72.13375796,55.0617284,50.54945055,71.79487179,2.7598896,6.62373505,0.9199632,10,2.194974522885977,4.5558615354003695,28.12210916,Guindalera,Salamanca,100.0,100.0,100.0,31,28.58519896680231,53.12356915675988,True,False,False,False,False
04,044,04082,382.14914794,45.0681294,13.860252,23.71134021,40.09661836,171.07438017,58.45410628,60.18348624,90.55944056,44.11764706,110.52631579,9.08059024,17.82065834,4.31328036,11,2.3053826097848575,4.771442255750571,23.71134021,Guindalera,Salamanca,100.0,100.0,100.0,40,31.625204813629054,61.319317537905775,True,False,False,False,False
04,044,04078,385.14615677,48.10770994,13.38709677,27.41935484,49.41176471,204.81927711,48.82352941,68.9373297,72.30046948,54.0,46.15384615,4.32692308,10.09615385,1.6025641,2,1.6201641611228768,1.2344428101741696,27.41935484,Guindalera,Salamanca,,,,26,,,False,False,False,False,False
04,044,04079,470.88913729,47.86579821,12.66846361,27.94249775,42.4437299,220.56737589,45.33762058,68.38124054,76.26666667,45.05494505,69.76744186,7.23214286,13.75,2.67857143,11,2.3784791605995133,4.624804026967959,27.94249775,Guindalera,Salamanca,100.0,100.0,100.0,38,26.690466392287174,44.605019494528804,True,False,False,False,False
04,044,04081,219.18849732,47.2740046,12.97497683,26.22798888,51.59010601,202.14285714,49.46996466,64.48170732,84.26966292,59.30232558,84.44444444,6.15808824,12.22426471,3.21691176,29,4.963764126888636,5.84234046152746,26.22798888,Guindalera,Salamanca,90.78947368421053,100.0,100.0,76,47.53657022239713,97.6974090288103,True,False,False,False,False
04,044,04080,86.99945144,46.48511634,10.8496732,23.66013072,40.33149171,218.07228916,45.85635359,52.69461078,80.21582734,71.875,50.0,10.32679739,15.4248366,5.62091503,62,8.793158891743305,7.05093593364012,23.66013072,Guindalera,Salamanca,90.71428571428571,99.28571428571429,100.0,140,35.12568149437683,94.19588752811332,False,False,False,False,False
04,045,04105,373.2247937,45.38263491,11.71735242,24.41860465,26.00732601,208.39694656,47.98534799,56.66199158,93.22493225,43.52941176,72.54901961,15.83629893,27.31316726,6.67259786,14,3.0115898487374078,4.648707394823177,24.41860465,Lista,Salamanca,100.0,100.0,100.0,51,31.930314749674206,57.2483563776783,True,False,False,False,False
04,045,04106,622.8531733,45.11404981,8.4280303,22.34848485,27.54237288,265.16853933,37.71186441,44.45964432,113.74269006,47.36842105,113.04347826,21.52255639,33.27067669,9.02255639,4,1.7082677677680222,2.3415532830817822,22.34848485,Lista,Salamanca,,,,25,,,False,False,False,False,False
04,045,04109,454.76800014,45.66158515,10.56603774,24.08805031,37.59791123,227.97619048,43.86422977,53.03176131,94.20560748,59.43396226,79.66101695,17.03056769,25.38989395,7.0492826,13,3.5248742205084147,3.688074860760543,24.08805031,Lista,Salamanca,98.24561403508771,100.0,100.0,57,28.047691526849075,66.23713084141227,True,False,False,False,False
04,045,04110,759.04685065,42.81437173,9.80230643,21.41680395,26.92307692,218.48739496,45.76923077,45.38922156,144.86803519,125.0,107.5,25.49019608,38.15359477,8.9869281,6,1.6125486838460263,3.720817895364025,21.41680395,Lista,Salamanca,,,,23,,,False,False,False,False,False
04,045,04107,405.73046788,44.54998343,12.74238227,21.74515235,31.21019108,170.65217391,58.59872611,52.64270613,89.95983936,67.44186047,92.85714286,15.05524862,26.38121547,4.28176796,3,1.7844358689066875,1.6812035962032532,21.74515235,Lista,Salamanca,100.0,100.0,100.0,32,52.547377980196345,76.8278781058164,True,False,False,False,False
04,045,04108,259.27979506,44.09913973,9.36842105,20.73684211,31.47208122,221.34831461,45.17766497,43.07228916,108.80503145,64.28571429,63.33333333,21.68925965,34.09801877,10.01042753,13,3.698707027196083,3.5147417474303295,20.73684211,Lista,Salamanca,100.0,100.0,100.0,57,29.299633103924982,55.575103685228456,True,False,False,False,False
04,045,04111,330.27295903,45.77556509,9.77751756,23.82903981,29.97542998,243.71257485,41.03194103,50.61728395,95.85492228,58.82352941,71.73913043,18.56392294,28.42965558,6.88849971,19,5.186618986372761,3.6632727504989844,23.82903981,Lista,Salamanca,100.0,100.0,100.0,87,30.618219885834662,62.69989747482954,True,False,False,False,False
04,046,04114,151.15909191,45.09827678,10.51486584,26.25090645,27.0718232,249.65517241,40.05524862,58.14220183,109.11270983,156.96202532,132.25806452,21.4953271,31.99137311,6.90150971,41,9.202225168530052,4.455444118039254,26.25090645,Castellana,Salamanca,100.0,100.0,100.0,148,29.286826302322996,57.37465568685963,True,False,False,False,False
04,045,04104,602.96748857,45.65001436,8.41836735,23.7244898,29.74910394,281.81818182,35.48387097,47.36842105,115.09433962,55.71428571,80.0,21.19932432,32.85472973,9.7972973,10,1.9636216254585515,5.092630815605713,23.7244898,Lista,Salamanca,,,,29,,,False,False,False,False,False
04,046,04116,335.62752001,44.96503887,11.91037736,22.16981132,36.17021277,186.13861386,53.72340426,51.69946333,96.14035088,42.37288136,80.55555556,21.55477032,33.45111896,6.94935218,16,2.5295899453473325,6.325135830583433,22.16981132,Castellana,Salamanca,100.0,100.0,100.0,44,21.812086708943145,38.52646297700788,True,False,False,False,False
04,045,04102,317.63823052,46.21572635,7.19729043,24.64013548,49.82817869,342.35294118,29.20962199,46.70807453,151.5625,63.79310345,86.66666667,26.85810811,40.28716216,11.14864865,19,3.7275110054313934,5.097235118102914,24.64013548,Lista,Salamanca,100.0,100.0,100.0,64,35.646615712261564,61.99160560574121,True,False,False,False,False
04,046,04115,178.13712371,48.55192361,12.00923788,30.02309469,33.46153846,250.0,40.0,72.65469062,73.65684575,49.23076923,71.42857143,13.36775674,25.24383247,4.1881813,57,9.784597189573207,5.825482530925351,30.02309469,Castellana,Salamanca,100.0,100.0,100.0,150,26.25142904362677,53.2264969238089,True,False,False,False,False
04,046,04117,85.22597898,44.98084105,11.16687578,20.57716437,29.87804878,184.26966292,54.26829268,46.59300184,84.06779661,57.14285714,57.69230769,22.5,32.375,7.375,86,9.38680915853896,9.16179273995017,20.57716437,Castellana,Salamanca,100.0,100.0,100.0,151,18.028158530042354,45.86727046575151,False,False,False,False,False
04,045,04103,552.71232127,45.84624342,7.5562701,24.43729904,39.14473684,323.40425532,30.92105263,47.04491726,138.30985915,43.58974359,145.83333333,20.35115722,29.36951317,9.97605746,6,2.2670021126428037,2.6466671409517915,24.43729904,Lista,Salamanca,100.0,100.0,100.0,35,32.6007868005049,63.44468967604531,True,False,False,False,False
04,045,04101,561.43861338,42.69986044,5.88235294,18.53496115,34.13173653,315.09433962,31.73652695,32.30543319,168.11023622,42.62295082,209.09090909,34.94505495,49.67032967,17.8021978,3,1.6208361489986276,1.850896527606098,18.53496115,Lista,Salamanca,,,,21,,,False,False,False,False,False
04,045,04100,486.3422397,46.18270989,12.33243968,26.13941019,34.87179487,211.95652174,47.17948718,62.52723312,85.82995951,66.66666667,112.0,10.42780749,17.51336898,3.87700535,6,1.538011587189116,3.901140960170303,26.13941019,Lista,Salamanca,,,,26,,,False,False,False,False,False
04,045,04112,405.41524374,44.48,10.0,23.28,36.08247423,232.8,42.95532646,49.88009592,118.32460733,70.51282051,110.0,21.15689382,29.95245642,9.03328051,16,3.112857790841476,5.139971394476983,23.28,Lista,Salamanca,93.75,100.0,100.0,48,43.21056563014447,81.85382317905568,True,False,False,False,False
04,045,04113,345.66783456,46.53067926,9.54907162,26.34836428,48.32214765,275.92592593,36.24161074,56.0,122.39263804,62.68656716,83.33333333,17.04745167,27.76801406,5.3602812,37,3.292177883544873,11.23876087769596,26.34836428,Lista,Salamanca,100.0,100.0,100.0,53,21.96466252873813,50.78586097001262,True,False,False,False,False
04,046,04120,352.62998388,44.73158244,12.43243243,24.10810811,32.28699552,193.91304348,51.56950673,57.58091993,97.64309764,53.73134328,107.89473684,18.09421842,28.90792291,7.81584582,11,2.6486686972113698,4.1530297887317,24.10810811,Castellana,Salamanca,100.0,100.0,100.0,44,22.618517389663133,43.78265941179102,True,False,False,False,False
04,046,04121,437.31568465,45.86530503,9.29626412,24.5004344,35.46099291,263.55140187,37.94326241,51.04986877,108.19672131,84.0,119.23076923,18.37088388,28.85615251,7.45233969,14,2.63882600262926,5.305389588419529,24.5004344,Castellana,Salamanca,100.0,100.0,100.0,45,22.17528254589367,43.390728965389016,True,False,False,False,False
04,046,04119,192.0151638,47.90587306,7.15350224,28.53949329,29.50391645,398.95833333,25.06527415,55.50405562,104.50236967,54.73684211,240.0,19.04059041,32.39852399,6.7896679,34,7.056734339148249,4.818092670908711,28.53949329,Castellana,Salamanca,100.0,100.0,100.0,114,24.219302896776924,49.199752135023516,True,False,False,False,False
04,045,04099,282.67683461,45.01409115,8.78438332,23.42502218,37.87878788,266.66666667,37.5,47.51308901,129.42942943,55.81395349,125.80645161,18.58019281,30.06134969,9.99123576,14,4.036411408042915,3.4684274184994455,23.42502218,Lista,Salamanca,100.0,100.0,100.0,66,30.930837756039388,57.52180322442642,True,False,False,False,False
04,045,04098,435.14570516,47.37122077,9.92248062,28.68217054,37.2972973,289.0625,34.59459459,62.87878788,107.87401575,67.81609195,127.02702703,13.15384615,20.92307692,4.15384615,9,2.9875050691926766,3.01254718956246,28.68217054,Lista,Salamanca,97.91666666666666,100.0,100.0,48,50.59415363390393,85.4780420245221,True,False,False,False,False
04,045,04097,316.84658604,43.345857,12.8358209,20.89552239,31.42857143,162.79069767,61.42857143,50.9009009,101.81818182,45.33333333,97.5,18.54043393,27.31755424,7.69230769,14,3.2002869674920307,4.374607696812696,20.89552239,Lista,Salamanca,98.07692307692307,100.0,100.0,52,27.883723575525668,65.86756824523246,True,False,False,False,False
04,044,04087,373.24126301,43.59864811,8.98919753,18.78858025,32.23819302,209.01287554,47.84394251,38.46153846,115.17241379,45.12195122,132.35294118,17.88028974,28.2882196,8.34921845,9,7.027625988660171,1.2806600713416545,18.78858025,Guindalera,Salamanca,100.0,100.0,100.0,109,47.596607022795105,71.50042868051003,True,False,False,False,False
04,044,04088,484.34004692,44.37547436,10.78619367,23.6337488,33.26572008,219.11111111,45.63894523,52.48538012,119.23076923,54.36893204,150.0,17.75878443,28.91737892,8.68945869,12,4.3481847379276415,2.7597723471425546,23.6337488,Guindalera,Salamanca,100.0,100.0,100.0,71,34.003543933374075,60.282144951455386,True,False,False,False,False
04,046,04127,338.13045667,37.25299195,6.71521036,15.12944984,36.89839572,225.30120482,44.38502674,27.95031056,264.52830189,430.6122449,176.19047619,43.31723027,56.36070853,15.2979066,8,3.6731385047445846,2.177973955968831,15.12944984,Castellana,Salamanca,100.0,100.0,100.0,58,34.08091657803271,66.34678922164224,True,False,False,False,False
04,044,04089,561.11457206,44.95953213,7.53246753,20.64935065,32.0754717,274.13793103,36.47798742,39.24050633,112.69230769,39.58333333,118.75,21.59383033,31.61953728,8.48329049,6,1.3865261013344576,4.327361738250235,20.64935065,Guindalera,Salamanca,,,,24,,,False,False,False,False,False
04,046,04118,88.5344137,46.58796794,9.16976456,25.15489467,38.91625616,274.32432432,36.45320197,52.26415094,102.29007634,56.4516129,95.23809524,19.11220715,35.26510481,7.02836005,49,9.160279783894447,5.3491815922644115,25.15489467,Castellana,Salamanca,100.0,100.0,100.0,149,25.43033228223362,51.92733125146805,False,False,False,False,False
04,044,04093,534.4380939,41.78124347,11.70542636,16.89922481,27.52293578,144.37086093,69.26605505,40.06514658,115.18691589,33.33333333,98.07692308,21.88940092,36.86635945,9.9078341,15,2.436203584387704,6.157120897500847,16.89922481,Guindalera,Salamanca,100.0,100.0,100.0,37,21.01782338835376,46.46409854685339,True,False,False,False,False
04,044,04090,459.93071064,44.39843187,9.8149638,22.04344328,31.38686131,224.59016393,44.52554745,46.75324675,120.0,30.98591549,68.08510638,16.89243028,28.68525896,7.49003984,11,2.7286718868101247,4.031265192847805,22.04344328,Guindalera,Salamanca,100.0,100.0,100.0,45,40.7708928033196,80.32799477844871,True,False,False,False,False
04,045,04096,417.00159547,43.34519002,8.29015544,20.4015544,32.06349206,246.09375,40.63492063,40.23614896,135.25641026,65.16853933,137.93103448,25.52783109,36.53230966,11.19641715,12,3.7481870980590224,3.2015477579051836,20.4015544,Lista,Salamanca,98.27586206896551,100.0,100.0,58,34.916024438625485,82.35025179675232,True,False,False,False,False
04,046,04123,418.85738102,42.88658559,9.18009811,21.16327961,38.41059603,230.53435115,43.37748344,43.56136821,149.74874372,72.34042553,137.83783784,22.93832294,32.29383229,9.84060984,18,3.445086717819907,5.224832195629206,21.16327961,Castellana,Salamanca,100.0,100.0,100.0,54,24.95562741364108,67.92400013484665,True,False,False,False,False
04,046,04124,339.71682733,41.89656534,7.1297989,17.6416819,31.60621762,247.43589744,40.41450777,32.92831106,148.64048338,111.76470588,127.77777778,31.66969147,43.92014519,14.60980036,7,3.2438781694988648,2.1579108814315937,17.6416819,Castellana,Salamanca,100.0,100.0,100.0,52,46.21886476591797,75.37061937588706,True,False,False,False,False
04,046,04126,295.10236087,45.75044254,9.30064888,26.02739726,32.68698061,279.84496124,35.73407202,54.62653289,125.37688442,71.26436782,185.71428571,20.77087794,32.19129193,9.35046395,17,4.747505224538821,3.580828076213735,26.02739726,Castellana,Salamanca,100.0,100.0,100.0,75,28.11300233034595,52.47530725478311,True,False,False,False,False
04,046,04128,594.69778415,42.01603261,7.71889401,19.12442396,28.01204819,247.76119403,40.36144578,36.69291339,162.93995859,59.63302752,150.0,30.77803204,44.79405034,13.04347826,13,2.9393080764583965,4.422809607512744,19.12442396,Castellana,Salamanca,100.0,100.0,100.0,47,39.136936441784805,80.45022778514696,True,False,False,False,False
04,044,04092,570.7364545,45.7979237,7.6765609,24.56499488,31.25,320.0,31.25,47.58308157,131.46853147,42.37288136,125.0,20.75279756,29.39979654,9.25737538,3,1.7223361014602352,1.7418203087402817,24.56499488,Guindalera,Salamanca,,,,28,,,False,False,False,False,False
04,046,04130,119.87996011,42.05239636,8.54700855,17.82661783,32.87671233,208.57142857,47.94520548,35.82089552,146.12244898,89.09090909,90.90909091,28.72727273,40.60606061,11.03030303,51,6.881884171781497,7.410761170483018,17.82661783,Castellana,Salamanca,100.0,100.0,100.0,108,24.235814895459477,52.53798572933997,True,False,False,False,False
04,044,04091,411.6974045,42.50723845,7.03959774,16.21621622,36.04651163,230.35714286,43.41085271,30.3030303,139.41176471,51.11111111,145.16129032,27.84019975,41.19850187,14.23220974,18,3.8912074316982994,4.625813533704108,16.21621622,Guindalera,Salamanca,100.0,100.0,100.0,60,31.805526538918738,63.570820435378536,True,False,False,False,False
04,044,04094,351.7747248,45.72689888,10.99365751,26.56800564,32.09549072,241.66666667,41.37931034,60.15801354,111.45584726,40.96385542,71.42857143,16.17852162,23.15202232,6.48535565,10,4.076472523182315,2.4531012887076837,26.56800564,Guindalera,Salamanca,100.0,100.0,100.0,64,32.13697269731319,50.46956023436848,True,False,False,False,False
05,052,05031,370.15605836,42.96433268,12.54901961,20.58823529,29.04761905,164.0625,60.95238095,49.5601173,109.84615385,72.22222222,107.69230769,15.75875486,22.95719844,9.3385214,33,2.777207009811019,11.882441562123796,20.58823529,Prosperidad,Chamartín,100.0,100.0,100.0,45,28.28719144750714,61.9067320785562,True,False,False,False,False
05,052,05014,221.12656907,43.96771415,8.74635569,23.1292517,28.99159664,264.44444444,37.81512605,46.79029957,132.1192053,62.06896552,145.83333333,20.55449331,28.01147228,9.65583174,9,4.73032256780752,1.902618663101331,23.1292517,Prosperidad,Chamartín,89.74358974358975,100.0,100.0,78,39.970101425805645,98.82076709522813,True,False,False,False,False
04,044,04131,144.65654716,40.22592961,14.89197531,14.42901235,29.41176471,96.89119171,103.20855615,41.48471616,101.31868132,122.0,67.69230769,13.84850803,22.0351951,5.89135425,10,9.03519422821187,1.1067830693418388,14.42901235,Guindalera,Salamanca,70.4225352112676,96.47887323943662,100.0,142,71.93021083187682,129.45203898356098,True,False,False,False,False
05,052,05032,369.71790875,42.68437079,10.89045484,17.36066624,33.94833948,159.41176471,62.73062731,39.375,106.26151013,61.0,69.49152542,21.52380952,34.41269841,12.44444444,22,4.260004621641594,5.164313646101702,17.36066624,Prosperidad,Chamartín,100.0,100.0,100.0,68,44.66318128157181,76.36986475613806,True,False,False,False,False
05,051,05013,253.70514762,42.55538043,11.8226601,20.68965517,34.52380952,175.0,57.14285714,48.17518248,127.38589212,41.66666667,176.92307692,15.33816425,24.27536232,6.52173913,24,3.2636310605294865,7.353772394881632,20.68965517,El Viso,Chamartín,100.0,100.0,100.0,51,18.456608572557634,28.378653950234057,True,False,False,False,False
05,052,05030,384.66804435,45.69232351,7.79742765,21.22186495,32.57575758,272.16494845,36.74242424,40.88335221,102.05949657,31.57894737,136.0,17.29083665,26.37450199,10.11952191,2,3.2625533065154464,0.6130168037426152,21.22186495,Prosperidad,Chamartín,94.11764705882352,100.0,100.0,51,55.03350252342648,93.23944765988905,True,False,False,False,False
04,044,04086,120.62534646,46.71455322,10.66084788,27.80548628,34.52914798,260.81871345,38.34080717,62.57606491,112.5,46.26865672,79.66101695,16.57390229,25.66481138,8.41063698,6,13.405142844342263,0.4475894117407591,27.80548628,Guindalera,Salamanca,47.926267281105986,87.09677419354838,100.0,217,105.15187920435244,160.21731947316457,True,False,True,False,False
05,052,05015,429.52196934,45.30098474,7.97101449,23.36956522,29.84496124,293.18181818,34.10852713,45.64643799,137.61755486,39.3442623,134.7826087,17.95332136,27.55834829,8.97666068,3,2.5935809563130983,1.156701892299767,23.36956522,Prosperidad,Chamartín,100.0,100.0,100.0,42,47.209600645913156,85.41980231591805,True,False,False,False,False
05,052,05033,276.50943688,46.57277778,10.9375,26.171875,31.52985075,239.28571429,41.79104478,59.00621118,91.09792285,57.14285714,87.09677419,10.91703057,18.14653081,5.43425522,30,7.453633493621648,4.0248826328356655,26.171875,Prosperidad,Chamartín,95.08196721311475,100.0,100.0,122,34.1539247175914,78.53812446118881,True,False,False,False,False
05,051,05011,474.87362493,42.16958929,11.01694915,19.00726392,36.94267516,172.52747253,57.96178344,42.90657439,135.91836735,56.60377358,177.27272727,16.9047619,26.07142857,8.0952381,6,1.7688916711992066,3.3919544637418895,19.00726392,El Viso,Chamartín,,,,28,,,False,False,False,False,False
05,052,05029,478.64475983,43.81280022,9.54219526,18.75344732,34.41176471,196.53179191,50.88235294,39.46153846,111.38211382,48.57142857,94.64285714,21.12753147,34.81116585,11.54898741,2,3.817027059198811,0.5239679910521245,18.75344732,Prosperidad,Chamartín,63.934426229508205,91.80327868852459,100.0,61,80.42640362469434,145.41597711400004,True,False,False,False,False
05,052,05016,597.14324951,44.96899535,6.76156584,23.36892052,35.02538071,345.61403509,28.93401015,43.12393888,127.41312741,46.0,105.55555556,19.18604651,29.88372093,10.46511628,2,1.4401904412573039,1.388705231409518,23.36892052,Prosperidad,Chamartín,,,,24,,,False,False,False,False,False
05,052,05034,411.02137417,44.72595294,14.23487544,23.02999492,31.34657837,161.78571429,61.81015453,59.40032415,83.08605341,71.71717172,89.69072165,12.85425101,22.46963563,6.42712551,23,4.8075358707793825,4.78415567105718,23.02999492,Prosperidad,Chamartín,100.0,100.0,100.0,77,30.24743294891333,57.04818620562176,True,False,False,False,False
05,052,05035,729.69215335,48.51577511,9.57722174,28.4728214,36.96969697,297.2972973,33.63636364,61.42061281,86.01036269,39.75903614,89.18918919,9.01287554,16.99570815,4.03433476,9,1.5965636942213108,5.637106764092837,28.4728214,Prosperidad,Chamartín,,,,27,,,False,False,False,False,False
05,052,05018,583.91830768,45.66360123,7.5604053,23.77240842,32.45901639,314.43298969,31.80327869,45.62996595,127.64857881,25.55555556,96.875,18.86066205,30.86989992,12.77906082,0,2.2246262583134593,0.0,23.77240842,Prosperidad,Chamartín,21.951219512195124,82.92682926829268,100.0,41,120.16226570794716,152.97299761788145,True,False,False,False,False
05,052,05017,566.1737203,45.94467166,9.19452888,24.84802432,30.27522936,270.24793388,37.0030581,51.61290323,107.65550239,31.46067416,112.82051282,15.96701649,26.83658171,8.84557721,9,2.3561672895942007,3.8197627306633466,24.84802432,Prosperidad,Chamartín,100.0,100.0,100.0,33,60.02474573068815,96.55218080785804,True,False,False,False,False
05,052,05028,615.92136065,45.21445057,9.2987013,22.96103896,30.54298643,246.9273743,40.49773756,47.62269939,110.66235864,46.55172414,86.66666667,16.52935118,26.67353244,9.6292482,1,3.1529999186072573,0.3171582701599688,22.96103896,Prosperidad,Chamartín,81.63265306122449,100.0,100.0,49,71.67486588762239,107.0749869909256,True,False,False,False,False
05,051,05012,282.98987758,42.25201506,11.70117012,20.3420342,29.20353982,173.84615385,57.52212389,47.15231788,138.92405063,54.90196078,140.0,19.574845,26.48361382,7.79450841,42,3.9895419923641464,10.527524232201749,20.3420342,El Viso,Chamartín,100.0,100.0,100.0,64,22.4117654047417,46.18792679858219,True,False,False,False,False
05,051,05010,173.86873726,41.945196,11.62540366,19.05274489,31.63841808,163.88888889,61.01694915,44.32348367,132.97101449,59.57446809,204.34782609,22.52631579,31.47368421,8.94736842,6,5.463891985301275,1.098118340578646,19.05274489,El Viso,Chamartín,97.77777777777777,100.0,100.0,90,46.13309659690637,89.34694049837209,True,False,False,False,False
05,052,05019,398.28960515,46.70105597,10.36324786,25.42735043,33.61344538,245.36082474,40.75630252,55.74043261,85.49382716,41.81818182,111.42857143,13.41077086,23.12565998,6.86378036,15,2.3776668729468304,6.308705466972888,25.42735043,Prosperidad,Chamartín,100.0,100.0,100.0,34,34.07996947361066,78.56549312181373,True,False,False,False,False
05,051,05001,39.45747369,46.35393239,13.40640809,26.47554806,45.54140127,197.48427673,50.63694268,66.33941094,85.19480519,62.33766234,129.26829268,11.2687813,21.20200334,5.0918197,79,30.36180191112258,2.6019536070769096,26.47554806,El Viso,Chamartín,97.71784232365145,100.0,100.0,482,36.15809967783833,70.58994390872112,False,False,False,False,False
05,052,05027,657.41359632,46.96052841,9.29544109,25.69567792,39.63133641,276.43312102,36.17511521,53.82513661,99.63636364,36.19047619,156.09756098,13.59109549,23.90158172,6.67838313,7,2.596538936142678,2.695896411397143,25.69567792,Prosperidad,Chamartín,85.36585365853658,100.0,100.0,41,61.93134322729911,101.72266463253948,True,False,False,False,False
05,052,05025,516.60402171,48.2115537,11.17318436,26.90875233,41.52249135,240.83333333,41.52249135,61.59638554,78.49462366,38.88888889,134.375,7.40055504,15.72617946,4.16281221,6,2.0925117780325038,2.8673673730245546,26.90875233,Prosperidad,Chamartín,100.0,100.0,100.0,32,31.557039726726117,51.91948146825724,True,False,False,False,False
05,053,05042,390.0265589,47.24838296,9.76845152,27.93053546,32.12435233,285.92592593,34.97409326,60.51103368,99.30555556,51.2195122,100.0,17.25125268,26.62848962,10.02147459,57,3.5818073619055575,15.913753655829058,27.93053546,Ciudad Jardín,Chamartín,95.0,100.0,100.0,60,43.12897586770842,82.49745829921677,True,False,False,False,False
05,052,05026,685.33883217,46.78532541,12.00686106,26.81532304,34.96801706,223.33333333,44.7761194,63.45794393,82.59385666,35.05154639,89.85507246,15.22354273,24.44821732,7.86644029,13,2.5782867058794836,5.042107989912452,26.81532304,Prosperidad,Chamartín,97.5609756097561,100.0,100.0,41,35.21938467680902,70.51949759413449,True,False,False,False,False
05,053,05041,552.31137276,43.4763455,9.67465753,18.92123288,27.60180995,195.57522124,51.13122172,40.04796163,117.1875,42.1686747,82.05128205,23.25976231,40.06791171,15.19524618,8,2.132854867922864,3.750841241153463,18.92123288,Ciudad Jardín,Chamartín,100.0,100.0,100.0,34,32.51832582956574,68.52928070659372,True,False,False,False,False
05,051,05002,38.76900705,43.49081506,13.7654321,19.87654321,32.29813665,144.39461883,69.25465839,50.69767442,81.89509306,60.33057851,85.50724638,16.77893448,29.0263319,6.61359461,84,42.121274809750055,1.9942416363085962,19.87654321,El Viso,Chamartín,82.02080237741455,95.0965824665676,99.70282317979198,673,48.42954160469497,125.84532837151859,False,False,False,False,False
05,052,05020,490.53451107,45.83198675,10.11705686,24.08026756,30.20833333,238.01652893,42.01388889,51.96950445,96.75,38.63636364,111.11111111,16.97019868,26.57284768,9.10596026,3,2.4626198009584224,1.218214845357954,24.08026756,Prosperidad,Chamartín,92.5,100.0,100.0,40,46.22895393701626,92.14610550725678,True,False,False,False,False
05,052,05024,652.92526985,48.62169031,9.39357907,27.70511296,47.21030043,294.93670886,33.9055794,58.97920605,86.92579505,34.7826087,124.0,10.63829787,18.321513,6.26477541,7,1.2957072410243837,5.4024549515257885,27.70511296,Prosperidad,Chamartín,,,,21,,,False,False,False,False,False
05,053,05043,166.67836306,49.19981855,11.22778675,31.50242326,41.02564103,280.57553957,35.64102564,74.61212976,80.86734694,34.32835821,100.0,14.78816946,23.10151878,7.91366906,48,7.505473278041825,6.39533287533377,31.50242326,Ciudad Jardín,Chamartín,98.34710743801654,100.0,100.0,121,26.677636626791553,73.55471634061215,True,False,False,False,False
05,052,05021,319.02101425,46.8829177,7.73480663,23.06629834,34.13173653,298.21428571,33.53293413,44.51097804,96.47058824,34.48275862,166.66666667,14.81481481,28.94375857,10.56241427,23,2.2851159247811776,10.065134880280736,23.06629834,Prosperidad,Chamartín,97.22222222222221,100.0,100.0,36,28.12114710239908,73.46905866507554,True,False,False,False,False
05,053,05045,561.20143472,43.65100583,12.83863369,20.49469965,34.1954023,159.63302752,62.64367816,50.0,93.17406143,48.57142857,105.63380282,17.02623907,26.0058309,8.86297376,3,3.0559437198502555,0.9816934718113863,20.49469965,Ciudad Jardín,Chamartín,76.0,100.0,100.0,50,61.58970576341215,119.60007726090475,True,False,False,False,False
05,052,05036,107.17132427,50.54522997,8.52904821,34.67243511,31.01604278,406.52173913,24.59893048,76.0609358,89.48453608,48.51485149,93.33333333,9.66360856,14.9235474,4.22018349,37,15.255946599179998,2.4252837907802283,34.67243511,Prosperidad,Chamartín,84.5528455284553,95.52845528455285,100.0,246,59.208581822672954,113.80451526640783,True,False,False,False,False
05,053,05040,586.2901016,45.34230856,12.02263083,25.03536068,31.07344633,208.23529412,48.02259887,58.87640449,102.27272727,55.0,125.0,11.36044881,20.19635344,6.59186536,4,1.2161215037653235,3.289145030011644,25.03536068,Ciudad Jardín,Chamartín,,,,18,,,False,False,False,False,False
05,052,05022,654.34821673,44.59895874,12.03966006,22.02549575,31.18971061,182.94117647,54.66237942,51.66487648,87.7016129,60.49382716,81.48148148,14.82517483,25.24475524,7.41258741,11,2.1853807551388003,5.033447820996006,22.02549575,Prosperidad,Chamartín,100.0,100.0,100.0,35,27.638952585766656,52.45796385228224,True,False,False,False,False
05,053,05047,604.83555013,43.7047963,11.22257053,19.87460815,32.49211356,177.09497207,56.46687697,45.13193813,105.80524345,45.37037037,114.28571429,16.35802469,28.08641975,8.08641975,0,2.6784139914428744,0.0,19.87460815,Ciudad Jardín,Chamartín,69.04761904761905,100.0,100.0,42,89.58102489705459,118.57302333599296,True,False,False,False,False
05,053,05044,315.80771669,45.4501115,8.9781453,23.98109864,27.83251232,267.10526316,37.43842365,49.16299559,105.61594203,62.02531646,100.0,21.47887324,32.92253521,12.85211268,12,5.395688293668912,2.2239980048662793,23.98109864,Ciudad Jardín,Chamartín,82.75862068965517,100.0,100.0,87,49.38331904557228,111.91961860776,True,False,False,False,False
05,051,05009,113.65746843,43.90735917,15.53316541,22.8379513,37.13235294,147.02702703,68.01470588,62.26158038,86.29441624,54.11764706,76.71232877,12.91666667,21.58333333,5.41666667,21,10.558039137701625,1.9890056975647354,22.8379513,El Viso,Chamartín,95.23809523809523,100.0,100.0,168,49.76357837376995,89.91282680345678,True,False,False,False,False
05,053,05046,654.89724431,43.74270258,10.18354056,19.59739491,32.62839879,192.44186047,51.96374622,42.41146712,107.70577933,49.45054945,116.98113208,17.74004684,29.21545667,10.77283372,3,2.608042734703105,1.1502878998420685,19.59739491,Ciudad Jardín,Chamartín,100.0,100.0,100.0,40,48.23018816077074,72.18378560071064,True,False,False,False,False
05,052,05023,456.87623489,44.97994328,15.07042254,23.23943662,34.84848485,154.20560748,64.84848485,62.10045662,72.78106509,45.0,91.54929577,6.72268908,12.81512605,3.1512605,22,3.1255729472189313,7.038709501109271,23.23943662,Prosperidad,Chamartín,100.0,100.0,100.0,49,29.02557837493085,49.260795103450114,True,False,False,False,False
05,053,05048,490.6006348,46.88183396,11.81988743,24.67166979,41.06463878,208.73015873,47.90874525,57.45937962,76.76240209,49.23076923,120.51282051,10.82089552,19.02985075,4.47761194,7,2.1850766671848927,3.2035489212460146,24.67166979,Ciudad Jardín,Chamartín,80.55555555555556,97.22222222222221,100.0,36,51.74995016529604,128.97025976874508,True,False,False,False,False
05,051,05003,104.62197387,42.83389252,14.97245869,19.42914372,36.08247423,129.76588629,77.06185567,52.44274809,85.55240793,54.24836601,101.02040816,11.78801387,20.50520059,5.25012382,23,19.298049209047164,1.1918303114916566,19.42914372,El Viso,Chamartín,74.51612903225806,90.64516129032259,99.03225806451613,310,59.1666812145188,145.84684949432312,True,False,False,False,False
05,052,05037,233.0747584,51.31605897,11.24260355,37.86982249,27.45535714,336.84210526,29.6875,96.51162791,74.49275362,46.34146341,76.74418605,6.65543387,10.44650379,2.35888795,18,5.092786572617924,3.534410826634579,37.86982249,Prosperidad,Chamartín,92.5,100.0,100.0,80,41.25981278550521,94.06893630393976,True,False,False,False,False
05,053,05039,190.43545116,43.64985104,11.58924205,19.75550122,25.0,170.46413502,58.66336634,45.68781183,94.59084605,57.57575758,115.49295775,16.14936954,22.89039767,6.69253152,16,10.827815868459695,1.4776756637140775,19.75550122,Ciudad Jardín,Chamartín,98.28571428571429,100.0,100.0,175,48.0386105129031,84.44843718198567,True,False,False,False,False
05,051,05008,69.39011671,41.88356789,17.45524297,19.11764706,31.43812709,109.52380952,91.30434783,57.66129032,81.02189781,73.95833333,84.70588235,16.49746193,26.52284264,8.88324873,49,22.71216817056412,2.157433831592792,19.11764706,El Viso,Chamartín,83.28767123287672,100.0,100.0,365,58.997018568963654,110.91366263499361,False,False,False,False,False
05,051,05006,190.12824892,43.27906904,14.96546431,21.41212586,34.76702509,143.07692308,69.89247312,57.17732207,94.60093897,81.81818182,74.32432432,11.30500759,19.19575114,4.77996965,14,6.932162934666995,2.019571688078409,21.41212586,El Viso,Chamartín,66.36363636363637,85.45454545454545,99.0909090909091,110,61.49721199391314,157.72874768893743,True,False,False,False,False
05,053,05049,130.75996273,48.72233841,13.96396396,31.08108108,46.08695652,222.58064516,44.92753623,81.96721311,70.86834734,45.94594595,74.50980392,8.68397493,17.09937332,4.56580125,126,8.542370131173785,14.750004748703937,31.08108108,Ciudad Jardín,Chamartín,100.0,100.0,100.0,134,16.687888115599932,39.60360234208042,True,False,False,False,False
05,051,05007,141.71149963,45.73963712,14.21319797,25.77552171,42.23194748,181.34920635,55.14223195,66.69802446,86.81898067,49.56521739,140.90909091,7.35376045,14.93036212,3.23119777,38,12.666579668242939,3.000020605031352,25.77552171,El Viso,Chamartín,90.82125603864735,100.0,100.0,207,38.879920267271494,94.48595163000037,True,False,False,False,False
05,051,05005,303.86736303,44.58286251,14.45003595,22.64557872,38.0952381,156.71641791,63.80952381,58.97142857,88.98488121,42.4,155.31914894,7.79588944,17.15095677,3.47271439,4,4.643473342952829,0.8614241333097353,22.64557872,El Viso,Chamartín,93.15068493150685,100.0,100.0,73,51.16432839392253,96.18321038916018,True,False,False,False,False
05,051,05004,205.63228172,45.62132607,10.9739369,24.21124829,26.34560907,220.625,45.32577904,54.28571429,89.37875752,64.81481481,90.90909091,13.00204221,22.19196732,6.60313138,64,7.143819966788768,8.958792396439515,24.21124829,El Viso,Chamartín,100.0,100.0,100.0,115,25.835994271021452,52.67540309945381,True,False,False,False,False
05,053,05038,80.9548172,42.420909,16.71059568,19.03004744,27.97783934,113.88012618,87.81163435,55.61936013,74.89239598,60.9929078,80.95238095,10.61715481,16.42259414,3.08577406,41,23.6181127468052,1.7359558081348407,19.03004744,Ciudad Jardín,Chamartín,88.09523809523809,99.20634920634922,100.0,378,51.368194896522915,103.3998211247109,False,False,False,False,False
05,054,05052,156.67348835,43.93583599,15.5353394,23.09307208,38.18181818,148.64864865,67.27272727,63.01369863,82.5,104.59770115,102.7027027,10.30428769,18.81051176,4.77178423,28,9.22938536180622,3.0337881562375584,23.09307208,Hispanoamérica,Chamartín,99.32432432432432,100.0,100.0,148,35.51137584750518,66.39809696955363,True,False,False,False,False
05,054,05051,233.22669375,47.29945083,13.57400722,27.22021661,44.82758621,200.53191489,49.86737401,68.90243902,72.99578059,59.09090909,120.0,8.68628859,15.93682699,3.08686289,47,5.9727296973584245,7.869098784227054,27.22021661,Hispanoamérica,Chamartín,100.0,100.0,100.0,97,25.804131452749516,64.22723051783053,True,False,False,False,False
05,054,05057,239.07589435,46.24679185,13.6485281,24.44246209,44.52554745,179.08496732,55.83941606,61.52737752,77.49360614,33.78378378,81.81818182,10.62887511,18.42338353,5.75730735,64,4.722349792217694,13.552575056060077,24.44246209,Hispanoamérica,Chamartín,100.0,100.0,100.0,77,18.43881232588896,38.27805792944208,True,False,False,False,False
05,054,05054,238.49687045,46.60844356,12.95681063,26.57807309,35.0,205.12820513,48.75,65.38461538,74.66410749,66.0,106.89655172,8.84488449,17.02970297,3.82838284,29,6.35228461139205,4.5652866290014815,26.57807309,Hispanoamérica,Chamartín,90.0990099009901,100.0,100.0,101,41.414496254827306,97.70359732334371,True,False,False,False,False
05,054,05058,131.65926362,46.99884092,11.51716501,25.30454042,38.29321663,219.71153846,45.51422319,58.28220859,77.7258567,38.46153846,103.03030303,7.13110258,15.08502468,3.29127811,41,13.846348140484961,2.9610695602923065,25.30454042,Hispanoamérica,Chamartín,87.55555555555556,100.0,100.0,225,42.37561798895174,111.92936329485765,True,False,False,False,False
05,054,05056,319.56575412,45.900349,13.40782123,26.04748603,35.65683646,194.27083333,51.47453083,65.16724337,83.68644068,51.51515152,119.29824561,11.54111956,19.2121631,5.25224603,11,4.528019605786781,2.429318103203897,26.04748603,Hispanoamérica,Chamartín,100.0,100.0,100.0,74,34.86564030252076,64.94806935300562,True,False,False,False,False
05,054,05055,203.09207753,44.72310098,14.80502313,23.46331791,37.74647887,158.48214286,63.09859155,61.99143469,77.56653992,67.77777778,95.83333333,7.36156352,15.63517915,2.14983713,51,7.558148100411284,6.747684660641247,23.46331791,Hispanoamérica,Chamartín,100.0,100.0,100.0,119,22.401073634917434,41.99019011478164,True,False,False,False,False
05,054,05053,73.42030671,43.58746399,16.91519105,21.9944082,32.83898305,130.02754821,76.90677966,63.69183829,74.56724368,70.625,82.65306122,8.54108957,15.32779317,2.35457064,54,29.50137498648293,1.8304231590812956,21.9944082,Hispanoamérica,Chamartín,76.27118644067797,94.27966101694916,99.57627118644068,472,66.96325657156098,136.6177565972706,False,False,False,False,False
05,053,05096,471.00200356,47.38654418,10.0,28.05970149,27.39361702,280.59701493,35.63829787,61.44578313,90.36697248,25.58139535,54.90196078,14.6539028,24.88954345,8.24742268,35,2.8832149115073706,12.139226895750788,28.05970149,Ciudad Jardín,Chamartín,81.81818181818183,100.0,100.0,44,51.50134053947542,106.91082923220064,True,False,False,False,False
05,052,05095,451.32694951,49.38240545,11.90342504,33.01516002,24.31972789,277.35849057,36.05442177,81.54943935,66.55348048,33.75796178,68.6746988,5.00556174,9.56618465,2.1134594,22,3.9838081948604143,5.522354220864,33.01516002,Prosperidad,Chamartín,100.0,100.0,100.0,64,26.00308879014021,58.05655199384249,True,False,False,False,False
05,052,05102,399.44520263,49.9899182,9.9537037,33.33333333,34.02777778,334.88372093,29.86111111,76.32653061,79.48717949,71.92982456,88.46153846,7.14285714,12.21198157,3.68663594,16,2.1730139560350685,7.363045209886258,33.33333333,Prosperidad,Chamartín,100.0,100.0,100.0,35,20.626306019162264,44.21081777382969,True,False,False,False,False
06,062,06024,484.79437806,42.31907884,9.84042553,18.35106383,29.71014493,186.48648649,53.62318841,39.25925926,126.8907563,58.82352941,75.86206897,23.521682,32.98291721,14.717477,7,1.5697376752673202,4.459343819219939,18.35106383,Cuatro Caminos,Tetuán,,,,26,,,False,False,False,False,False
06,061,06023,597.62029812,45.11259042,7.57701915,21.14904246,26.77165354,279.12087912,35.82677165,40.30373832,100.46838407,63.63636364,80.0,19.32287366,32.53509496,13.7076796,6,2.0263702618624766,2.9609593631152493,21.14904246,Bellas Vistas,Tetuán,,,,29,,,False,False,False,False,False
06,062,06027,414.81199242,44.04983847,8.27638573,20.88078967,28.0,252.29357798,39.63636364,41.15755627,124.27884615,61.11111111,109.375,16.9797145,26.74680691,10.14274981,10,3.2086825461509383,3.116543894937743,20.88078967,Cuatro Caminos,Tetuán,100.0,100.0,100.0,54,25.56767997760234,49.82557172595889,True,False,False,False,False
06,062,06026,567.69303151,44.54530542,8.71287129,20.79207921,32.85714286,238.63636364,41.9047619,41.85393258,118.40490798,51.85185185,73.52941176,20.39408867,35.7635468,14.18719212,20,1.7879380997346326,11.186069586507731,20.79207921,Cuatro Caminos,Tetuán,,,,27,,,False,False,False,False,False
06,062,06025,574.24896133,42.42242723,7.57575758,16.00378788,27.21893491,211.25,47.33727811,30.85501859,128.61189802,36.53846154,60.60606061,35.39906103,52.11267606,27.23004695,3,1.85459630180418,1.6176027079756137,16.00378788,Cuatro Caminos,Tetuán,,,,29,,,False,False,False,False,False
06,062,06032,633.18378903,42.61440242,8.78504673,16.1682243,31.79190751,184.04255319,54.33526012,33.25031133,120.0,67.9245283,70.37037037,23.32713755,37.73234201,16.44981413,0,1.6993486230173922,0.0,16.1682243,Cuatro Caminos,Tetuán,,,,25,,,False,False,False,False,False
06,061,06001,282.75582944,42.8226596,8.90947969,17.46258019,28.57142857,196.0,51.02040816,35.85271318,108.06451613,62.96296296,87.23404255,25.05292872,37.40296401,18.20748059,7,5.0113909333271796,1.3968177883405588,17.46258019,Bellas Vistas,Tetuán,98.71794871794873,100.0,100.0,78,53.56200048877721,86.03076377769413,True,False,False,False,False
06,061,06021,610.5729303,39.26214726,12.59124088,11.63321168,29.41176471,92.39130435,108.23529412,31.96869356,117.40837696,74.48979592,100.0,35.25147259,51.65382873,27.86588129,8,3.614637810639336,2.2132231274881193,11.63321168,Bellas Vistas,Tetuán,91.93548387096774,100.0,100.0,62,46.18924483632629,87.10920566251062,True,False,False,False,False
06,062,06034,542.29205345,42.81713326,6.67433832,17.72151899,25.32467532,265.51724138,37.66233766,32.26788432,138.90909091,75.6097561,111.11111111,28.70159453,42.14123007,17.53986333,0,1.6190537818327695,0.0,17.72151899,Cuatro Caminos,Tetuán,,,,28,,,False,False,False,False,False
06,062,06031,328.67763761,47.63307246,12.54545455,28.45454545,38.33865815,226.8115942,44.08945687,69.49152542,85.42857143,60.71428571,65.45454545,10.14492754,18.75,6.06884058,9,3.358914248110012,2.6794372631168253,28.45454545,Cuatro Caminos,Tetuán,100.0,100.0,100.0,53,42.24479750180009,77.98605596339114,True,False,False,False,False
06,062,06033,372.48489702,42.28712335,10.33232628,17.09969789,28.97526502,165.49707602,60.42402827,37.80183181,113.32149201,47.14285714,107.01754386,33.81468111,49.63898917,25.69193742,14,4.461925874822049,3.137658579000564,17.09969789,Cuatro Caminos,Tetuán,77.46478873239437,100.0,100.0,71,61.5421290263249,117.38331467875615,True,False,False,False,False
06,061,06002,355.40683715,42.1111612,8.83164673,16.19135235,28.40909091,183.33333333,54.54545455,33.37423313,124.51790634,68.0,96.66666667,21.40255009,34.24408015,11.11111111,4,3.0894172121463446,1.2947425761317088,16.19135235,Bellas Vistas,Tetuán,80.0,100.0,100.0,50,77.09838550231922,105.01065115048239,True,False,False,False,False
06,062,06035,768.85549571,42.33488643,10.48484848,18.24242424,30.56478405,173.98843931,57.47508306,40.30612245,122.30623819,53.48837209,101.69491525,32.63598326,48.11715481,25.88164973,0,2.175961554972185,0.0,18.24242424,Cuatro Caminos,Tetuán,58.333333333333336,91.66666666666666,100.0,36,86.62007505407894,140.73384839821765,True,False,False,False,False
06,062,06028,232.4400342,45.98832434,11.87002653,27.78514589,34.60620525,234.07821229,42.72076372,65.71428571,110.16166282,64.42307692,74.62686567,12.36842105,17.63157895,4.53947368,62,6.539321013325418,9.481106658269304,27.78514589,Cuatro Caminos,Tetuán,100.0,100.0,100.0,103,25.11437962622368,48.32491310123439,True,False,False,False,False
06,062,06038,507.55266738,45.27246644,13.56725146,24.56140351,37.14285714,181.03448276,55.23809524,61.62570888,96.65427509,43.63636364,64.86486486,10.06944444,18.28703704,3.93518519,1,1.7022863941504776,0.587445216877885,24.56140351,Cuatro Caminos,Tetuán,,,,29,,,False,False,False,False,False
06,062,06037,563.71055727,42.60865646,10.60735672,17.19418306,32.33830846,162.09677419,61.69154229,38.507109,125.6684492,53.125,148.27586207,23.46938776,40.73129252,16.92176871,6,2.0861770013642587,2.8760742717786125,17.19418306,Cuatro Caminos,Tetuán,100.0,100.0,100.0,32,48.84772759149756,73.2000385406226,True,False,False,False,False
06,061,06019,629.62775417,40.49620743,10.85858586,13.13131313,30.76923077,120.93023256,82.69230769,31.56146179,115.77060932,65.45454545,89.53488372,40.35893155,58.97328881,31.59432387,6,3.805423099792264,1.576697214122534,13.13131313,Bellas Vistas,Tetuán,58.333333333333336,96.66666666666667,100.0,60,84.38683210241288,139.45118233401735,True,False,False,False,False
06,061,06004,543.58297835,40.79106058,9.4369548,12.68834259,26.25,134.45378151,74.375,28.4114053,123.18181818,61.19402985,91.66666667,30.60582219,50.90479937,18.25334382,0,2.3381894772616594,0.0,12.68834259,Bellas Vistas,Tetuán,2.7777777777777777,58.333333333333336,100.0,36,139.37688539016784,163.1359188804745,True,False,False,False,False
06,061,06005,498.69719743,41.49783054,10.6856634,15.67230632,25.0,146.66666667,68.18181818,35.79201935,115.36458333,80.0,73.33333333,30.6266549,49.60282436,22.6831421,2,2.271919725716914,0.8803127933443561,15.67230632,Bellas Vistas,Tetuán,62.857142857142854,100.0,100.0,35,86.82947187454573,130.06068402577492,True,False,False,False,False
06,062,06036,304.12842124,43.12221292,11.51736746,19.19561243,33.80952381,166.66666667,60.0,44.32717678,114.73087819,60.37735849,108.82352941,25.3867152,35.30482257,14.92265696,8,3.613605053790573,2.2138556596294934,19.19561243,Cuatro Caminos,Tetuán,61.40350877192983,94.73684210526315,100.0,57,89.15064574649656,144.68035338063427,True,False,False,False,False
06,061,06003,449.14474039,42.10779334,9.384711,16.22125544,24.13793103,172.84768212,57.85440613,34.41938179,129.31034483,30.90909091,109.30232558,22.33189389,35.53362122,15.48426897,3,3.609081559294367,0.8312364103477196,16.22125544,Bellas Vistas,Tetuán,60.71428571428571,96.42857142857143,100.0,56,80.85114775149665,136.04256086978666,True,False,False,False,False
06,062,06029,69.96267094,45.4361195,8.36820084,24.20800956,32.09876543,289.28571429,34.56790123,48.31560284,136.47798742,30.10752688,83.33333333,17.5980975,26.69441141,7.66944114,129,24.041392037499044,5.3657458685749,24.20800956,Cuatro Caminos,Tetuán,99.47780678851174,100.0,100.0,383,31.618283096928348,74.04518730742201,False,False,False,False,False
06,062,06039,382.7469706,46.09531739,12.91079812,23.94366197,37.25490196,185.45454545,53.92156863,58.36431227,81.14478114,36.23188406,117.64705882,8.40140023,15.75262544,3.61726954,6,2.2390771601798862,2.6796754067724775,23.94366197,Cuatro Caminos,Tetuán,100.0,100.0,100.0,38,33.54020806488096,54.11814986888805,True,False,False,False,False
06,061,06006,521.11260864,40.65110348,11.12132353,11.85661765,20.15503876,106.61157025,93.79844961,29.83293556,102.90556901,53.73134328,100.0,36.17216117,50.82417582,28.84615385,0,2.095516366099849,0.0,11.85661765,Bellas Vistas,Tetuán,70.0,100.0,100.0,30,82.61174883187266,126.37108208961556,True,False,False,False,False
06,061,06018,492.31221099,42.32128817,11.51031271,15.90153027,43.51464435,138.15028902,72.38493724,37.76351971,109.00383142,42.42424242,96.36363636,31.52676801,48.24851289,24.65300727,8,3.0732530419324418,2.603104882951536,15.90153027,Bellas Vistas,Tetuán,72.91666666666666,100.0,100.0,48,71.85654104704089,121.51497377930458,True,False,False,False,False
06,062,06040,527.34099101,45.03463713,15.44991511,25.72156197,33.00330033,166.48351648,60.0660066,69.98556999,87.80487805,51.28205128,137.5,10.71729958,16.03375527,4.89451477,14,2.247122867761439,6.230188923290455,25.72156197,Cuatro Caminos,Tetuán,100.0,100.0,100.0,34,23.845221823293187,40.317106090632954,True,False,False,False,False
06,062,06041,525.76591007,45.35804341,8.82675439,23.90350877,34.63302752,270.80745342,36.9266055,48.65525672,128.0669145,50.54945055,114.89361702,19.04503527,29.73412914,12.2626153,4,3.505362300405791,1.1411088661325959,23.90350877,Cuatro Caminos,Tetuán,80.7017543859649,96.49122807017544,100.0,57,47.756470640386205,122.49888746124677,True,False,False,False,False
05,052,05099,149.39617732,46.96600835,12.58389262,29.58612975,24.19659735,235.11111111,42.53308129,72.92069632,98.84615385,38.61386139,111.29032258,10.57317752,17.91875348,6.1769616,35,12.028420219264001,2.9097752956739975,29.58612975,Prosperidad,Chamartín,90.20618556701031,100.0,100.0,194,48.572829757742994,99.76637147036429,True,False,False,False,False
06,061,06017,733.09258315,39.82178454,11.89913318,11.82033097,33.33333333,99.33774834,100.66666667,31.09504132,123.04147465,53.52112676,69.49152542,37.00234192,52.84933646,28.33723653,0,1.7473918430527002,0.0,11.82033097,Bellas Vistas,Tetuán,51.61290322580645,93.54838709677419,100.0,31,99.47319430370364,140.21286110797914,True,False,False,False,False
06,061,06008,432.40922054,41.77865407,10.75359865,16.42675699,34.53608247,152.75590551,65.46391753,37.3255814,114.4638404,71.42857143,162.5,27.03610411,40.05037783,19.47942905,13,2.754335345855779,4.719831962204612,16.42675699,Bellas Vistas,Tetuán,82.97872340425532,100.0,100.0,47,60.20712071664868,107.5293243960671,True,False,False,False,False
06,062,06042,505.00200512,44.13763846,10.10199126,20.15541525,32.53012048,199.51923077,50.12048193,43.38440111,106.02582496,42.24137931,85.71428571,25.91346154,39.47115385,18.89423077,16,4.118795527350639,3.8846308086315195,20.15541525,Cuatro Caminos,Tetuán,56.060606060606055,93.93939393939394,100.0,66,91.22223974973991,143.6480807005945,True,False,False,False,False
05,054,05063,254.90114952,42.91998492,15.78327444,20.25912839,40.11627907,128.35820896,77.90697674,56.35359116,85.95890411,64.38356164,137.14285714,8.00464037,12.87703016,3.13225058,29,3.3817030705141464,8.575560714616765,20.25912839,Hispanoamérica,Chamartín,100.0,100.0,100.0,50,20.602198401192712,39.20689926340133,True,False,False,False,False
06,062,06045,316.14475541,44.586125,13.96797153,23.57651246,30.94339623,168.78980892,59.24528302,60.11396011,92.32876712,45.83333333,132.55813953,8.01056338,13.82042254,3.60915493,49,3.5932906700557514,13.63652554143073,23.57651246,Cuatro Caminos,Tetuán,95.0,100.0,100.0,60,25.53388752045256,84.64696008798542,True,False,False,False,False
05,054,05064,228.94825694,43.47415034,12.5748503,20.78699743,31.06995885,165.30612245,60.49382716,50.06418485,100.51480051,50.32679739,110.86956522,19.42567568,27.36486486,13.04898649,18,10.342948365792225,1.740316142303518,20.78699743,Hispanoamérica,Chamartín,89.0909090909091,100.0,100.0,165,50.44095022911353,101.15579899125645,True,False,False,False,False
06,061,06007,534.62169138,45.18351703,8.28924162,21.42857143,29.62962963,258.5106383,38.68312757,42.28356336,103.83631714,46.25,100.0,28.20960699,40.96069869,21.5720524,1,2.141701353408818,0.46691850775943144,21.42857143,Bellas Vistas,Tetuán,84.61538461538461,100.0,100.0,39,71.53897469285795,106.99167482947718,True,False,False,False,False
06,061,06009,445.07287801,45.31146226,10.79447323,23.31606218,38.88888889,216.0,46.2962963,51.76933159,95.64102564,87.5,61.2244898,19.29674099,30.87478559,12.7787307,0,2.6197956730141994,0.0,23.31606218,Bellas Vistas,Tetuán,46.34146341463415,100.0,100.0,41,105.25738337988176,140.60375797244077,True,False,False,False,False
06,062,06044,346.5029971,44.83327716,13.07977737,22.82003711,32.11382114,174.46808511,57.31707317,56.00578871,84.75935829,52.85714286,110.25641026,9.76058932,16.7587477,6.53775322,41,3.134172024745498,13.0816048628758,22.82003711,Cuatro Caminos,Tetuán,91.83673469387756,100.0,100.0,49,30.98811449528715,88.62173809660041,True,False,False,False,False
06,061,06016,490.5076718,41.15952916,10.63140853,15.11063141,31.78571429,142.1319797,70.35714286,34.66569767,120.86677368,86.59793814,105.35714286,33.76136972,49.06367041,27.12680578,24,3.8103379568572193,6.298653891529161,15.11063141,Bellas Vistas,Tetuán,83.60655737704919,100.0,100.0,61,44.139477987249144,114.14595774280822,True,False,False,False,False
06,062,06043,350.76961835,42.6650448,8.51485149,15.57755776,26.27118644,182.94573643,54.66101695,31.73913043,122.43713733,42.04545455,141.17647059,24.90118577,39.32806324,14.42687747,2,4.3276267971718205,0.46214705974808984,15.57755776,Cuatro Caminos,Tetuán,50.72463768115942,86.95652173913044,100.0,69,98.4646535822182,152.97178240138436,True,False,False,False,False
06,062,06050,461.61275552,44.30561371,11.04100946,20.66246057,45.03816794,187.14285714,53.4351145,46.42032333,104.24528302,34.69387755,200.0,11.05919003,17.13395639,4.6728972,0,1.3907761263597702,0.0,20.66246057,Cuatro Caminos,Tetuán,,,,23,,,False,False,False,False,False
06,061,06015,601.60904201,41.51447928,9.98427673,14.70125786,29.41176471,147.24409449,67.9144385,32.77661795,117.23356009,67.1875,64.44444444,30.64894449,50.82095387,23.37763878,0,2.125965387312524,0.0,14.70125786,Bellas Vistas,Tetuán,23.52941176470588,76.47058823529412,100.0,34,134.13885504927018,163.4480331613386,True,False,False,False,False
05,054,05062,283.41953178,46.55723428,14.76590636,27.73109244,39.61038961,187.80487805,53.24675325,73.9039666,76.10294118,72.72727273,122.72727273,7.65124555,14.76868327,2.07591934,20,5.9487784396217975,3.362034777894927,27.73109244,Hispanoamérica,Chamartín,100.0,100.0,100.0,97,29.02881671683724,56.16537185519269,True,False,False,False,False
05,054,05068,127.45375012,42.51325305,16.07644744,19.95503092,36.33802817,124.12587413,80.56338028,56.32688928,87.17105263,72.5,102.1978022,9.26748058,16.31520533,4.77247503,29,14.1384619777971,2.051142482509152,19.95503092,Hispanoamérica,Chamartín,73.00884955752213,94.69026548672566,100.0,226,65.55999397394194,135.8459189465201,True,False,False,False,False
06,061,06012,741.92262031,41.2388867,12.58671952,15.3617443,33.5483871,122.04724409,81.93548387,38.78954608,115.0887574,38.18181818,67.44186047,24.2364532,44.5320197,18.12807882,0,1.3680671975957772,0.0,15.3617443,Bellas Vistas,Tetuán,,,,21,,,False,False,False,False,False
06,062,06046,117.80611824,44.66009832,9.46969697,21.59090909,35.0877193,228.0,43.85964912,45.05494505,117.09741551,34.16666667,123.25581395,12.94337274,20.65961419,5.97386434,67,13.641057222015078,4.911642764159789,21.59090909,Cuatro Caminos,Tetuán,100.0,100.0,100.0,220,37.57232235031603,70.11480422492835,True,False,False,False,False
06,062,06053,282.89282732,44.05630121,9.86321094,20.44636429,33.09859155,207.29927007,48.23943662,43.49173554,109.97830803,74.24242424,91.11111111,22.55531763,35.33190578,15.77444682,15,4.952405521525783,3.028831127580736,20.44636429,Cuatro Caminos,Tetuán,48.717948717948715,74.35897435897436,100.0,78,101.41452656781733,174.27105329904225,True,False,False,False,False
06,062,06048,350.90345542,46.63871312,12.71794872,25.94871795,44.2687747,204.03225806,49.01185771,63.04347826,86.875,44.44444444,95.0,10.57985758,15.76805697,4.67955239,16,2.8013403254478186,5.711551664984603,25.94871795,Cuatro Caminos,Tetuán,100.0,100.0,100.0,44,27.013725709078813,48.387282873293444,True,False,False,False,False
05,054,05097,368.97353396,44.11607206,12.07883026,23.52193261,29.72972973,194.73684211,51.35135135,55.28134255,108.43621399,67.56756757,169.56521739,10.90225564,18.23308271,4.0726817,29,4.325513493856913,6.7044063187378224,23.52193261,Hispanoamérica,Chamartín,100.0,100.0,100.0,64,42.65938323479721,63.489148097677045,True,False,False,False,False
06,062,06049,513.39085647,46.78428173,10.30927835,27.31958763,30.66037736,265.0,37.73584906,60.33057851,92.82868526,34.54545455,200.0,8.75634518,14.46700508,5.07614213,1,1.5348929379412162,0.6515112391756267,27.31958763,Cuatro Caminos,Tetuán,,,,26,,,False,False,False,False,False
06,061,06014,297.71179835,43.72766498,10.98807496,20.69846678,39.91769547,188.37209302,53.08641975,46.3840399,116.17250674,41.55844156,93.18181818,20.37037037,35.60606061,16.32996633,7,3.990436410618239,1.7541940980123247,20.69846678,Bellas Vistas,Tetuán,98.4126984126984,100.0,100.0,63,49.76996754094465,84.03892493506511,True,False,False,False,False
05,054,05065,568.35770938,44.64138971,9.53565506,21.06135987,38.18897638,220.86956522,45.27559055,44.08602151,103.15533981,55.69620253,170.37037037,11.02941176,17.40196078,4.90196078,1,2.1535733215354185,0.4643445338034912,21.06135987,Hispanoamérica,Chamartín,100.0,100.0,100.0,34,50.43763854188407,68.24668432702401,True,False,False,False,False
06,062,06051,293.3789314,45.24560134,12.83783784,24.32432432,28.47222222,189.47368421,52.77777778,59.13978495,89.79591837,39.81481481,106.25,10.55276382,18.25795645,3.93634841,42,4.069821900003126,10.31986190844561,24.32432432,Cuatro Caminos,Tetuán,100.0,100.0,100.0,63,25.288510790918803,48.50732517849397,True,False,False,False,False
06,061,06013,477.69181828,41.10710808,12.71729186,14.82159195,37.03703704,116.54676259,85.80246914,38.00505051,102.04081633,52.38095238,100.0,28.33787466,43.77838329,20.61762035,8,2.3048332792492014,3.470966890327962,14.82159195,Bellas Vistas,Tetuán,100.0,100.0,100.0,37,28.363461583809908,57.76384662163727,True,False,False,False,False
06,061,06011,437.41352378,41.98225424,11.56412157,17.56856931,31.64556962,151.92307692,65.82278481,41.10878661,114.83146067,72.05882353,102.27272727,26.97126013,41.63596168,19.3072955,2,3.1023274915263586,0.6446772642355664,17.56856931,Bellas Vistas,Tetuán,30.612244897959183,75.51020408163265,100.0,49,127.06543550545837,167.25934346503416,True,False,False,False,False
06,062,06052,412.96832356,45.71723452,8.33333333,22.73662551,30.31674208,272.83950617,36.65158371,45.07462687,109.375,27.05882353,136.0,10.86294416,20.50761421,6.29441624,6,2.385170832228048,2.5155430877021288,22.73662551,Cuatro Caminos,Tetuán,91.66666666666666,100.0,100.0,36,58.183934624190584,97.666456179334,True,False,False,False,False
05,054,05098,598.24810668,48.34480379,8.065915,26.10581093,25.91362126,323.65591398,30.89700997,51.91040843,73.68421053,17.24137931,110.34482759,10.58519793,17.72805508,5.33562823,8,1.9423379481126453,4.118747722441163,26.10581093,Hispanoamérica,Chamartín,100.0,100.0,100.0,31,25.33858220193763,57.019241664279704,True,False,False,False,False
06,062,06054,325.58320592,43.34525428,12.68323773,19.31166348,32.34323432,152.26130653,65.67656766,47.04779756,100.18761726,52.52525253,74.28571429,22.25745086,32.33988586,14.71147749,5,4.843615921580413,1.032286638939068,19.31166348,Cuatro Caminos,Tetuán,48.10126582278481,88.60759493670885,100.0,79,100.91388027958287,150.58761753749278,True,False,False,False,False
06,061,06010,212.61910353,49.51620072,10.38882139,32.2600243,33.89830508,310.52631579,32.20338983,74.36440678,78.44990548,60.20408163,89.09090909,9.64436407,15.973478,4.94273659,37,7.802685518332053,4.7419571009327735,32.2600243,Bellas Vistas,Tetuán,67.74193548387096,91.93548387096774,100.0,124,56.483256802918284,147.11299881219426,True,False,True,False,False
06,063,06060,329.2714987,44.75374142,10.69114471,20.30237581,34.04255319,189.8989899,52.65957447,44.91392801,93.05135952,30.1369863,118.75,11.4806867,20.17167382,4.82832618,33,2.830490958671633,11.658754782063358,20.30237581,Castillejos,Tetuán,100.0,100.0,100.0,48,19.220456070122516,60.492412144107846,True,False,False,False,False
05,054,05059,493.65411623,43.58200532,12.48322148,20.80536913,31.61290323,166.66666667,60.0,49.89939638,98.8,59.18367347,162.5,12.5,20.4787234,6.38297872,6,1.5233337984377282,3.938729650818072,20.80536913,Hispanoamérica,Chamartín,,,,25,,,False,False,False,False,False
05,054,05066,157.81036744,43.71585829,17.47211896,24.16356877,45.23076923,138.29787234,72.30769231,71.33757962,89.15662651,67.85714286,146.875,8.25420015,16.72753835,4.38276114,14,8.67496871211228,1.6138386736142039,24.16356877,Hispanoamérica,Chamartín,72.53521126760563,95.77464788732394,100.0,142,73.96000546856244,132.98278020276658,True,False,False,False,False
05,054,05061,330.89100673,47.47759737,13.30049261,29.60591133,36.93843594,222.59259259,44.92512479,75.21588946,76.52439024,56.19834711,88.0952381,6.76399027,13.33333333,2.82238443,25,6.2105042391349965,4.025438038100755,29.60591133,Hispanoamérica,Chamartín,93.75,100.0,100.0,96,51.21681149115116,92.85921061841009,True,False,False,False,False
05,054,05060,484.52852217,43.1151441,13.12684366,20.79646018,34.04255319,158.42696629,63.12056738,51.33928571,108.85780886,29.26829268,172.34042553,11.2961622,20.05792904,5.28602462,15,2.850193408223233,5.262800747739702,20.79646018,Hispanoamérica,Chamartín,100.0,100.0,100.0,44,23.130496108047787,47.54972759302161,True,False,False,False,False
05,054,05067,113.09720175,45.15226034,14.6029035,25.91801879,39.70345964,177.48538012,56.34266886,68.12634602,99.28469242,60.0,145.05494505,9.70464135,17.25738397,3.58649789,34,20.9554256276237,1.6224915019230524,25.91801879,Hispanoamérica,Chamartín,62.048192771084345,92.46987951807229,100.0,332,82.11575614636001,143.52780570430815,True,False,True,False,False
05,054,05069,131.80366054,42.4873754,17.19260065,22.85092492,39.52380952,132.91139241,75.23809524,66.7876588,98.20143885,76.92307692,112.24489796,8.77005348,16.36363636,4.06417112,29,7.093884920534471,4.088027974073065,22.85092492,Hispanoamérica,Chamartín,100.0,100.0,100.0,115,33.16891466456129,62.12671901454383,True,False,False,False,False
06,063,06056,486.35333201,41.78166118,10.59850374,16.00166251,29.61038961,150.98039216,66.23376623,36.2400906,120.19950125,51.59235669,105.95238095,31.8237958,48.25030877,22.84890902,25,4.994311419554333,5.005695059806838,16.00166251,Castillejos,Tetuán,93.82716049382715,100.0,100.0,81,54.17712629018144,97.07798280321126,True,False,False,False,False
06,063,06057,450.65482466,45.14917816,10.58419244,23.23024055,28.99408284,219.48051948,45.56213018,51.09034268,107.99136069,43.42105263,106.12244898,20.06825939,32.08191126,14.88054608,8,3.250825065745032,2.460913718273715,23.23024055,Castillejos,Tetuán,78.43137254901961,100.0,100.0,51,60.78847574898696,112.2473415273757,True,False,False,False,False
06,063,06059,308.74463519,45.51725764,11.8968386,25.79034942,32.58064516,216.78321678,46.12903226,60.48064085,117.10144928,36.36363636,120.0,19.81833196,27.99339389,12.05615194,4,3.9223353606484475,1.0198006116791383,25.79034942,Castillejos,Tetuán,100.0,100.0,100.0,64,49.97992876444137,83.62419010070379,True,False,False,False,False
05,055,05081,219.37734154,41.3578339,19.74304069,18.24411135,33.56807512,92.40780911,108.21596244,61.25690608,71.56398104,103.96825397,87.09677419,8.05084746,13.05084746,3.1779661,38,10.757719933381201,3.5323470247711146,18.24411135,Nueva España,Chamartín,100.0,100.0,100.0,171,32.05788046673711,64.90743100776369,True,False,False,False,False
05,055,05079,270.56035515,42.4460965,12.15880893,18.2630273,39.94565217,150.20408163,66.57608696,43.7232525,111.46304676,75.82417582,80.23255814,22.64894141,31.11767602,16.49433776,15,7.506643014437758,1.9982300971486238,18.2630273,Nueva España,Chamartín,93.75,100.0,100.0,128,45.45719674693659,92.18791011147599,True,False,False,False,False
05,055,05080,513.31967426,46.31052234,10.47008547,24.78632479,34.48275862,236.73469388,42.24137931,54.45544554,99.34210526,42.62295082,121.42857143,10.95744681,20.21276596,5.63829787,6,1.8312175572722986,3.276508559112625,24.78632479,Nueva España,Chamartín,100.0,100.0,100.0,30,22.426101472972928,51.48611820569526,True,False,False,False,False
06,063,06058,353.24278122,46.97815287,6.10687023,25.02120441,37.28813559,409.72222222,24.40677966,45.19704433,136.04651163,36.06557377,187.5,17.48310811,28.46283784,10.21959459,17,3.351802394661059,5.071898041208684,25.02120441,Castillejos,Tetuán,100.0,100.0,100.0,53,36.6957831360805,71.93633442407884,True,False,False,False,False
05,055,05073,394.14034449,45.09757637,14.28571429,23.62869198,39.03061224,165.40084388,60.45918367,61.06796117,90.74074074,52.45901639,131.74603175,9.78520286,17.54176611,5.25059666,4,4.252292421849684,0.9406690799171473,23.62869198,Nueva España,Chamartín,95.71428571428572,100.0,100.0,70,50.99481870471406,90.09205085298947,True,False,False,False,False
05,055,05072,277.21407874,43.75689797,15.17281781,22.14411248,32.27513228,145.94594595,68.51851852,59.53271028,91.41323792,53.21100917,129.57746479,11.53623188,19.01449275,5.10144928,74,6.222627681291156,11.892082218334725,22.14411248,Nueva España,Chamartín,100.0,100.0,100.0,93,28.300588333017327,69.10499413000068,True,False,False,False,False
05,055,05070,251.46724419,44.2969556,10.65,21.25,36.47058824,199.53051643,50.11764706,46.84287812,112.8125,45.32374101,116.92307692,14.50419339,24.22298964,6.36408485,27,8.06069198608928,3.349588353778458,21.25,Nueva España,Chamartín,87.4074074074074,98.51851851851852,100.0,135,42.43530541867169,103.24090955283563,True,False,False,False,False
05,055,05074,98.31592281,40.25664778,14.71631206,17.6713948,38.79598662,120.08032129,83.27759197,47.9020979,122.56809339,210.98901099,92.10526316,17.87383178,27.62850467,7.71028037,24,17.413252616019385,1.3782606000857711,17.6713948,Nueva España,Chamartín,71.17437722419929,93.59430604982207,100.0,281,72.89802740882085,136.43836887075975,False,False,False,False,False
05,055,05083,244.3136325,42.11054823,17.39130435,20.0,41.54589372,115.0,86.95652174,59.72222222,93.43283582,79.0,101.81818182,20.15281757,28.46227316,13.37153773,63,8.570950292760402,7.350410146843812,20.0,Nueva España,Chamartín,97.05882352941177,100.0,100.0,136,36.055560114903436,78.31033919635314,True,False,False,False,False
05,055,05078,100.14572632,41.83865662,17.63417306,18.83899233,37.79069767,106.83229814,93.60465116,57.4137931,79.56656347,61.53846154,86.53846154,11.41011841,18.40688913,4.73627557,24,9.276481724345816,2.587187762900756,18.83899233,Nueva España,Chamartín,90.60402684563759,100.0,100.0,149,51.882985650288845,95.48111762567085,True,False,False,False,False
05,055,05075,193.49201399,41.03760693,18.33423472,19.14548405,36.15819209,104.42477876,95.76271186,59.94809689,94.94097808,81.65137615,90.90909091,10.02666667,18.13333333,4.0,5,9.690322413424171,0.5159787039772189,19.14548405,Nueva España,Chamartín,50.0,90.25974025974025,100.0,154,100.07363226182594,148.6240454829546,True,False,False,False,False
05,055,05084,62.75604882,44.85648729,16.07579462,24.75550122,34.81481481,153.99239544,64.9382716,69.00826446,75.68058076,79.56989247,74.69879518,10.71428571,16.94915254,5.32687651,83,26.324155696416774,3.1529976101492934,24.75550122,Nueva España,Chamartín,72.16981132075472,91.74528301886792,100.0,424,65.10529678259327,144.6276520222436,False,False,False,False,False
05,055,05076,90.00693094,41.54924683,16.89328389,18.58261228,35.69844789,110.0,90.90909091,54.98084291,95.01867995,84.66666667,84.44444444,12.01471189,19.57498978,6.33428688,38,27.186795220591012,1.397737382860749,18.58261228,Nueva España,Chamartín,63.657407407407405,92.12962962962963,100.0,432,79.89550411433359,147.04155445979964,False,False,False,False,False
05,055,05082,90.27990485,42.21495049,17.24433034,20.06846384,33.90191898,116.37717122,85.92750533,59.5221843,84.27672956,90.22556391,88.33333333,10.1988997,18.36648328,4.52814219,41,26.174152530621978,1.5664308501309752,20.06846384,Nueva España,Chamartín,58.711217183770884,88.06682577565633,100.0,419,87.99785508718071,155.11035372928728,False,False,False,False,False
05,055,05077,99.79541633,40.15685105,18.47338037,18.15266196,38.51590106,98.26388889,101.76678445,57.79352227,100.40567951,146.34146341,71.56862745,14.57670274,22.7880331,5.79248886,3,15.742205982258648,0.19057049586195088,18.15266196,Nueva España,Chamartín,40.07936507936508,79.36507936507937,100.0,252,114.75132818295816,165.6782585914707,False,False,False,False,False
05,056,05087,259.75402888,44.12199671,12.42373821,23.62728785,30.51643192,190.17857143,52.58215962,56.37467476,113.12384473,55.73770492,114.92537313,13.32236842,20.23026316,6.63377193,47,7.022027754113518,6.69322333174592,23.62728785,Castilla,Chamartín,100.0,100.0,100.0,114,30.42647122374775,60.750046621526636,True,False,False,False,False
05,056,05088,254.59354363,43.82242398,13.74458874,22.94372294,36.79245283,166.92913386,59.90566038,57.94871795,111.95652174,70.3125,115.0,13.49036403,19.48608137,6.85224839,8,3.668592638650338,2.1806727505573287,22.94372294,Castilla,Chamartín,100.0,100.0,100.0,60,35.624891855498475,56.27890515199359,True,False,False,False,False
05,056,05086,314.34861492,43.47055489,9.30587338,18.61174676,39.3442623,200.0,50.0,38.73015873,123.40425532,34.61538462,107.31707317,19.84962406,31.5037594,10.07518797,1,4.230971402029975,0.23635234204613406,18.61174676,Castilla,Chamartín,64.70588235294117,97.05882352941177,100.0,68,87.72209458465198,127.71496516662897,True,False,False,False,False
05,056,05089,330.73538791,49.38840486,10.19021739,29.34782609,51.38888889,288.0,34.72222222,65.39325843,81.63265306,77.55102041,131.57894737,7.82726046,17.13900135,4.048583,16,2.2404617923763164,7.141384894151581,29.34782609,Castilla,Chamartín,100.0,100.0,100.0,36,31.61743082207383,55.09111728287526,True,False,False,False,False
05,056,05085,56.85015951,43.87641966,16.32870864,22.67876201,45.88235294,138.88888889,72.0,64.12280702,92.24283305,57.14285714,90.38461538,10.71240106,17.99472296,5.75197889,20,33.333239804528354,0.6000016835232134,22.67876201,Castilla,Chamartín,56.09756097560976,83.48968105065666,97.74859287054409,533,91.21605667793744,166.7677513275041,False,False,False,False,False
05,056,05100,91.23972426,39.42060263,21.9858156,17.50886525,24.81012658,79.63709677,125.56962025,65.27472527,87.5,66.1971831,121.58273381,8.72807018,13.46491228,3.24561404,23,24.98911541652742,0.920400727141712,17.50886525,Castilla,Chamartín,62.65664160401002,91.97994987468672,100.0,399,83.97767798635327,144.25051265524573,False,False,False,False,False
05,056,05090,196.12438154,46.81722913,9.04621436,26.35201573,52.98507463,291.30434783,34.32835821,54.87804878,126.20689655,45.45454545,116.66666667,16.77982541,23.37536372,11.73617847,55,5.256868074717484,10.462503380010316,26.35201573,Castilla,Chamartín,100.0,100.0,100.0,84,23.677357708300136,54.12992883940036,True,False,False,False,False
05,056,05091,98.60746745,45.77657783,9.95260664,21.56398104,41.75824176,216.66666667,46.15384615,46.02076125,98.62542955,40.84507042,53.125,14.62264151,24.05660377,6.95754717,57,8.59975437937862,6.628096278735645,21.56398104,Castilla,Chamartín,94.8905109489051,100.0,100.0,137,40.53958559265903,81.14191162995827,False,False,False,False,False
05,056,05101,152.84403503,44.9042276,16.1525974,27.5974026,21.47058824,170.85427136,58.52941176,77.77777778,83.81962865,52.63157895,98.33333333,7.42534302,11.38014528,3.63196126,3,8.106302609449152,0.37008240927288294,27.5974026,Castilla,Chamartín,62.7906976744186,100.0,100.0,129,87.18985090045334,126.19579083089178,True,False,True,False,False
05,056,05103,186.61280233,42.61592447,16.99920192,24.66081405,15.53398058,145.07042254,68.93203883,71.40902873,99.18256131,51.2195122,123.80952381,6.13690008,12.43115657,2.67505901,19,6.810893915666824,2.789648500660841,24.66081405,Castilla,Chamartín,78.70370370370371,100.0,100.0,108,65.69513428821045,112.70843202254211,True,False,False,False,False
05,056,05092,183.10844702,41.51653479,8.38487973,17.18213058,20.4,204.91803279,48.8,34.34903047,167.40740741,32.25806452,115.78947368,32.60572988,47.20327422,21.21418827,148,8.00618444333703,18.48570952211446,17.18213058,Castilla,Chamartín,100.0,100.0,100.0,130,14.166987385445518,36.35900841278533,True,False,False,False,False
05,056,05104,347.0794507,43.84446075,14.72684086,24.06967538,19.73684211,163.44086022,61.18421053,63.38939198,91.33663366,76.19047619,143.75,6.67189953,13.26530612,3.21821036,18,3.6706292965926384,4.903791297233145,24.06967538,Castilla,Chamartín,100.0,100.0,100.0,59,49.24642525119478,79.12280678316132,True,False,False,False,False
05,056,05094,14.56213632,41.68652433,9.97229917,18.8365651,18.01470588,188.88888889,52.94117647,40.46692607,143.60189573,91.01123596,157.5,22.0013708,29.40370117,10.89787526,63,100.19134332692539,0.6287968392082572,18.8365651,Castilla,Chamartín,22.256857855361595,43.5785536159601,65.02493765586036,1604,163.89122887953692,287.9024537343763,False,False,False,False,False
07,071,07003,537.0602205,42.29293725,8.98345154,17.96690307,28.07017544,200.0,50.0,36.89320388,134.09090909,69.35483871,80.0,23.92156863,35.37254902,10.03921569,2,2.374035445787022,0.8424474047130224,17.96690307,Gaztambide,Chamberí,100.0,100.0,100.0,40,37.63119720912366,62.88896580346098,True,False,False,False,False
07,071,07002,572.47871163,45.52764419,8.10810811,25.38190364,27.77777778,313.04347826,31.94444444,50.35335689,113.58490566,55.55555556,55.55555556,17.44186047,30.11627907,7.3255814,6,1.5022392667711986,3.994037522994559,25.38190364,Gaztambide,Chamberí,,,,22,,,False,False,False,False,False
07,071,07001,462.05296224,44.06118987,7.31292517,20.57823129,37.19008264,281.39534884,35.53719008,38.67924528,132.96703297,51.51515152,107.69230769,19.32489451,28.01687764,7.34177215,1,2.5646410624659026,0.38991811159667694,20.57823129,Gaztambide,Chamberí,85.0,100.0,100.0,40,59.29939105366883,109.85815569769075,True,False,False,False,False
07,071,07004,517.01186892,44.59281012,7.30101735,19.98803112,32.03592814,273.7704918,36.52694611,37.5308642,121.31147541,36.03603604,97.05882353,18.69047619,30.6547619,8.27380952,6,3.2494418426356346,1.8464709604198908,19.98803112,Gaztambide,Chamberí,100.0,100.0,100.0,51,47.180387885520084,76.20105813581104,True,False,False,False,False
07,071,07007,407.07468615,44.81012933,12.71878646,23.92065344,29.75609756,188.0733945,53.17073171,57.82688766,100.36900369,48.97959184,78.94736842,12.24018476,18.93764434,4.84988453,0,2.1273737460486815,0.0,23.92065344,Gaztambide,Chamberí,64.70588235294117,97.05882352941177,100.0,34,80.78336251753962,129.79104694218972,True,False,False,False,False
07,072,07043,296.68354801,49.32269664,7.77676121,30.46660567,36.33633634,391.76470588,25.52552553,61.92592593,97.94721408,38.57142857,65.51724138,14.62306994,24.97729337,5.35876476,16,3.711024785169711,4.311477536862717,30.46660567,Arapiles,Chamberí,100.0,100.0,100.0,59,38.30051138082421,66.05749286375355,True,False,False,False,False
07,072,07042,335.30643582,45.96108185,11.2407211,26.93531283,27.16535433,239.62264151,41.73228346,61.74957118,105.28169014,44.0,155.55555556,9.86358867,14.69045121,3.25288562,13,2.842176284693884,4.573959775123577,26.93531283,Arapiles,Chamberí,100.0,100.0,100.0,46,26.305948350772553,51.92313198733276,True,False,False,False,False
07,072,07041,452.96128974,44.10744996,7.32946299,20.46444122,30.85106383,279.20792079,35.81560284,38.49246231,142.68292683,26.59574468,94.73684211,26.92584593,34.12526998,17.06263499,32,3.0664872064805,10.435393284007,20.46444122,Arapiles,Chamberí,100.0,100.0,100.0,47,23.392420161104443,52.43310389068385,True,False,False,False,False
07,071,07010,316.64183843,44.85935768,11.78133836,23.2799246,29.14979757,197.6,50.60728745,53.99129173,99.71014493,38.98305085,104.87804878,16.38576779,24.81273408,10.29962547,45,3.372896030705033,13.341650495699891,23.2799246,Gaztambide,Chamberí,100.0,100.0,100.0,56,28.38263318576543,58.87558432727575,True,False,False,False,False
07,071,07006,573.50248623,46.76737741,9.03225806,27.41935484,35.29411765,303.57142857,32.94117647,57.36040609,114.59694989,52.0,111.9047619,16.1745828,23.17073171,5.90500642,0,2.7166403588818744,0.0,27.41935484,Gaztambide,Chamberí,34.78260869565217,84.78260869565217,100.0,46,115.90684237066208,151.1141936279755,True,False,True,False,False
07,071,07009,589.02123499,44.50286163,7.83625731,22.10526316,29.1005291,282.08955224,35.44973545,42.73789649,125.18796992,71.79487179,68.18181818,20.58139535,30.93023256,9.65116279,0,1.460049228975017,0.0,22.10526316,Gaztambide,Chamberí,,,,24,,,False,False,False,False,False
07,072,07038,757.84926994,45.33535613,9.00383142,24.13793103,32.14285714,268.08510638,37.3015873,49.57020057,123.71794872,43.85964912,106.4516129,19.65811966,28.58499525,9.4017094,4,1.3894583550730635,2.8788196388870277,24.13793103,Arapiles,Chamberí,,,,20,,,False,False,False,False,False
07,072,07039,525.17352937,43.02406977,13.22482197,21.05798576,25.60386473,159.23076923,62.80193237,52.16718266,103.78548896,63.15789474,90.90909091,19.51466127,31.14256825,10.01011122,4,1.8831870699822473,2.124058763868694,21.05798576,Arapiles,Chamberí,100.0,100.0,100.0,32,37.91018042736734,59.25602321614204,True,False,False,False,False
07,072,07040,353.99105134,45.23206379,7.06880302,22.14891612,34.89361702,313.33333333,31.91489362,41.27829561,131.07692308,64.0,117.64705882,18.85553471,33.11444653,9.94371482,8,3.01137555870347,2.6565932558223833,22.14891612,Arapiles,Chamberí,100.0,100.0,100.0,50,28.76793605107927,50.73524201679149,True,False,False,False,False
07,071,07011,506.10278905,44.10241688,7.38874895,21.83039463,35.76923077,295.45454545,33.84615385,41.28113879,156.23100304,67.24137931,85.71428571,18.6299081,30.24227235,6.43274854,6,2.365132194297821,2.536856085450787,21.83039463,Gaztambide,Chamberí,100.0,100.0,100.0,38,29.757180230838912,51.506591987914106,True,False,False,False,False
07,071,07012,517.57819617,44.98909249,7.75681342,23.27044025,31.23123123,300.0,33.33333333,44.98480243,133.33333333,49.39759036,90.625,18.28929068,27.67732962,8.3449235,4,2.77832414626766,1.4397168182746107,23.27044025,Gaztambide,Chamberí,100.0,100.0,100.0,40,37.40118450141636,52.9295111624625,True,False,False,False,False
07,071,07008,446.92023242,49.09711395,11.4151681,32.52541048,38.46153846,284.93150685,35.09615385,78.38214784,89.68253968,38.27160494,113.95348837,7.90697674,13.64341085,3.02325581,4,2.8864211248909504,1.3857991702964414,32.52541048,Gaztambide,Chamberí,100.0,100.0,100.0,48,38.41792825931927,72.74104695445534,True,False,False,False,False
07,072,07036,492.55137231,43.93359441,8.90282132,19.43573668,35.80645161,218.30985915,45.80645161,39.57968476,114.66165414,62.35294118,107.31707317,17.13221601,27.12600869,7.69708256,9,3.270724822940077,2.7516836442112664,19.43573668,Arapiles,Chamberí,100.0,100.0,100.0,52,32.41023085757346,50.60391627581998,True,False,False,False,False
07,072,07035,606.69123311,45.42083952,7.0855615,21.65775401,43.20987654,305.66037736,32.71604938,40.33771107,124.89451477,30.23255814,89.47368421,16.84350133,25.99469496,6.76392573,0,1.2428068164689372,0.0,21.65775401,Arapiles,Chamberí,,,,20,,,False,False,False,False,False
07,072,07034,817.07712368,44.54919475,8.49582173,21.79665738,36.10223642,256.55737705,38.97763578,43.45654346,126.47058824,40.96385542,137.93103448,19.33701657,31.14640884,9.80662983,4,1.772170530836746,2.2571191261776398,21.79665738,Arapiles,Chamberí,,,,27,,,False,False,False,False,False
07,072,07032,432.16085239,44.18981509,9.23957482,23.54865086,30.90277778,254.86725664,39.23611111,48.78345499,137.57225434,82.8125,94.73684211,18.49148418,26.35847526,8.02919708,12,2.8531043318467546,4.205945035396813,23.54865086,Arapiles,Chamberí,100.0,100.0,100.0,47,30.731959082159428,55.47191500489557,True,False,False,False,False
07,071,07016,544.94468017,42.42095449,7.79220779,17.13048856,35.37906137,219.84126984,45.48736462,33.19604613,139.92094862,57.77777778,69.04761905,23.06273063,35.48585486,12.11562116,8,2.9837891058998203,2.681154637967432,17.13048856,Gaztambide,Chamberí,100.0,100.0,100.0,45,30.94531227790388,55.180986226598485,True,False,False,False,False
07,071,07014,473.26320658,46.5950564,8.07174888,26.7264574,32.2147651,331.11111111,30.20134228,53.37001376,144.78114478,23.17073171,117.85714286,16.65174575,25.87287377,8.68397493,1,2.36020883193352,0.4236913219161138,26.7264574,Gaztambide,Chamberí,77.5,100.0,100.0,40,68.99555322187618,108.68839150677395,True,False,True,False,False
07,071,07013,530.1931704,45.37033103,9.21658986,23.73271889,31.55339806,257.5,38.83495146,49.14089347,120.45454545,40.625,55.17241379,18.85057471,23.67816092,7.81609195,2,1.6409113669846052,1.218834874473,23.73271889,Gaztambide,Chamberí,,,,26,,,False,False,False,False,False
07,072,07028,505.69704692,47.57470833,9.72696246,27.90102389,40.67278287,286.84210526,34.86238532,60.32831737,99.72677596,41.42857143,75.6097561,11.13945578,16.07142857,5.0170068,7,2.3255030006054063,3.010101469736941,27.90102389,Arapiles,Chamberí,92.10526315789474,100.0,100.0,38,35.65102283579074,82.2572432140842,True,False,False,False,False
07,072,07030,595.43962155,44.51552373,9.58188153,21.95121951,31.34920635,229.09090909,43.65079365,46.05597964,114.75409836,29.33333333,105.71428571,13.1147541,25.28041415,5.608283,8,1.9464609979740926,4.110023272147003,21.95121951,Arapiles,Chamberí,,,,29,,,False,False,False,False,False
07,072,07031,576.05866905,42.78553742,10.11097411,18.74229346,29.60526316,185.36585366,53.94736842,40.55459272,125.390625,60.46511628,100.0,15.70552147,25.39877301,6.87116564,9,1.4147864510605042,6.361384075493319,18.74229346,Arapiles,Chamberí,,,,23,,,False,False,False,False,False
07,071,07017,471.14634103,47.90571895,9.1005291,26.13756614,34.00809717,287.20930233,34.81781377,54.41176471,90.0621118,35.71428571,83.87096774,12.63157895,22.63157895,5.15789474,10,2.016358649678437,4.959435168735864,26.13756614,Gaztambide,Chamberí,100.0,100.0,100.0,35,27.97104833563625,52.1057622867332,True,False,False,False,False
07,071,07019,446.11338665,47.3062799,7.84641068,29.96661102,30.08356546,381.91489362,26.18384401,60.80536913,134.27672956,62.12121212,90.625,13.28903654,17.94019934,6.47840532,13,2.6988654365557565,4.816838892342245,29.96661102,Gaztambide,Chamberí,82.97872340425532,100.0,100.0,47,66.75833622786304,110.98204075854116,True,False,False,False,False
07,072,07026,222.43342395,44.40688945,10.10789324,21.69222033,39.79057592,214.60674157,46.59685864,46.62781016,111.81657848,56.75675676,59.74025974,13.81838691,21.31979695,5.47095319,16,7.970924371411499,2.0072954220197556,21.69222033,Arapiles,Chamberí,87.78625954198473,100.0,100.0,131,48.724705602054584,105.02409992473837,True,False,False,False,False
07,072,07025,537.53810478,43.74986807,11.50442478,22.12389381,32.0,192.30769231,52.0,50.66666667,121.23893805,44.73684211,112.82051282,15.30343008,22.16358839,8.70712401,9,2.115198885254957,4.254919035150295,22.12389381,Arapiles,Chamberí,100.0,100.0,100.0,36,35.88654154198846,66.01408285521981,True,False,False,False,False
07,072,07024,473.82458931,45.16384819,8.73239437,24.64788732,30.85714286,282.25806452,35.42857143,50.10570825,127.40384615,53.48837209,63.63636364,11.28133705,17.13091922,3.48189415,5,1.5153287022107451,3.29961413170977,24.64788732,Arapiles,Chamberí,,,,23,,,False,False,False,False,False
07,071,07023,479.20120528,45.70526515,11.43946616,26.02478551,32.6007326,227.5,43.95604396,59.90853659,98.18731118,56.71641791,111.42857143,9.46969697,16.38257576,3.40909091,10,2.2036672453243575,4.537890201534534,26.02478551,Gaztambide,Chamberí,100.0,100.0,100.0,34,22.390678998947926,49.33782202569682,True,False,False,False,False
07,071,07018,516.64070506,46.41698978,7.75144138,25.68866111,33.16708229,331.40495868,30.17456359,50.24061598,124.40604752,38.83495146,185.18518519,14.62324393,22.54150702,5.10855683,10,3.0311200505066633,3.2991105048209692,25.68866111,Gaztambide,Chamberí,100.0,100.0,100.0,47,39.063500419885656,68.38805577643512,True,False,False,False,False
07,071,07021,317.30425048,45.4689311,9.72918756,25.17552658,32.07171315,258.7628866,38.64541833,53.66229761,113.32236842,75.0,87.87878788,14.77045908,22.00598802,5.93812375,8,6.315704869881813,1.266683634656555,25.17552658,Gaztambide,Chamberí,93.81443298969072,100.0,100.0,97,46.7698573867025,89.9143429801154,True,False,False,False,False
06,066,06119,699.35920472,42.04389786,11.36150235,17.18309859,32.78688525,151.23966942,66.12021858,39.94743758,118.67816092,62.96296296,66.66666667,32.86908078,47.07520891,25.90529248,8,1.539981160955265,5.194868744392642,17.18309859,Berruguete,Tetuán,,,,27,,,False,False,False,False,False
06,061,06125,226.15430321,47.63336145,10.32005225,30.04572175,23.04347826,291.13924051,34.34782609,67.68893757,88.63636364,40.77669903,106.25,8.43608047,14.66580143,5.51589877,22,6.813931807259006,3.2286792152165362,30.04572175,Bellas Vistas,Tetuán,90.9090909090909,100.0,100.0,110,55.846606059689236,98.01194531524716,True,False,False,False,False
06,066,06118,528.22692269,44.64255589,10.31344793,20.72800809,39.51219512,200.98039216,49.75609756,45.01466276,107.92682927,37.97468354,70.27027027,30.71500504,41.89325277,23.56495468,5,1.8798738900552816,2.6597528836644275,20.72800809,Berruguete,Tetuán,,,,28,,,False,False,False,False,False
06,063,06061,607.58162085,47.27409476,8.13559322,27.11864407,25.41666667,333.33333333,30.0,54.45026178,106.11510791,27.14285714,131.81818182,9.14158305,16.05351171,3.45596433,8,1.4763448550794465,5.4187881459237355,27.11864407,Castillejos,Tetuán,,,,22,,,False,False,False,False,False
06,066,06120,661.53452147,42.23651408,12.43556701,16.94587629,37.64258555,136.26943005,73.38403042,41.60583942,114.90196078,47.31182796,83.33333333,30.79385403,51.9206146,25.09603073,6,2.36117685367474,2.5411057162711455,16.94587629,Berruguete,Tetuán,100.0,100.0,100.0,38,33.18334394002944,74.7500712873742,True,False,False,False,False
06,066,06123,632.43639146,39.8716618,13.20880587,13.60907272,30.88235294,103.03030303,97.05882353,36.64539654,119.83967936,67.74193548,76.0,30.57029178,47.21485411,23.14323607,6,2.384429517940755,2.5163251649315805,13.60907272,Berruguete,Tetuán,78.94736842105263,94.73684210526315,100.0,38,47.68446579892718,128.70078886222404,True,False,False,False,False
06,066,06122,499.01648348,42.81975408,12.30769231,19.36339523,33.69863014,157.32758621,63.56164384,46.35093168,107.40740741,67.64705882,74.07407407,24.38125329,39.96840442,17.90416008,5,3.805485515723897,1.3138927948458836,19.36339523,Berruguete,Tetuán,58.06451612903226,80.64516129032258,100.0,62,83.8528556496232,171.14425378479058,True,False,False,False,False
06,066,06121,420.0918,44.49373161,10.37735849,20.51886792,32.95019157,197.72727273,50.57471264,44.70989761,100.68493151,52.80898876,97.61904762,25.27386541,40.53208138,18.54460094,2,3.0421922065932496,0.6574206572699324,20.51886792,Berruguete,Tetuán,35.41666666666667,72.91666666666666,100.0,48,129.96001801343172,161.93953415930648,True,False,False,False,False
06,063,06063,236.4085666,46.59034786,11.00628931,27.59433962,33.9031339,250.71428571,39.88603989,62.8681178,102.33160622,56.32183908,89.36170213,13.69649805,21.86770428,5.52529183,8,5.435505229352759,1.4718043056602141,27.59433962,Castillejos,Tetuán,100.0,100.0,100.0,87,38.81496134223625,69.68073104765975,True,False,False,False,False
06,063,06062,329.52344973,46.8161855,10.37601142,26.55878153,38.70967742,255.96330275,39.06810036,58.56603774,102.29007634,52.03252033,101.53846154,13.70056497,23.96421846,6.49717514,50,6.445671777586094,7.757143355308267,26.55878153,Castillejos,Tetuán,100.0,100.0,100.0,103,25.112461547585472,44.6911163287806,True,False,False,False,False
06,066,06115,608.51136853,40.63361283,11.49068323,13.66459627,28.97727273,118.91891892,84.09090909,33.60995851,121.6091954,57.74647887,106.25,37.55795981,55.02318393,28.90262751,0,2.1265009446186642,0.0,13.66459627,Berruguete,Tetuán,30.555555555555557,69.44444444444444,100.0,36,127.11492201347352,183.46681092915625,True,False,False,False,False
06,066,06124,407.67948502,41.82023495,11.55143339,15.43001686,34.9726776,133.57664234,74.86338798,36.95150115,96.37188209,60.0,97.22222222,25.75250836,41.72240803,18.97993311,2,2.933677175188754,0.6817382692665628,15.43001686,Berruguete,Tetuán,68.75,97.91666666666666,100.0,48,81.08621265169846,124.47396782416286,True,False,False,False,False
06,066,06117,344.10295692,42.09106031,10.31452359,15.26364477,27.87878788,147.98206278,67.57575758,34.3691734,112.26912929,53.19148936,84.0,29.97237569,44.98158379,21.68508287,80,6.312064329292843,12.674142059791492,15.26364477,Berruguete,Tetuán,99.0,100.0,100.0,100,32.24539420215952,72.3915903874273,True,False,False,False,False
06,063,06064,113.04567287,50.15512465,10.95305832,33.71266003,40.92827004,307.79220779,32.48945148,80.71979434,80.93023256,31.48148148,70.83333333,8.64022663,15.29745042,3.82436261,12,6.245263370932164,1.9214561960433205,33.71266003,Castillejos,Tetuán,91.83673469387756,98.9795918367347,100.0,98,43.428483328298206,91.96726504550485,True,False,False,False,False
06,066,06116,493.51502684,42.67983059,10.62062937,16.43356643,27.92553191,154.73251029,64.62765957,37.08807669,98.69047619,52.98507463,100.0,26.21317158,42.11438475,18.97746967,0,4.676655976931341,0.0,16.43356643,Berruguete,Tetuán,51.35135135135135,95.94594594594594,100.0,74,98.98768488799918,132.9467266327329,True,False,False,False,False
06,063,06066,476.20291935,45.00250647,9.52034884,22.6744186,32.05128205,238.16793893,41.98717949,47.4812433,113.01369863,39.50617284,115.38461538,16.90647482,27.98561151,9.64028777,3,2.9189237266496932,1.0277760849350337,22.6744186,Castillejos,Tetuán,86.95652173913044,100.0,100.0,46,53.36873845407912,108.77870290351608,True,False,False,False,False
06,066,06113,465.12989002,41.09449867,12.02872531,14.18312388,29.11392405,117.91044776,84.81012658,35.52311436,112.95336788,45.90163934,120.0,20.53333333,31.91111111,14.31111111,5,2.4186792208831807,2.0672439556388342,14.18312388,Berruguete,Tetuán,53.84615384615385,87.17948717948718,100.0,39,98.11557734101632,153.41407810023728,True,False,False,False,False
06,066,06108,378.19607273,41.75951981,10.57692308,14.21703297,27.53623188,134.41558442,74.39613527,32.96803653,106.99432892,47.87234043,95.83333333,34.56284153,53.21038251,28.34699454,13,3.8710079388626326,3.35829846006971,14.21703297,Berruguete,Tetuán,95.16129032258065,100.0,100.0,62,40.2220794533825,93.47555950058404,True,False,False,False,False
06,066,06114,442.04419415,41.09151065,10.20979021,13.05361305,27.85714286,127.85388128,78.21428571,30.31591738,115.72739187,54.07407407,100.0,22.73148148,36.43518519,15.27777778,0,4.886389253773494,0.0,13.05361305,Berruguete,Tetuán,18.666666666666668,60.0,94.66666666666667,75,139.5466721199939,187.90432231250833,True,False,False,False,False
06,063,06065,161.51089904,48.35330111,8.91647856,29.34537246,38.46153846,329.11392405,30.38461538,61.97440585,91.92982456,35.59322034,119.23076923,13.77777778,22.77777778,5.44444444,9,5.572379358733218,1.6151089903624205,29.34537246,Castillejos,Tetuán,75.82417582417582,94.5054945054945,100.0,91,51.8019679163076,136.32795479261293,True,False,True,False,False
06,066,06109,443.30865662,40.87341022,11.50895141,13.46973572,27.21518987,117.03703704,85.44303797,33.29545455,109.27467301,52.67175573,105.47945205,33.96704689,49.97887621,25.77101817,4,5.339394944515845,0.7491485536406044,13.46973572,Berruguete,Tetuán,42.5287356321839,82.75862068965517,100.0,87,115.97332505792126,166.78435458772452,True,False,False,False,False
06,063,06067,433.5672165,43.64615476,8.96,19.36,34.7107438,216.07142857,46.28099174,39.50892857,120.68965517,47.14285714,176.0,28.88888889,39.92063492,18.57142857,11,2.906123784398326,3.785110620219986,19.36,Castillejos,Tetuán,100.0,100.0,100.0,44,41.093305995064014,69.22182721954105,True,False,False,False,False
06,065,06107,409.78125312,44.11089676,9.01201602,20.82777036,34.61538462,231.11111111,43.26923077,42.53092293,117.59834369,66.66666667,120.0,29.11978822,43.41495698,21.24420913,17,3.6873331527868713,4.610378095928617,20.82777036,Valdeacederas,Tetuán,94.91525423728814,100.0,100.0,59,39.81237195919025,85.45976763467516,True,False,False,False,False
06,066,06112,355.66908467,43.28424267,10.23041475,18.06451613,37.24489796,176.57657658,56.63265306,39.46015424,103.13315927,82.0,81.81818182,22.89377289,39.01098901,17.67399267,4,3.0702696609469067,1.3028171599644944,18.06451613,Berruguete,Tetuán,85.41666666666666,100.0,100.0,48,49.22997248920431,117.68430174558588,True,False,False,False,False
06,063,06068,297.59104594,43.43456852,11.26644737,18.58552632,34.07079646,164.96350365,60.61946903,42.55568581,104.55635492,33.75,100.0,20.06525285,31.97389886,14.27406199,2,4.1197476090342064,0.4854666328622157,18.58552632,Castillejos,Tetuán,70.58823529411765,100.0,100.0,68,78.15819112215321,122.73020900359994,True,False,False,False,False
06,066,06110,318.23631199,41.79253311,8.65384615,13.80494505,25.87064677,159.52380952,62.68656716,28.96368468,118.37524178,44.21052632,77.27272727,29.76109215,45.66552901,21.97952218,5,4.60349729051402,1.0861307576531032,13.80494505,Berruguete,Tetuán,61.33333333333333,86.66666666666667,98.66666666666667,75,79.547469758838,162.5216169490733,True,False,False,False,False
06,066,06111,398.89568426,40.62530744,12.5346901,13.18223867,26.66666667,105.16605166,95.0877193,34.62017435,105.63380282,90.42553191,95.0617284,22.15073529,35.06433824,14.61397059,13,5.455060272252111,2.383108407825708,13.18223867,Berruguete,Tetuán,68.6046511627907,88.37209302325581,100.0,86,58.20067849552919,155.2807672879365,True,False,False,False,False
06,065,06105,405.42957057,41.29227965,10.52631579,13.77274963,22.5,130.8411215,76.42857143,32.09876543,106.02409639,51.42857143,83.33333333,28.40409956,44.75353831,20.93704246,10,5.053898750287366,1.9786704273470848,13.77274963,Valdeacederas,Tetuán,92.5,100.0,100.0,80,55.24768082603896,90.32582293888828,True,False,False,False,False
06,065,06104,396.05977924,39.67152337,12.23175966,11.08726753,24.51612903,90.64327485,110.32258065,30.41044776,106.94980695,71.21212121,123.40425532,31.09065156,46.74220963,23.0878187,9,3.5651183837079805,2.524460349235121,11.08726753,Valdeacederas,Tetuán,85.96491228070175,100.0,100.0,57,50.11167413853357,110.31576507743564,True,False,False,False,False
06,063,06069,379.94876379,43.39653659,8.19868342,17.95332136,35.66666667,218.97810219,45.66666667,35.41329011,134.15559772,38.37209302,127.5,28.31647829,41.64187983,20.22605592,8,4.424280745664827,1.8082035159814112,17.95332136,Castillejos,Tetuán,73.23943661971832,94.36619718309859,100.0,71,64.040574176815,138.5128657306151,True,False,False,False,False
06,065,06092,245.0111007,45.24154232,9.58677686,21.81818182,30.68181818,227.5862069,43.93939394,45.78313253,100.0,32.55813953,77.5,23.66474938,35.33278554,17.99506984,108,4.967121883626343,21.74297360328765,21.81818182,Valdeacederas,Tetuán,100.0,100.0,100.0,80,18.899386516860993,48.197788052590575,True,False,False,False,False
06,063,06070,257.03775349,45.22769331,6.13240418,22.02090592,29.11392405,359.09090909,27.84810127,39.18525703,142.01877934,44.28571429,123.07692308,18.3321847,27.98070296,8.95933839,22,5.645085129655546,3.8971954354464104,22.02090592,Castillejos,Tetuán,72.52747252747253,87.91208791208791,100.0,91,57.09452468482286,151.96250180286728,True,False,False,False,False
06,065,06106,368.71761154,41.06003494,11.55347385,14.20765027,34.06593407,122.97297297,81.31868132,34.70031546,109.47136564,57.14285714,107.31707317,29.27018634,43.40062112,23.21428571,0,3.4931881735070687,0.0,14.20765027,Valdeacederas,Tetuán,79.3103448275862,100.0,100.0,58,79.79634992857306,119.54356764540718,True,False,False,False,False
06,065,06103,400.52560184,39.82972503,11.53366584,10.78553616,28.32369942,93.51351351,106.93641618,28.73194222,114.08934708,59.03614458,105.26315789,26.32552404,41.36868064,18.12577065,3,4.049678703535651,0.7407995101884975,10.78553616,Valdeacederas,Tetuán,82.25806451612904,100.0,100.0,62,66.69596322551018,115.47132381453112,True,False,False,False,False
06,063,06071,151.24807014,46.34654485,9.10834132,25.40747843,36.60377358,278.94736842,35.8490566,52.70863836,105.72289157,49.38271605,129.62962963,15.9351145,25.19083969,8.11068702,9,6.929014029941271,1.2988860985285495,25.40747843,Castillejos,Tetuán,92.66055045871559,100.0,100.0,109,53.838888639933245,87.37150791181291,True,False,False,False,False
06,065,06126,385.07375001,42.22509431,10.25819958,15.2128402,27.06422018,148.29931973,67.43119266,34.17602996,106.97674419,40.81632653,88.63636364,28.98751734,44.79889043,20.73509015,7,3.7447372093179174,1.8692900485999684,15.2128402,Valdeacederas,Tetuán,98.30508474576271,100.0,100.0,59,42.60846359543755,73.0526876052456,True,False,False,False,False
06,065,06102,449.95244469,41.69207453,9.84848485,13.04112554,34.02489627,132.41758242,75.5186722,29.68421053,101.84135977,53.54330709,76.19047619,24.02144772,38.55227882,16.67560322,0,4.144882469252578,0.0,13.04112554,Valdeacederas,Tetuán,95.65217391304348,100.0,100.0,69,55.53490116978386,90.82967074294648,True,False,False,False,False
06,064,06072,284.0204257,44.14702935,9.23144876,21.33392226,31.67701863,231.10047847,43.27122153,44.02035623,132.5443787,33.33333333,73.07692308,23.17126588,35.17301796,14.76127902,18,8.038154278355316,2.239320044959746,21.33392226,Almenara,Tetuán,67.6923076923077,94.61538461538461,100.0,130,67.96395431811177,140.8956049138852,True,False,False,False,False
06,065,06094,402.26034347,40.82746279,10.45475856,12.33005157,28.8973384,117.93721973,84.79087452,29.50819672,108.21744627,51.12781955,110.44776119,30.8372093,43.53488372,22.8372093,5,5.3447973057198395,0.9354891708707367,12.33005157,Valdeacederas,Tetuán,84.88372093023256,100.0,100.0,86,60.7418998310343,108.22294299999712,True,False,False,False,False
06,065,06091,417.06966179,41.89625379,9.21293472,15.19219036,26.10441767,164.90066225,60.64257028,32.28410008,116.23036649,65.97938144,74.07407407,25.01514234,41.61114476,18.17080557,4,3.9585713161547513,1.0104655646031133,15.19219036,Valdeacederas,Tetuán,80.0,100.0,100.0,65,73.47317607144493,114.02651228117826,True,False,False,False,False
06,065,06093,450.44967675,42.60897309,9.10458992,15.87659895,21.80094787,174.38016529,57.34597156,33.2998997,106.41821946,46.25,71.73913043,30.56801196,45.44095665,21.00149477,1,2.970365101933715,0.3366589512343104,15.87659895,Valdeacederas,Tetuán,71.11111111111111,100.0,100.0,45,79.39303980809524,118.60481079049234,True,False,False,False,False
06,064,06074,245.97567263,46.58270055,10.07751938,21.48394241,34.02061856,213.18681319,46.90721649,46.11650485,69.78021978,54.28571429,86.95652174,10.38674033,19.22651934,6.85082873,8,3.6792256336645215,2.1743705867889305,21.48394241,Almenara,Tetuán,72.41379310344827,94.82758620689656,100.0,58,68.44597722428134,132.12129440811802,True,False,False,False,False
06,065,06095,428.12783872,40.03796006,13.21514907,13.53746978,25.0,102.43902439,97.61904762,36.52365237,108.00915332,96.77419355,88.23529412,26.27795527,39.61661342,19.32907348,6,2.9243601718503576,2.0517308564640873,13.53746978,Valdeacederas,Tetuán,97.87234042553192,100.0,100.0,47,50.5189577490854,84.34938098883129,True,False,False,False,False
06,064,06129,385.50911973,42.44902753,10.7875895,15.56085919,30.98159509,144.24778761,69.32515337,35.77446533,98.84020619,56.16438356,95.77464789,22.73374466,35.97532036,16.99098244,6,5.465499756408494,1.0977953101113553,15.56085919,Almenara,Tetuán,43.82022471910113,82.02247191011236,100.0,89,106.15623980667638,163.23298397299345,True,False,False,False,False
06,064,06076,109.83535718,42.70707709,8.62831858,17.58849558,44.02515723,203.84615385,49.05660377,35.53223388,153.6121673,51.92307692,60.60606061,24.66960352,36.56387665,12.7753304,10,8.266918989341299,1.2096404976138264,17.58849558,Almenara,Tetuán,64.39393939393939,90.9090909090909,100.0,132,71.19107453693863,146.4217804583514,True,False,False,False,False
06,065,06101,220.48010222,40.27551784,13.78008495,11.93959415,33.59683794,86.64383562,115.41501976,34.62515883,101.53649168,69.28571429,72.09302326,22.11267606,35.07042254,15.49295775,44,9.660735724058949,4.554518543595295,11.93959415,Valdeacederas,Tetuán,94.87179487179486,100.0,100.0,156,43.76420911667247,92.93605372923412,True,False,False,False,False
06,065,06096,497.9428787,39.52181991,11.56412157,11.86063751,26.25,102.56410256,97.5,30.59051307,123.59307359,83.33333333,95.65217391,34.40702782,47.51098097,24.45095168,1,2.7432865463799994,0.3645262655188483,11.86063751,Valdeacederas,Tetuán,90.9090909090909,100.0,100.0,44,77.9078299839576,97.59051633793455,True,False,False,False,False
06,065,06097,524.6767501,42.89497696,11.02257636,16.6002656,32.8,150.60240964,66.4,38.16513761,100.36764706,41.37931034,72.72727273,20.53982883,37.0638578,14.54904542,0,2.895115896984817,0.0,16.6002656,Valdeacederas,Tetuán,86.66666666666667,100.0,100.0,45,59.901790841327234,101.66544890290324,True,False,False,False,False
06,064,06073,337.31666011,42.59738895,11.91294387,15.29209622,31.08614232,128.36538462,77.90262172,37.37214792,84.47024673,68.14159292,75.38461538,17.48291572,33.37129841,13.43963554,3,5.205790901141336,0.5762813099815955,15.29209622,Almenara,Tetuán,59.523809523809526,97.61904761904762,100.0,84,86.81365781192454,135.69744461007198,True,False,False,False,False
06,064,06075,379.57398194,43.8400438,9.80751604,17.87351054,35.8974359,182.24299065,54.87179487,38.27629911,100.25380711,46.15384615,112.5,26.36861314,39.59854015,20.62043796,0,2.8874476443617407,0.0,17.87351054,Almenara,Tetuán,52.17391304347826,97.82608695652173,100.0,46,98.23248726927034,139.17478763782134,True,False,False,False,False
06,064,06127,297.8160836,43.10975155,11.03400416,18.11242193,21.83908046,164.1509434,60.91954023,41.13614104,97.48549323,53.38345865,118.18181818,9.70406056,21.54163799,5.91878871,10,4.878850001756016,2.0496633420582224,18.11242193,Almenara,Tetuán,98.66666666666667,100.0,100.0,75,46.99245046801089,80.81429139986413,True,False,False,False,False
06,065,06090,399.07223425,39.41485934,14.27955134,12.29508197,32.63157895,86.10271903,116.14035088,36.19271445,111.42857143,76.0,100.0,27.148354,41.25694741,19.92304404,8,5.861094306391529,1.3649328234278695,12.29508197,Valdeacederas,Tetuán,57.608695652173914,86.95652173913044,100.0,92,86.18289793772189,155.13091520096373,True,False,False,False,False
06,064,06077,296.39012107,42.49699485,8.26086957,20.52173913,47.45762712,248.42105263,40.25423729,40.41514042,188.38028169,87.03703704,137.93103448,24.3776824,32.96137339,15.45064378,8,3.9306303320073095,2.0352969687471294,20.52173913,Almenara,Tetuán,98.4375,100.0,100.0,64,38.56829876767439,74.62356253683039,True,False,False,False,False
06,064,06085,398.17638033,41.7539011,10.21003501,15.92765461,31.86813187,156.0,64.1025641,35.38704581,119.03114187,76.19047619,72.88135593,31.63678427,48.87218045,22.78773858,0,4.342296744326543,0.0,15.92765461,Almenara,Tetuán,43.47826086956522,86.95652173913044,100.0,69,107.51041996486312,159.94060934039211,True,False,False,False,False
06,064,06128,402.82241021,44.71154368,9.81104651,18.75,37.20930233,191.11111111,52.3255814,39.97965412,89.4026975,44.73684211,100.0,17.61732852,28.88086643,13.35740072,8,3.438239692974221,2.326772044528305,18.75,Almenara,Tetuán,61.111111111111114,83.33333333333334,100.0,54,74.33104640593203,162.31083492096388,True,False,False,False,False
06,064,06078,306.50480671,39.8597509,12.82746161,14.63414634,35.80246914,114.08450704,87.65432099,37.85803238,115.86021505,141.17647059,81.63265306,18.5483871,29.03225806,10.48387097,19,3.641052197496225,5.2182717987578915,14.63414634,Almenara,Tetuán,100.0,100.0,100.0,57,38.22323508054346,79.05690859365195,True,False,False,False,False
06,064,06080,276.00524168,41.06850486,10.90317331,15.29698942,31.38297872,140.29850746,71.27659574,35.5016538,136.19791667,66.66666667,79.16666667,29.4165316,45.46191248,17.50405186,12,4.470929582728408,2.684005591668688,15.29698942,Almenara,Tetuán,86.3013698630137,100.0,100.0,73,66.92131824762762,103.44647917994581,True,False,False,False,False
06,064,06081,336.01036498,41.46222799,12.84812477,15.74452284,31.83962264,122.5433526,81.60377358,40.04160166,100.10405827,76.27118644,102.88461538,23.42541436,36.86924494,17.053407,11,8.080107886427673,1.3613679612467715,15.74452284,Almenara,Tetuán,72.09302325581395,96.12403100775194,100.0,129,68.92344576479196,133.7484855593791,True,False,False,False,False
06,065,06099,52.66877283,38.58701205,10.11783828,10.48354328,26.35658915,103.61445783,96.51162791,25.94677584,143.03482587,84.92063492,82.71604938,33.81526104,48.59437751,22.97188755,397,47.27659039997295,8.397390688314678,10.48354328,Valdeacederas,Tetuán,99.73474801061008,100.0,100.0,754,23.301512495920953,59.90215714171554,False,False,False,False,False
06,064,06089,215.24095207,41.95426368,12.5,16.41104294,26.63551402,131.28834356,76.1682243,40.66882416,97.23404255,59.03614458,107.27272727,20.59270517,31.68693009,13.52583587,34,6.11407814046871,5.56093645172051,16.41104294,Almenara,Tetuán,84.15841584158416,95.04950495049505,100.0,101,30.275305448780337,122.95138974396991,True,False,False,False,False
06,064,06079,362.94199246,46.34558829,8.28516378,23.89210019,40.32258065,288.37209302,34.67741935,47.44318182,107.05882353,53.52112676,46.875,21.88099808,32.24568138,11.90019194,2,2.8709821999976994,0.6966257053079614,23.89210019,Almenara,Tetuán,100.0,100.0,100.0,47,52.04115341718657,81.92593024797745,True,False,False,False,False
06,064,06084,83.69024024,40.47468559,13.53199805,15.63263312,35.9375,115.5234657,86.5625,41.17241379,107.43919886,122.97297297,112.79069767,20.96069869,31.34400776,11.4992722,97,24.62652746753107,3.9388419714427862,15.63263312,Almenara,Tetuán,93.43434343434343,100.0,100.0,396,37.287527342301004,90.24147476336549,False,False,False,False,False
07,074,07075,101.64196973,46.89249448,9.71659919,25.20242915,33.73493976,259.375,38.55421687,53.65474339,91.94029851,42.10526316,131.81818182,18.6559679,31.09327984,4.61384152,22,9.80894017197415,2.242851889632055,25.20242915,Almagro,Chamberí,84.71337579617835,100.0,100.0,157,62.04004098179746,108.66460036521556,True,False,False,False,False
07,074,07076,145.61611955,51.20692987,6.2195122,34.02439024,43.01075269,547.05882353,18.27956989,67.34693878,93.67588933,56.4516129,160.0,16.20314389,27.44860943,4.5949214,7,5.679316291164876,1.232542728935465,34.02439024,Almagro,Chamberí,100.0,100.0,100.0,91,45.95304675384014,84.97798134746317,True,False,False,False,False
07,073,07073,323.62372445,43.96982561,9.24252953,19.94440584,32.05574913,215.78947368,46.34146341,41.25736739,121.30434783,58.33333333,158.62068966,21.36929461,35.6846473,7.1922545,12,4.46815202583542,2.6856740618077635,19.94440584,Trafalgar,Chamberí,89.04109589041096,100.0,100.0,73,44.18525369346891,100.60302724521544,True,False,False,False,False
07,073,07050,379.16716435,42.59068538,9.13348946,16.74473068,27.27272727,183.33333333,54.54545455,34.91311216,108.22368421,113.51351351,135.29411765,28.30409357,39.06432749,8.88888889,12,2.2549420951294854,5.32164441203131,16.74473068,Trafalgar,Chamberí,100.0,100.0,100.0,36,28.012816419020183,44.07289198300983,True,False,False,False,False
07,073,07051,406.26298839,42.55912977,10.21711367,18.90166028,27.7027027,185.0,54.05405405,41.08108108,125.6097561,41.46341463,103.7037037,26.97201018,38.29516539,10.30534351,17,1.9347073754345199,8.786858527472113,18.90166028,Trafalgar,Chamberí,,,,29,,,False,False,False,False,False
07,074,07078,315.65645562,43.67809381,12.6705653,21.44249513,31.81818182,169.23076923,59.09090909,51.77514793,111.25,37.14285714,105.12820513,19.24564797,30.94777563,4.64216634,6,3.2757131419161647,1.8316622182888191,21.44249513,Almagro,Chamberí,76.92307692307693,100.0,100.0,52,44.26638756869291,121.00806020425807,True,False,False,False,False
07,073,07072,221.21356145,46.73719643,7.26643599,25.46712803,27.7173913,350.47619048,28.5326087,48.66255144,107.69230769,57.14285714,113.79310345,18.95604396,27.81593407,6.18131868,58,6.581874955944954,8.812078683994535,25.46712803,Trafalgar,Chamberí,92.3076923076923,100.0,100.0,104,53.03203187113789,95.49386824638582,True,False,False,False,False
07,073,07052,499.33039266,44.63888618,11.20218579,23.08743169,28.99408284,206.09756098,48.52071006,52.18295218,111.89427313,48.88888889,92.59259259,21.95121951,30.75880759,8.1300813,37,1.4779793316332266,25.034179577540854,23.08743169,Trafalgar,Chamberí,,,,24,,,False,False,False,False,False
07,073,07053,546.91691183,42.35813055,9.49759119,17.06813489,27.41935484,179.71014493,55.64516129,36.17619494,127.50533049,31.03448276,100.0,22.35133288,34.24470267,8.13397129,21,2.6749949916559475,7.850481988005523,17.06813489,Trafalgar,Chamberí,100.0,100.0,100.0,45,38.19114720711016,71.13519704595628,True,False,False,False,False
07,072,07049,255.94217055,46.17602363,10.01251564,26.6583229,37.55868545,266.25,37.55868545,57.90513834,114.40677966,110.81081081,86.95652174,14.55223881,23.50746269,6.34328358,52,3.1413346157971236,16.553473717350176,26.6583229,Arapiles,Chamberí,100.0,100.0,100.0,50,34.506677797354705,65.99152153295998,True,False,False,False,False
07,074,07079,264.11523687,44.51602157,9.6,20.68571429,25.41436464,215.47619048,46.40883978,43.44262295,103.33333333,49.20634921,78.78787879,19.29625426,30.98751419,6.01589103,0,3.335665183318757,0.0,20.68571429,Almagro,Chamberí,74.0,100.0,100.0,50,82.61952958108934,112.76926727100125,True,False,False,False,False
07,072,07048,365.58239623,46.19167495,7.98045603,23.99565689,33.25791855,300.68027211,33.25791855,47.08233413,116.06217617,29.9270073,113.95348837,15.91154261,24.48759439,4.15318231,62,5.071360161511569,12.22551702609114,23.99565689,Arapiles,Chamberí,100.0,100.0,100.0,80,30.796838330844018,70.43279317084334,True,False,False,False,False
07,072,07047,555.38329767,44.87010298,7.35027223,23.04900181,34.64566929,313.58024691,31.88976378,43.67666232,132.42424242,67.1641791,104.76190476,18.87985547,28.27461608,6.32339657,12,1.9932180255329077,6.020415150917409,23.04900181,Arapiles,Chamberí,100.0,100.0,100.0,33,23.05840974577672,41.01226218089434,True,False,False,False,False
07,073,07056,561.27295435,43.11068491,9.40860215,20.43010753,21.05263158,217.14285714,46.05263158,42.52873563,121.18644068,58.97435897,104.0,21.62883845,30.3070761,7.61014686,4,1.3344665802793911,2.997452359700562,20.43010753,Trafalgar,Chamberí,,,,20,,,False,False,False,False,False
07,073,07071,436.26974779,44.99164712,10.58252427,24.0776699,24.59677419,227.52293578,43.9516129,53.04606241,100.29761905,63.46153846,88.88888889,15.38461538,24.61538462,4.23076923,3,2.3838462448539497,1.2584704263020956,24.0776699,Trafalgar,Chamberí,100.0,100.0,100.0,38,43.82453926016141,77.71988488027276,True,False,False,False,False
07,073,07057,373.40849925,45.95021121,9.93103448,24.0,35.91954023,241.66666667,41.37931034,51.35699374,100.41841004,43.33333333,95.65217391,16.19958988,25.63226247,5.46821599,62,3.9179611683418982,15.82455704282509,24.0,Trafalgar,Chamberí,100.0,100.0,100.0,65,25.577485411500202,55.34871600635677,True,False,False,False,False
07,074,07080,212.29698118,44.54297716,11.06346484,22.29845626,32.30769231,201.5503876,49.61538462,50.06435006,103.93700787,65.82278481,139.39393939,15.98984772,27.24196277,8.03722504,6,5.567672198682643,1.0776496506780069,22.29845626,Almagro,Chamberí,87.64044943820225,100.0,100.0,89,53.15987919479686,103.64717182632573,True,False,False,False,False
07,072,07044,478.21675019,48.90609139,12.29946524,30.37433155,36.61971831,246.95652174,40.49295775,74.44029851,63.91437309,39.13043478,67.56756757,8.2890542,13.92136026,1.38150903,9,1.9677269765678265,4.573805262200599,30.37433155,Arapiles,Chamberí,100.0,100.0,100.0,33,30.503576347828748,54.666144910505075,True,False,False,False,False
07,072,07045,560.31438188,41.90082495,10.04878049,17.65853659,28.72928177,175.72815534,56.90607735,38.3265857,145.36423841,60.41666667,105.88235294,22.53384913,33.4622824,9.18762089,3,1.8453925750289153,1.625670353611883,17.65853659,Arapiles,Chamberí,100.0,100.0,100.0,30,38.99745935202531,61.47967017264942,True,False,False,False,False
07,074,07081,85.19235945,46.12154884,9.3418259,20.80679406,24.82993197,222.72727273,44.89795918,43.24873096,74.33628319,41.25874126,110.0,18.1754386,29.96491228,5.26315789,57,16.72685214060054,3.4076943779305475,20.80679406,Almagro,Chamberí,96.6789667896679,100.0,100.0,271,39.10303563669469,80.42106600309985,False,False,False,False,False
07,072,07046,521.30556997,43.2137526,10.89238845,19.42257218,38.51351351,178.31325301,56.08108108,43.50282486,125.0,40.47619048,166.66666667,20.44270833,31.11979167,10.9375,2,1.4732242359198329,1.3575665884638841,19.42257218,Arapiles,Chamberí,,,,23,,,False,False,False,False,False
07,073,07058,429.30908848,45.72603194,6.33363069,20.96342551,32.76595745,330.98591549,30.21276596,37.54601227,120.27027027,29.11392405,128.57142857,21.91659272,31.76574978,6.38864241,62,2.6251482445290564,23.617713829766064,20.96342551,Trafalgar,Chamberí,100.0,100.0,100.0,42,24.0854283220782,51.6890576546498,True,False,False,False,False
07,073,07070,508.1164177,42.24221634,9.05631659,16.74277017,34.09090909,184.87394958,54.09090909,34.76923077,124.13793103,63.07692308,97.61904762,23.97881997,36.76248109,9.98487141,27,2.6017659613802375,10.377566776097146,16.74277017,Trafalgar,Chamberí,100.0,100.0,100.0,41,33.005726836103946,62.65740783795262,True,False,False,False,False
07,073,07055,399.85185983,45.1794726,8.70165746,23.75690608,31.39534884,273.01587302,36.62790698,48.05725971,116.37168142,77.77777778,135.29411765,20.1369863,28.90410959,3.97260274,21,1.825676139933932,11.502587748536799,23.75690608,Trafalgar,Chamberí,,,,29,,,False,False,False,False,False
07,074,07083,334.90050031,47.61582258,9.4534712,27.91728213,34.39153439,295.3125,33.86243386,59.66981132,92.72727273,53.06122449,100.0,13.7829912,25.65982405,6.15835777,5,2.036425742466647,2.4552822603507676,27.91728213,Almagro,Chamberí,100.0,100.0,100.0,31,39.06216999820492,53.1690316354723,True,False,False,False,False
07,073,07059,276.8666052,42.51806977,9.24479167,18.09895833,24.46043165,195.77464789,51.07913669,37.6344086,126.82926829,75.0,100.0,21.70542636,33.33333333,8.26873385,21,2.795570088501986,7.51188463718787,18.09895833,Trafalgar,Chamberí,100.0,100.0,100.0,44,26.244035374561456,50.16382517614845,True,False,False,False,False
07,073,07069,445.00035328,46.67476963,7.5,23.64583333,33.92070485,315.27777778,31.71806167,45.23449319,100.3030303,38.88888889,104.54545455,19.83471074,30.88842975,6.09504132,41,2.175279171941634,18.848155459238725,23.64583333,Trafalgar,Chamberí,100.0,100.0,100.0,37,22.93639459521663,47.29019348484663,True,False,False,False,False
07,073,07060,393.33260357,44.37711354,6.7032967,17.25274725,33.75796178,257.37704918,38.85350318,31.50289017,110.3343465,31.57894737,105.0,20.19650655,31.44104803,8.29694323,8,2.328817880026699,3.4352192451855803,17.25274725,Trafalgar,Chamberí,100.0,100.0,100.0,39,28.907473237516058,57.038051794765195,True,False,False,False,False
07,073,07068,511.18668193,44.89326125,10.22222222,21.86666667,28.45528455,213.91304348,46.74796748,47.2513089,109.89010989,35.61643836,100.0,19.77052074,29.74404237,7.41394528,3,2.216411420840332,1.3535393166592589,21.86666667,Trafalgar,Chamberí,100.0,100.0,100.0,33,46.1601428186105,67.39709611698356,True,False,False,False,False
07,074,07085,198.11159581,49.34385387,9.55932203,31.52542373,43.65591398,329.78723404,30.32258065,69.73532796,96.60633484,54.94505495,148.57142857,22.49158249,29.56228956,14.47811448,105,7.495775267141384,14.007890612766888,31.52542373,Almagro,Chamberí,88.23529411764706,100.0,100.0,119,51.70098291083109,105.55257016370507,True,False,False,False,False
07,074,07084,303.52267873,47.14735943,10.36121673,27.47148289,34.94809689,265.13761468,37.71626298,60.85626911,106.30914826,54.28571429,97.05882353,16.22641509,26.79245283,5.18867925,4,3.4923255304413274,1.1453685989846765,27.47148289,Almagro,Chamberí,92.98245614035088,100.0,100.0,57,49.817394111608586,91.05335167159936,True,False,False,False,False
07,074,07082,144.82486849,44.81715237,9.91735537,22.95684114,31.2,231.48148148,43.2,48.97400821,118.86227545,52.7027027,113.79310345,18.15693431,29.10583942,6.29562044,23,7.567761058177248,3.0392080065936597,22.95684114,Almagro,Chamberí,100.0,100.0,100.0,119,36.97982717623781,76.94807300020865,True,False,False,False,False
07,074,07086,515.73799383,45.87253864,10.32482599,23.20185615,26.5,224.71910112,44.5,50.43630017,83.06709265,59.49367089,88.0,15.91695502,25.95155709,6.11303345,4,1.6810861529760237,2.379414043069005,23.20185615,Almagro,Chamberí,,,,24,,,False,False,False,False,False
07,073,07067,456.53124077,43.66943832,11.48775895,19.39736347,33.00970874,168.85245902,59.22330097,44.6866485,103.88888889,36.50793651,189.28571429,17.00934579,27.00934579,5.98130841,9,2.343760742841869,3.839982399008558,19.39736347,Trafalgar,Chamberí,100.0,100.0,100.0,37,31.79834766179818,56.971921606426484,True,False,False,False,False
07,073,07061,550.33736811,45.2520008,7.21816707,21.41119221,33.71212121,296.62921348,33.71212121,40.11363636,118.36228288,39.47368421,120.0,17.20257235,25.48231511,7.47588424,5,2.260431640772918,2.2119669136689004,21.41119221,Trafalgar,Chamberí,100.0,100.0,100.0,34,43.2928561856624,70.65452337666683,True,False,False,False,False
07,074,07087,295.23029853,42.38924743,12.6173097,19.08237748,30.6010929,151.23966942,66.12021858,46.41221374,117.60797342,44.44444444,86.84210526,24.33264887,32.54620123,9.75359343,4,3.2991193818614795,1.2124447578320305,19.08237748,Almagro,Chamberí,78.94736842105263,100.0,100.0,57,54.512723881741685,117.02860318445134,True,False,False,False,False
07,074,07088,618.24363936,45.63540171,9.43755958,23.16491897,34.56790123,245.45454545,40.74074074,48.37340877,102.57879656,61.53846154,117.24137931,18.8034188,27.92022792,5.22317189,0,1.7032120234851977,0.0,23.16491897,Almagro,Chamberí,,,,25,,,False,False,False,False,False
07,074,07089,499.59237763,45.46574583,9.25076453,24.00611621,31.21019108,259.50413223,38.53503185,49.82817869,110.36144578,54.92957746,87.5,22.45827011,34.97723824,10.09104704,5,2.6381507384895726,1.895266986473511,24.00611621,Almagro,Chamberí,92.6829268292683,100.0,100.0,41,55.5556204619357,96.89183126036293,True,False,False,False,False
07,073,07065,585.33217527,43.41449229,9.78723404,19.0070922,33.58208955,194.20289855,51.49253731,40.47856431,115.69892473,44.73684211,68.75,25.08759636,41.55571128,14.36580238,8,2.437931930446474,3.2814697982707455,19.0070922,Trafalgar,Chamberí,100.0,100.0,100.0,40,47.653959295091404,77.78124926937879,True,False,False,False,False
07,073,07066,642.63822274,43.1314803,9.30674264,18.04368471,28.94736842,193.87755102,51.57894737,37.64705882,119.19770774,43.75,133.33333333,19.1369606,30.76923077,6.94183865,1,1.6587871095803537,0.6028501151380323,18.04368471,Trafalgar,Chamberí,,,,26,,,False,False,False,False,False
07,073,07062,617.25223098,43.47121863,10.17786561,19.96047431,23.76237624,196.11650485,50.99009901,43.14002829,120.24922118,44.06779661,88.88888889,15.88235294,26.96078431,4.60784314,8,1.6524849142908602,4.841193968438183,19.96047431,Trafalgar,Chamberí,,,,26,,,False,False,False,False,False
07,074,07093,149.56036429,44.58709798,12.24489796,23.20483749,31.59609121,189.50617284,52.76872964,54.91803279,99.53271028,57.44680851,127.5,18.77337322,28.49663426,6.58189978,40,8.939534256313927,4.474506037241067,23.20483749,Almagro,Chamberí,92.36111111111111,100.0,100.0,144,31.837979314903016,89.80580616647109,True,False,False,False,False
07,074,07092,255.8008138,45.87578914,10.28708134,25.99681021,33.12883436,252.71317829,39.57055215,56.94618273,106.99481865,50.57471264,104.76190476,16.99449253,26.59323367,6.3729347,12,4.968709759523069,2.415113898935373,25.99681021,Almagro,Chamberí,93.67088607594937,100.0,100.0,79,45.808454252257846,87.32669213526019,True,False,False,False,False
07,074,07091,262.83854938,49.41101374,7.69230769,30.66239316,53.31010453,398.61111111,25.08710801,62.21837088,129.88047809,37.5,112.5,19.55602537,32.02959831,8.56236786,5,3.599167634445142,1.3892100918413637,30.66239316,Almagro,Chamberí,100.0,100.0,100.0,62,33.20386522299379,60.53847995444506,True,False,False,False,False
07,074,07090,489.73086007,41.77181218,11.42263759,17.65316719,30.0,154.54545455,64.70588235,40.99560761,126.1589404,62.06896552,81.57894737,28.68937049,45.09803922,14.86068111,8,1.9786378172392114,4.043185635237873,17.65316719,Almagro,Chamberí,,,,29,,,False,False,False,False,False
07,073,07064,426.78765453,45.0975592,11.64069661,24.10632447,33.07984791,207.08661417,48.28897338,55.63480742,109.25373134,51.80722892,97.36842105,13.02367942,19.48998179,5.37340619,10,2.572707969282042,3.8869549592877695,24.10632447,Trafalgar,Chamberí,95.45454545454545,100.0,100.0,44,31.158607878963046,85.58186999413022,True,False,False,False,False
07,073,07063,262.21227819,46.12714636,9.45723684,24.83552632,30.46357616,262.60869565,38.0794702,52.1902378,112.5,52.11267606,109.375,13.98201145,24.85690924,4.00654129,13,4.664159925779947,2.7872114607704246,24.83552632,Trafalgar,Chamberí,94.44444444444444,100.0,100.0,72,31.939173049942653,78.51434649816598,True,False,False,False,False
07,075,07094,279.9038007,44.28160398,14.05109489,23.47931873,28.23834197,167.0995671,59.84455959,60.07789679,90.89219331,50.44247788,109.23076923,13.38155515,23.0861965,4.88245931,50,5.927036345560795,8.435919249499587,23.47931873,Ríos Rosas,Chamberí,100.0,100.0,100.0,98,32.68545816192429,56.47764460836335,True,False,False,False,False
07,075,07101,717.43675027,45.25751508,6.47540984,21.31147541,38.46153846,329.11392405,30.38461538,38.47900114,121.35678392,47.69230769,82.14285714,21.35289324,33.25183374,9.69845151,4,1.710255293626671,2.3388321117356843,21.31147541,Ríos Rosas,Chamberí,,,,25,,,False,False,False,False,False
07,076,07122,560.35268352,44.24001895,9.16230366,22.86212914,31.29770992,249.52380952,40.07633588,47.11168164,122.57142857,65.57377049,97.05882353,15.50387597,22.65288544,7.66580534,18,2.071909413734429,8.687638504212705,22.86212914,Vallehermoso,Chamberí,100.0,100.0,100.0,32,18.099852238555393,36.889693716058844,True,False,False,False,False
07,076,07124,403.6173016,43.59194681,13.82550336,23.48993289,30.85714286,169.90291262,58.85714286,59.52890792,115.20737327,92.68292683,84.84848485,11.56914894,18.08510638,3.72340426,9,1.8631510517951153,4.8305262159655005,23.48993289,Vallehermoso,Chamberí,100.0,100.0,100.0,32,20.799566207362474,51.90996108473021,True,False,False,False,False
07,075,07097,281.6462121,40.42958178,12.20865705,14.53940067,28.24427481,119.09090909,83.96946565,36.51515152,118.54304636,72.22222222,102.85714286,22.61251372,32.16245884,8.67178924,13,3.234554419176039,4.019100721549023,14.53940067,Ríos Rosas,Chamberí,100.0,100.0,100.0,51,35.55976737816657,58.190459536260356,True,False,False,False,False
07,076,07128,432.07830483,48.0262218,10.60606061,29.7979798,31.77966102,280.95238095,35.59322034,67.79661017,98.31932773,36.92307692,116.66666667,10.90225564,16.29072682,5.13784461,9,1.8468874532483721,4.873063588238946,29.7979798,Vallehermoso,Chamberí,100.0,100.0,100.0,31,24.311643301771866,47.918063399808254,True,False,False,False,False
07,075,07100,527.19110529,43.81298002,7.81990521,20.26066351,30.40935673,259.09090909,38.59649123,39.04448105,130.79847909,69.44444444,46.15384615,20.79905993,32.78495887,9.04817861,2,1.6142153982956502,1.238992021827865,20.26066351,Ríos Rosas,Chamberí,,,,25,,,False,False,False,False,False
07,076,07123,425.45659974,46.3099608,10.56014692,25.61983471,26.52329749,242.60869565,41.21863799,56.69064748,94.67787115,49.27536232,60.0,9.93618961,17.77575205,3.372835,11,2.5784063536845006,4.2662010913373605,25.61983471,Vallehermoso,Chamberí,100.0,100.0,100.0,40,27.32931221755831,64.13110806925384,True,False,False,False,False
07,076,07126,687.81145279,45.56906256,13.71371371,24.72472472,42.10526316,180.2919708,55.46558704,62.43902439,80.35190616,75.0,100.0,5.85898709,10.82423039,1.78748759,9,1.4640640191728684,6.147272169890906,24.72472472,Vallehermoso,Chamberí,,,,19,,,False,False,False,False,False
07,076,07129,357.03408469,48.55749451,8.75831486,32.15077605,38.27586207,367.08860759,27.24137931,69.23076923,122.08333333,72.91666667,60.0,10.0,16.92307692,4.72527473,9,2.548776262584597,3.5311063321319205,32.15077605,Vallehermoso,Chamberí,100.0,100.0,100.0,40,33.24433994718103,71.05918703373509,True,False,False,False,False
07,076,07127,409.74054767,45.36728842,12.70604396,25.41208791,36.75675676,200.0,50.0,61.5982242,97.15536105,49.38271605,101.53846154,9.81719702,15.16587678,4.33310765,9,3.6047201293639017,2.496726424524992,25.41208791,Vallehermoso,Chamberí,100.0,100.0,100.0,60,28.77895276720534,53.08627283264698,True,False,False,False,False
07,075,07096,342.06006217,44.35054943,10.30253475,20.68683565,32.80632411,200.79365079,49.80237154,44.90521327,109.95024876,57.60869565,185.71428571,12.31766613,19.93517018,4.45705024,11,3.6075535746169103,3.0491577664700658,20.68683565,Ríos Rosas,Chamberí,100.0,100.0,100.0,58,30.34622969178848,54.368760129576756,True,False,False,False,False
07,075,07098,576.85540981,47.79007652,10.50955414,27.49469214,40.15444015,261.61616162,38.22393822,61.30136986,80.24691358,40.84507042,62.85714286,9.22431866,15.30398323,2.62054507,6,1.6537939729334994,3.6280214453540434,27.49469214,Ríos Rosas,Chamberí,,,,25,,,False,False,False,False,False
07,075,07099,555.55238904,44.40079219,7.99573561,20.14925373,31.21693122,252.0,39.68253968,39.16913947,123.92026578,40.29850746,95.45454545,16.56118143,26.89873418,7.91139241,4,1.7064097260899946,2.3441029073160844,20.14925373,Ríos Rosas,Chamberí,,,,29,,,False,False,False,False,False
07,075,07103,327.39649823,43.62073184,7.05256154,20.35928144,31.37254902,288.67924528,34.64052288,37.79816514,157.0754717,52.11267606,132.14285714,22.11221122,34.25742574,9.04290429,17,4.6274166283822025,3.6737560857889284,20.35928144,Ríos Rosas,Chamberí,100.0,100.0,100.0,73,34.73193782408848,64.62104945252693,True,False,False,False,False
07,076,07121,212.7328163,46.09069503,10.85618355,24.73419138,40.7239819,227.83505155,43.89140271,55.25629887,89.9339934,55.03875969,115.78947368,10.44198895,16.13259669,3.86740331,88,8.50832528557002,10.342810958255974,24.73419138,Vallehermoso,Chamberí,100.0,100.0,100.0,133,24.837956839722057,63.20035331690283,True,False,False,False,False
07,075,07102,124.11329921,43.70638015,9.01408451,21.05633803,25.75250836,233.59375,42.80936455,43.00100705,137.55980861,37.80487805,114.70588235,22.08245982,32.0754717,10.20265549,25,11.529787775415445,2.168296631903894,21.05633803,Ríos Rosas,Chamberí,94.24083769633508,100.0,100.0,191,41.693683933556386,93.20094858901817,True,False,False,False,False
07,076,07131,441.92226773,48.10521694,11.91421763,30.10325655,31.39841689,252.66666667,39.57783641,72.46575342,81.14143921,70.32967033,127.5,7.83847981,12.43072051,2.77117973,34,2.8579686795874064,11.89656144339148,30.10325655,Vallehermoso,Chamberí,100.0,100.0,100.0,48,18.87956462435821,34.60797763228827,True,False,False,False,False
07,075,07110,363.47491914,45.37496884,4.64426877,22.03557312,42.15246637,474.46808511,21.07623318,36.38814016,158.53658537,28.78787879,127.27272727,20.64264849,32.03505355,9.63972736,5,2.82550444583596,1.7695955167823807,22.03557312,Ríos Rosas,Chamberí,100.0,100.0,100.0,45,40.843949980909535,75.45274736592074,True,False,False,False,False
07,076,07130,195.87427589,45.37971772,13.73182553,26.0904685,31.88854489,190.0,52.63157895,66.17449664,93.00518135,78.78787879,130.23255814,10.82598236,15.797915,3.12750601,43,6.366328576640165,6.754285375369878,26.0904685,Vallehermoso,Chamberí,100.0,100.0,100.0,100,26.402544697738918,57.79989226575301,True,False,False,False,False
07,075,07105,525.46252061,45.34224138,12.10801394,23.86759582,33.21167883,197.12230216,50.72992701,56.19047619,97.58064516,44.44444444,83.33333333,12.67241379,20.25862069,4.48275862,8,2.2075789509244794,3.623879452487893,23.86759582,Ríos Rosas,Chamberí,100.0,100.0,100.0,35,37.31547288907238,65.11097994954363,True,False,False,False,False
07,076,07125,78.20493559,45.66586314,13.6,24.4,39.75409836,179.41176471,55.73770492,61.29032258,90.18404908,67.12328767,95.23809524,9.69030969,14.78521479,3.4965035,32,12.79970365561332,2.5000578811030816,24.4,Vallehermoso,Chamberí,99.51219512195122,100.0,100.0,205,32.04782831942967,65.95569933346304,False,False,False,False,False
07,075,07111,497.81361911,47.87184029,8.33333333,26.15511551,41.95583596,313.86138614,31.86119874,52.64483627,96.04938272,31.16883117,100.0,15.56101556,23.58722359,5.32350532,7,2.4527251829557035,2.853968332303954,26.15511551,Ríos Rosas,Chamberí,82.92682926829268,100.0,100.0,41,61.11136824640693,104.40458996169909,True,False,False,False,False
07,075,07109,402.73060325,46.48131255,9.77501939,25.21334368,44.30769231,257.93650794,38.76923077,53.81861575,102.41545894,56.75675676,78.0,14.70361817,20.32332564,7.54426482,7,3.2254812261558463,2.170218801224478,25.21334368,Ríos Rosas,Chamberí,98.0,100.0,100.0,50,53.4348485962899,85.44383283622987,True,False,False,False,False
07,075,07108,291.86943949,44.31165039,9.58498024,19.76284585,38.0,206.18556701,48.5,41.53846154,109.06432749,39.50617284,113.79310345,14.84375,25.87890625,9.08203125,1,3.508418016617588,0.28502874950006235,19.76284585,Ríos Rosas,Chamberí,92.98245614035088,100.0,100.0,57,61.82730129218509,97.29344945326706,True,False,False,False,False
07,075,07107,289.09431959,47.48461446,10.0,28.08080808,35.25179856,280.80808081,35.61151079,61.50081566,102.98013245,41.37931034,106.25,11.74698795,21.08433735,4.7188755,5,3.4452423741827776,1.4512767047880095,28.08080808,Ríos Rosas,Chamberí,79.62962962962963,100.0,100.0,54,56.26732978437311,120.75167593336052,True,False,True,False,False
07,076,07133,330.0543673,48.28528763,12.79279279,30.72072072,40.76246334,240.14084507,41.64222874,77.03349282,82.26744186,47.76119403,100.0,5.10752688,9.94623656,2.24014337,8,3.381261121122327,2.365981127581355,30.72072072,Vallehermoso,Chamberí,98.18181818181819,100.0,100.0,55,50.03931344465078,87.83400161846183,True,False,False,False,False
07,075,07116,488.05374166,41.83477161,15.45816733,17.84860558,36.60714286,115.46391753,86.60714286,49.94026284,96.94117647,75.0,90.38461538,13.00555115,20.53925456,4.52022205,6,2.583731856493744,2.3222224028085896,17.84860558,Ríos Rosas,Chamberí,90.69767441860465,100.0,100.0,43,59.99722281902283,99.45045092536151,True,False,False,False,False
07,075,07106,500.63911476,46.90410307,9.73871734,27.79097387,29.91452991,285.36585366,35.04273504,60.07604563,110.4,41.97530864,75.55555556,16.99449253,25.25570417,7.55310779,10,2.5387548885417752,3.9389387471524904,27.79097387,Ríos Rosas,Chamberí,100.0,100.0,100.0,37,24.846813397407857,41.31600074288465,True,False,False,False,False
07,076,07132,113.33453115,51.17593196,8.28082808,34.65346535,53.50649351,418.47826087,23.8961039,75.23659306,103.20512821,83.33333333,88.88888889,15.57743957,21.66517457,7.43061773,11,9.855778187186385,1.1160965467243604,34.65346535,Vallehermoso,Chamberí,55.12820512820513,76.92307692307693,93.58974358974359,156,85.86375719079412,185.3578134208645,True,True,True,False,False
07,075,07095,64.76286091,43.48331206,14.26543648,22.35628105,32.06349206,156.71641791,63.80952381,57.78275476,109.13348946,51.04166667,90.625,12.34221599,19.28471248,4.83870968,48,22.018792560287327,2.179956047479728,22.35628105,Ríos Rosas,Chamberí,85.47008547008546,100.0,100.0,351,49.07758755334299,110.71798860163577,False,False,False,False,False
07,075,07113,441.14434026,39.92613436,17.45283019,16.13207547,29.8245614,92.43243243,108.1871345,50.56818182,100.28449502,76.63551402,111.20689655,17.10832171,23.94235239,4.88145049,18,4.875955109754051,3.6915844372709863,16.13207547,Ríos Rosas,Chamberí,80.51948051948052,97.40259740259741,100.0,77,49.90428287243225,124.95418998930054,True,False,False,False,False
07,075,07114,482.18340652,47.91009705,11.56976744,29.8255814,32.16374269,257.78894472,38.791423,70.70506455,93.28214971,28.68217054,94.02985075,11.20092379,19.45727483,3.17551963,28,3.5919942009524797,7.7951128074135845,29.8255814,Ríos Rosas,Chamberí,82.75862068965517,100.0,100.0,58,55.67650843083216,112.17879054063586,True,False,False,False,False
07,075,07115,366.54331241,46.10273222,9.61130742,25.93639576,30.79019074,269.85294118,37.05722071,55.21405049,108.94495413,55.95238095,128.94736842,13.65853659,22.16027875,5.71428571,27,3.9149534349985267,6.896633752684765,25.93639576,Ríos Rosas,Chamberí,100.0,100.0,100.0,64,39.07979289100507,70.48170724306279,True,False,False,False,False
07,075,07117,280.90598393,43.7895488,9.01515152,19.6969697,35.76923077,218.48739496,45.76923077,40.27630181,121.41176471,56.14035088,106.4516129,21.17117117,35.73573574,13.51351351,14,4.741800019176489,2.9524652965924503,19.6969697,Ríos Rosas,Chamberí,98.68421052631578,100.0,100.0,76,33.52920618902246,75.66678831386369,True,False,False,False,False
07,076,07135,100.76805821,46.04835654,9.9827883,28.31325301,30.09118541,283.62068966,35.25835866,62.06415621,109.64912281,105.33333333,170.37037037,14.94057725,19.60950764,7.97962649,33,11.690212363820953,2.822874296289852,28.31325301,Vallehermoso,Chamberí,63.68421052631579,73.15789473684211,84.73684210526315,190,65.35602192324122,222.02349530942547,True,True,True,False,False
07,076,07118,165.19135634,44.63803529,8.04289544,21.98391421,30.48780488,273.33333333,36.58536585,42.91187739,126.95652174,50.61728395,153.125,19.0412783,28.76165113,10.78561917,28,9.092485425971502,3.0794660302695283,21.98391421,Vallehermoso,Chamberí,100.0,100.0,100.0,144,42.20033546930725,74.02510345763793,True,False,False,False,False
07,076,07119,570.7219135,45.52739591,10.0456621,23.74429224,38.14102564,236.36363636,42.30769231,51.03448276,108.63309353,57.57575758,97.36842105,14.30734292,21.34746404,5.82891749,7,2.3146123685621434,3.024264492437867,23.74429224,Vallehermoso,Chamberí,100.0,100.0,100.0,39,21.398918197360466,38.705929106233306,True,False,False,False,False
07,076,07120,67.6516261,46.19028177,12.40740741,25.12345679,43.48894349,202.48756219,49.38574939,60.07905138,86.02941176,60.21505376,89.39393939,7.67341928,11.78637201,4.05156538,64,24.079243826120713,2.657890773570472,25.12345679,Vallehermoso,Chamberí,89.40568475452196,100.0,100.0,387,47.46292131727695,100.28782749613816,False,False,False,False,False
08,083,08009,103.82486854,46.52143736,10.84686775,24.88399072,34.26573427,229.41176471,43.58974359,55.59566787,79.87012987,62.09677419,88.33333333,11.26436782,20.57471264,7.18390805,34,16.758990639296684,2.0287617990713827,24.88399072,Peñagrande,Fuencarral - El Pardo,64.59854014598541,83.94160583941606,99.27007299270073,274,75.47518565512536,166.36324701685373,True,False,False,False,False
08,082,08007,103.34786199,45.59018153,16.08,27.28,30.20527859,169.65174129,58.94428152,76.55367232,75.68238213,55.55555556,121.15384615,6.31412786,13.97000789,3.39384373,6,12.259566628717854,0.4894137110805441,27.28,Fuentelarreina,Fuencarral - El Pardo,15.151515151515152,26.767676767676768,41.91919191919192,198,217.1869229990209,278.1223605026569,True,True,True,True,True
08,083,08008,57.75241749,41.43680864,16.64058425,19.24882629,25.20325203,115.67398119,86.4498645,56.02605863,86.91019787,93.2038835,134.17721519,13.72750643,20.46272494,7.14652956,20,33.67824386610114,0.5938551926732443,19.24882629,Peñagrande,Fuencarral - El Pardo,30.91247672253259,51.76908752327747,71.13594040968343,537,146.69798706840834,273.61645840498136,False,False,False,False,False
08,083,08010,67.09187918,49.2172,12.18097448,30.97447796,39.3258427,254.28571429,39.3258427,75.91836735,60.6557377,67.85714286,96.0,10.52023121,16.64739884,6.24277457,17,12.892767508204164,1.3185687238354562,30.97447796,Peñagrande,Fuencarral - El Pardo,18.446601941747574,28.155339805825243,48.05825242718447,206,209.4691419224188,267.6432827225676,False,False,False,False,False
08,082,08006,134.47147941,42.76887659,22.10045662,23.28767123,39.60784314,105.37190083,94.90196078,83.11036789,68.45070423,69.8630137,88.15789474,4.99092559,9.89110708,2.99455535,0,8.195046301662291,0.0,23.28767123,Fuentelarreina,Fuencarral - El Pardo,24.8062015503876,44.96124031007752,68.9922480620155,129,162.01985835009327,249.16854548901895,True,False,False,False,False
08,083,08011,149.33837135,44.76072405,14.53104359,24.04227213,38.46153846,165.45454545,60.43956044,62.79569892,90.57377049,68.29268293,76.92307692,19.18528252,28.25229961,14.06044678,9,5.095810227122732,1.7661568227358628,24.04227213,Peñagrande,Fuencarral - El Pardo,75.32467532467533,98.7012987012987,100.0,77,71.30496897142196,118.61718067555682,True,False,False,False,False
08,083,08012,96.09938345,45.55228144,13.54309166,25.92339261,17.41424802,191.41414141,52.24274406,65.19774011,72.51461988,68.22429907,103.7037037,10.06118287,15.90754589,5.23453433,7,15.307070110637197,0.45730501979837124,25.92339261,Peñagrande,Fuencarral - El Pardo,44.08163265306123,82.0408163265306,96.3265306122449,245,109.76849183631097,168.2556534589334,False,False,False,False,False
08,083,08013,64.40181938,44.46076318,15.54357592,25.51662174,23.5915493,164.16184971,60.91549296,69.77099237,77.50677507,90.0,59.25925926,10.26785714,16.78571429,5.26785714,18,17.39081303504552,1.0350292400778998,25.51662174,Peñagrande,Fuencarral - El Pardo,36.594202898550726,56.52173913043478,83.33333333333334,276,132.87908244294545,218.70162571451823,False,False,False,False,False
08,082,08005,10.1689369,43.08520367,18.67115223,22.37174096,36.09022556,119.81981982,83.45864662,69.61483595,73.51485149,80.55555556,84.28571429,10.93489149,18.11352254,4.50751252,107,117.80975843692711,0.9082439470180695,22.37174096,Fuentelarreina,Fuencarral - El Pardo,26.326963906581742,36.252653927813164,46.231422505307854,1884,218.10994015300776,541.7484010064724,False,False,False,False,False
08,081,08003,102.7838205,48.91424053,11.73333333,29.42222222,39.57703927,250.75757576,39.87915408,69.93957704,61.85819071,40.54054054,92.68292683,6.69603524,9.86784141,3.6123348,112,11.042594004400941,10.142544401737785,29.42222222,El Pardo,Fuencarral - El Pardo,100.0,100.0,100.0,178,26.024952581688815,51.20879444331156,True,False,False,False,False
08,081,08001,48.69785037,45.74934389,16.7032967,23.2967033,40.09433962,139.47368421,71.69811321,66.66666667,50.41322314,41.79104478,93.33333333,4.47598253,10.69868996,1.74672489,31,18.809865179516006,1.6480713553310888,23.2967033,El Pardo,Fuencarral - El Pardo,71.8543046357616,84.76821192052981,92.3841059602649,302,63.452036272019484,180.29606183896257,False,False,False,False,False
08,081,08002,0.08167009,42.55273997,10.23316062,17.35751295,43.28358209,169.62025316,58.95522388,38.10375671,138.88888889,81.57894737,54.16666667,7.76196636,13.19534282,4.52781371,66,9464.902790742522,0.006973130253863103,17.35751295,El Pardo,Fuencarral - El Pardo,0.4060880187526825,0.6259698240285252,0.8504737693552115,151445,3792.9468284125746,7676.010316935468,False,False,False,False,False
08,081,08004,0.06995139,46.95581173,10.3875969,22.94573643,34.45945946,220.89552239,45.27027027,50.0,70.63492063,29.41176471,76.92307692,3.54938272,7.40740741,2.77777778,104,9263.569558596284,0.011226773798388706,22.94573643,El Pardo,Fuencarral - El Pardo,0.18891220305363082,0.30630764352267287,0.44191961785760064,148217,3646.879587748352,7319.562848612934,False,False,False,False,False
08,084,08054,330.01980012,52.10427625,11.01614435,36.94207028,39.84575835,335.34482759,29.82005141,92.15328467,66.56534954,41.42857143,81.25,5.86565752,10.69063387,3.40586566,9,3.202838131540953,2.8100077588591432,36.94207028,Pilar,Fuencarral - El Pardo,100.0,100.0,100.0,49,26.312675652831818,43.311110856906446,True,False,False,False,False
08,084,08053,164.2144755,43.7238186,10.73667712,18.80877743,35.83333333,175.18248175,57.08333333,41.93548387,103.39366516,46.98795181,132.5,23.64341085,36.74418605,15.50387597,38,7.8555803078063455,4.8373256349041664,18.80877743,Pilar,Fuencarral - El Pardo,85.71428571428571,100.0,100.0,126,56.25725051381417,111.16879684628023,True,False,False,False,False
08,084,08055,314.24782301,52.60417568,8.71428571,37.78571429,29.67863894,433.60655738,23.06238185,86.91588785,65.34216336,45.0,55.81395349,6.47226174,13.01564723,3.41394026,11,4.474175784342353,2.458553380601442,37.78571429,Pilar,Fuencarral - El Pardo,100.0,100.0,100.0,73,32.46725915428119,64.38142347077395,True,False,False,False,False
08,084,08062,569.0274114,46.40956232,7.27532097,21.54065621,44.37086093,296.07843137,33.77483444,40.48096192,84.13284133,75.6097561,63.15789474,20.25495751,32.71954674,13.88101983,20,1.240713515487981,16.119756696721293,21.54065621,Pilar,Fuencarral - El Pardo,,,,20,,,False,False,False,False,False
08,084,08064,693.40474218,45.39918725,11.46245059,20.55335968,40.76923077,179.31034483,55.76923077,47.09302326,81.05263158,55.68181818,78.18181818,18.41070024,34.22501967,13.29661684,5,1.8329842914175567,2.7277920620548253,20.55335968,Pilar,Fuencarral - El Pardo,,,,27,,,False,False,False,False,False
08,084,08060,263.18066391,51.86082659,10.21594684,39.28571429,31.50105708,384.55284553,26.00422833,98.02631579,78.82352941,58.33333333,107.31707317,7.3492981,12.13872832,3.88109001,23,4.601401873608138,4.998476688575955,39.28571429,Pilar,Fuencarral - El Pardo,100.0,100.0,100.0,73,23.307443017216023,40.91762470967423,True,False,False,False,False
08,084,08061,247.09363932,45.37221825,12.22664016,19.98011928,50.24875622,163.41463415,61.19402985,47.57709251,84.55284553,29.41176471,79.54545455,18.33498513,28.44400396,12.38850347,8,4.083472171774151,1.9591170610388244,19.98011928,Pilar,Fuencarral - El Pardo,100.0,100.0,100.0,64,41.39521112614855,62.34083543694,True,False,False,False,False
08,084,08063,776.33808262,44.54561029,10.18518519,20.13888889,41.37931034,197.72727273,50.57471264,43.52159468,104.06779661,40.0,100.0,18.74285714,33.94285714,14.85714286,0,1.1270862779842397,0.0,20.13888889,Pilar,Fuencarral - El Pardo,,,,18,,,False,False,False,False,False
08,084,08065,745.97339472,43.81468195,13.55769231,18.36538462,46.07329843,135.46099291,73.82198953,46.89265537,90.32258065,44.44444444,85.71428571,22.3495702,38.10888252,12.98949379,12,1.4035353102495258,8.549838334930522,18.36538462,Pilar,Fuencarral - El Pardo,,,,24,,,False,False,False,False,False
08,084,08056,311.35328486,52.93159079,11.01622545,39.1118702,37.33624454,355.03875969,28.16593886,100.51369863,59.1280654,34.92063492,93.18181818,5.88235294,10.82693947,3.41005968,26,3.7674245207691426,6.901266331061609,39.1118702,Pilar,Fuencarral - El Pardo,100.0,100.0,100.0,60,24.282361777498835,44.080711490392815,True,False,False,False,False
08,083,08052,223.53623534,43.74610072,14.6493756,20.41306436,29.88235294,139.3442623,71.76470588,53.99408284,78.5997358,82.75862069,69.3877551,10.59665871,18.5202864,6.58711217,37,9.372082323822834,3.9478953258818423,20.41306436,Peñagrande,Fuencarral - El Pardo,94.63087248322147,100.0,100.0,149,46.42977062198558,89.56519712408489,True,False,False,False,False
08,083,08051,326.33357057,51.09982272,10.2917342,36.06158833,27.86516854,350.39370079,28.53932584,86.40483384,68.02030457,33.01886792,73.80952381,4.67365028,9.66962127,2.17566479,37,3.802857296718752,9.729526278023892,36.06158833,Peñagrande,Fuencarral - El Pardo,100.0,100.0,100.0,63,28.76417911273144,61.10456985300013,True,False,False,False,False
08,084,08058,486.09045784,52.51486506,9.09090909,39.75757576,28.96341463,437.33333333,22.86585366,95.49763033,73.66255144,53.65853659,55.0,7.46987952,13.01204819,3.73493976,20,1.7075011175590007,11.713023080530384,39.75757576,Pilar,Fuencarral - El Pardo,,,,26,,,False,False,False,False,False
08,084,08068,291.13600455,45.77520954,10.76487252,20.8687441,51.58371041,193.85964912,51.58371041,46.27071823,88.54166667,32.85714286,75.6097561,20.76707203,33.67633302,15.3414406,33,3.671823420304919,8.987360290125167,20.8687441,Pilar,Fuencarral - El Pardo,100.0,100.0,100.0,62,21.230053779048088,51.60978625014732,True,False,False,False,False
08,084,08066,954.3672192,44.87800233,10.91549296,21.59624413,45.65217391,197.84946237,50.54347826,48.17391304,103.18021201,67.44186047,103.7037037,24.73745624,40.02333722,20.42007001,8,0.8979771965821892,8.908912197825263,21.59624413,Pilar,Fuencarral - El Pardo,,,,13,,,False,False,False,False,False
08,083,08050,403.90375316,48.8213013,12.44047619,31.66666667,21.61654135,254.54545455,39.28571429,78.91373802,70.41742287,36.43410853,68.91891892,7.82918149,16.01423488,5.04151839,24,4.174261781001294,5.749519617871939,31.66666667,Peñagrande,Fuencarral - El Pardo,100.0,100.0,100.0,67,32.24090879669071,53.61803793774595,True,False,False,False,False
08,085,08097,372.85547281,51.28699256,11.83063512,42.21668742,18.87905605,356.84210526,28.02359882,117.61517615,82.67326733,51.42857143,90.32258065,4.7146402,8.06451613,2.48138958,0,2.16169550607175,0.0,42.21668742,La Paz,Fuencarral - El Pardo,70.27027027027027,100.0,100.0,37,66.52848487723337,140.77690419363904,True,False,True,False,False
08,084,08071,391.72551896,47.8835129,8.57763301,24.32138979,48.21428571,283.5443038,35.26785714,49.02912621,83.38278932,48.52941176,104.76190476,18.38709677,30.64516129,11.39784946,41,2.374111348316204,17.26961965329828,24.32138979,Pilar,Fuencarral - El Pardo,100.0,100.0,100.0,39,18.437879488025672,41.02053590915629,True,False,False,False,False
08,084,08067,1198.74832829,43.39290667,10.77283372,20.96018735,31.56424581,194.56521739,51.39664804,46.48370497,121.25237192,94.59459459,96.0,26.37681159,41.73913043,17.73913043,7,1.4390009639856036,4.86448596991352,20.96018735,Pilar,Fuencarral - El Pardo,,,,23,,,False,False,False,False,False
08,084,08069,745.5077605,45.27255227,11.51653364,20.06841505,51.70454545,174.25742574,57.38636364,46.16666667,101.34228188,39.28571429,72.72727273,18.97727273,35.11363636,14.31818182,9,1.1804035405496012,7.624511186919652,20.06841505,Pilar,Fuencarral - El Pardo,,,,19,,,False,False,False,False,False
08,084,08059,68.65970164,55.29542494,8.45070423,46.35083227,26.79558011,548.48484848,18.2320442,121.24645892,64.95327103,39.02439024,118.18181818,3.68956743,10.6870229,1.65394402,63,11.44776311582525,5.503258528551273,46.35083227,Pilar,Fuencarral - El Pardo,100.0,100.0,100.0,186,26.96513934806353,57.00347878600529,False,False,False,False,False
08,084,08084,665.62227943,44.07210933,11.20080727,19.17255298,41.57894737,171.17117117,58.42105263,43.62318841,105.35714286,32.25806452,105.71428571,24.17251755,41.42427282,16.44934804,12,1.4978464976394155,8.011501858776468,19.17255298,Pilar,Fuencarral - El Pardo,,,,24,,,False,False,False,False,False
08,084,08057,429.81918304,52.70605801,10.29684601,40.16697588,39.26096998,390.09009009,25.63510393,101.87265918,78.0,56.81818182,106.06060606,6.72191529,13.35174954,3.95948435,17,2.5266438605731865,6.728292920611072,40.16697588,Pilar,Fuencarral - El Pardo,100.0,100.0,100.0,41,23.249120413623295,40.9465993709914,True,False,False,False,False
08,084,08085,555.74630379,45.88556073,9.8173516,22.03196347,41.96891192,224.41860465,44.55958549,46.73366834,93.83116883,55.31914894,79.31034483,21.67990919,35.30079455,14.52894438,14,1.585255707496649,8.831382807072842,22.03196347,Pilar,Fuencarral - El Pardo,,,,25,,,False,False,False,False,False
08,084,08072,773.18420627,49.22101616,7.80911063,28.52494577,43.3460076,365.27777778,27.37642586,57.06984668,82.86604361,44.44444444,73.07692308,12.60775862,26.07758621,8.08189655,4,1.2002314486914405,3.332690544278792,28.52494577,Pilar,Fuencarral - El Pardo,,,,19,,,False,False,False,False,False
08,084,08086,540.81332692,46.42776674,11.04651163,23.72093023,42.15686275,214.73684211,46.56862745,53.29768271,88.88888889,42.0,106.89655172,20.32332564,31.87066975,14.66512702,14,1.6012919003460366,8.742940619992284,23.72093023,Pilar,Fuencarral - El Pardo,,,,26,,,False,False,False,False,False
08,085,08090,194.65755588,53.14641895,11.5658363,42.08185053,29.59830867,363.84615385,27.48414376,115.73896353,56.45645646,28.07017544,94.73684211,6.11160319,12.04605846,3.18866253,38,5.799928982586019,6.551804360724588,42.08185053,La Paz,Fuencarral - El Pardo,100.0,100.0,100.0,95,25.819372571642685,53.43983603148022,True,False,False,False,False
08,084,08073,814.19862498,47.28668131,7.92751982,24.34881087,42.79069767,307.14285714,32.55813953,47.65886288,94.78827362,42.30769231,144.44444444,17.68018018,29.16666667,13.28828829,10,1.0906429619874873,9.16890343451804,24.34881087,Pilar,Fuencarral - El Pardo,,,,18,,,False,False,False,False,False
08,084,08083,1033.68928363,46.65935785,9.84924623,24.8241206,40.08097166,252.04081633,39.67611336,53.07692308,89.50437318,50.81967213,106.4516129,20.27833002,33.69781312,15.70576541,6,0.9732131462809095,6.165144832793033,24.8241206,Pilar,Fuencarral - El Pardo,,,,16,,,False,False,False,False,False
08,084,08074,899.2911297,46.44776561,10.5046344,23.48094748,42.54385965,223.52941176,44.73684211,51.48205928,97.83950617,32.35294118,93.75,19.34493347,33.46980553,13.20368475,11,1.0864112496198295,10.125079249546852,23.48094748,Pilar,Fuencarral - El Pardo,,,,16,,,False,False,False,False,False
08,085,08096,375.50213637,54.27506672,8.32724617,45.14243974,22.65372168,542.10526316,18.44660194,114.91365777,67.19160105,33.78378378,79.48717949,4.64104423,9.28208847,2.46555475,4,3.6724158571767496,1.0892012657507388,45.14243974,La Paz,Fuencarral - El Pardo,100.0,100.0,100.0,57,42.50400922257058,67.11068345011188,True,False,False,False,False
08,084,08075,880.69250532,45.41802355,10.36717063,22.67818575,41.9047619,218.75,45.71428571,49.35483871,102.61437908,71.42857143,66.66666667,22.1627409,31.37044968,15.31049251,0,1.060529065883357,0.0,22.67818575,Pilar,Fuencarral - El Pardo,,,,17,,,False,False,False,False,False
08,084,08088,642.6326633,45.00397122,9.87951807,21.80722892,40.05524862,220.73170732,45.3038674,46.38447972,109.61182994,57.60869565,106.12244898,24.34052758,38.18944844,16.84652278,24,2.5955730158762433,9.246513141106071,21.80722892,Pilar,Fuencarral - El Pardo,100.0,100.0,100.0,41,23.047709212984177,39.582635611476405,True,False,False,False,False
08,084,08082,1164.32239096,46.19817313,9.09090909,23.87612388,35.56485356,262.63736264,38.07531381,49.18032787,99.70238095,41.81818182,120.0,20.69651741,33.53233831,12.73631841,7,0.8631629931727608,8.109708195748563,23.87612388,Pilar,Fuencarral - El Pardo,,,,15,,,False,False,False,False,False
08,084,08089,529.24002227,47.86200143,7.81476122,25.47033285,43.18181818,325.92592593,30.68181818,49.89154013,92.08333333,33.33333333,150.0,18.50789096,29.69870875,13.05595409,8,1.3169827879013558,6.074490929944647,25.47033285,Pilar,Fuencarral - El Pardo,,,,21,,,False,False,False,False,False
08,084,08081,712.55559901,47.1211558,9.89988877,25.36151279,42.10526316,256.17977528,39.03508772,54.46735395,88.34951456,43.1372549,84.375,16.13259669,25.52486188,12.0441989,20,1.2700763298459148,15.747085060963535,25.36151279,Pilar,Fuencarral - El Pardo,,,,20,,,False,False,False,False,False
08,084,08076,599.17161977,46.93152703,8.07736064,24.00455063,41.23222749,297.18309859,33.6492891,47.2361809,87.14733542,94.59459459,73.68421053,23.64864865,37.61261261,17.0045045,7,1.4820461629150303,4.7231997053531245,24.00455063,Pilar,Fuencarral - El Pardo,,,,22,,,False,False,False,False,False
08,085,08091,490.40584388,48.73232526,7.34536082,28.7371134,37.66816143,391.22807018,25.56053812,56.4516129,102.44897959,53.65853659,112.5,18.23979592,26.53061224,9.56632653,23,1.5986758921900188,14.386906134233628,28.7371134,La Paz,Fuencarral - El Pardo,,,,25,,,False,False,False,False,False
08,084,08080,862.47977788,46.75032338,7.75594623,23.47466391,32.59911894,302.66666667,33.03964758,45.41353383,91.6426513,52.08333333,65.38461538,20.80329557,33.98558187,13.38825953,20,1.125823497440316,17.76477400362686,23.47466391,Pilar,Fuencarral - El Pardo,,,,19,,,False,False,False,False,False
08,084,08079,1132.95848413,48.49662264,10.52631579,28.0,43.23308271,266.0,37.59398496,62.67123288,80.80495356,39.21568627,72.5,13.73165618,24.31865828,9.43396226,3,0.8420432110743552,3.5627625287452025,28.0,Pilar,Fuencarral - El Pardo,,,,14,,,False,False,False,False,False
08,084,08048,518.53421151,48.42633786,8.93345488,27.80309936,35.40983607,311.2244898,32.13114754,58.06916427,88.58695652,34.84848485,110.71428571,14.58333333,26.26811594,9.32971014,10,2.1290784204687907,4.696867857877284,27.80309936,Pilar,Fuencarral - El Pardo,100.0,100.0,100.0,34,22.657007661527764,36.13858269881005,True,False,False,False,False
08,084,08077,493.41394238,45.11259259,13.00191205,23.32695985,35.24590164,179.41176471,55.73770492,57.05705706,88.13559322,40.81632653,81.39534884,22.50712251,35.99240266,15.95441595,31,2.134110752790951,14.525956518169812,23.32695985,Pilar,Fuencarral - El Pardo,100.0,100.0,100.0,34,19.078244932434245,39.069636940834066,True,False,False,False,False
08,083,08049,200.58127646,42.79757269,14.78841871,16.48106904,20.27027027,111.44578313,89.72972973,45.49578743,63.80042463,72.94117647,96.7032967,5.99118943,10.57268722,2.81938326,26,11.317108157339428,2.297406690695834,16.48106904,Peñagrande,Fuencarral - El Pardo,100.0,100.0,100.0,179,31.377152515581674,64.18605038647587,True,False,False,False,False
08,084,08078,354.40695489,47.87770189,9.74683544,27.72151899,38.81278539,284.41558442,35.15981735,59.91902834,85.71428571,61.76470588,74.07407407,17.86163522,30.56603774,11.32075472,18,2.2431839698358265,8.024308412527297,27.72151899,Pilar,Fuencarral - El Pardo,100.0,100.0,100.0,35,26.281095868016457,55.76379867292697,True,False,False,False,False
08,085,08092,441.0989486,50.42370359,8.45360825,32.57731959,35.75949367,385.36585366,25.94936709,69.58041958,82.1656051,49.09090909,93.10344828,12.82051282,24.51282051,8.82051282,34,2.2103884017324553,15.381912053714869,32.57731959,La Paz,Fuencarral - El Pardo,100.0,100.0,100.0,35,20.353734301047055,44.06977898235286,True,False,False,False,False
08,084,08047,497.40872706,46.93740583,7.93423874,24.73195139,28.61271676,311.71171171,32.08092486,48.51380042,94.62809917,44.44444444,67.5,14.99644634,28.21606254,10.16346837,19,2.8286596584527666,6.716962199118966,24.73195139,Pilar,Fuencarral - El Pardo,100.0,100.0,100.0,47,22.45925199119178,43.07943262035811,True,False,False,False,False
08,085,08095,239.03712583,51.87997939,9.80519481,41.16883117,21.76656151,419.86754967,23.8170347,103.97350993,79.33491686,32.18390805,84.48275862,4.24983902,11.07533806,2.31809401,23,6.496898733137724,3.5401506079642995,41.16883117,La Paz,Fuencarral - El Pardo,99.04761904761905,100.0,100.0,105,41.310697161180684,86.04575093428181,True,False,False,False,False
08,085,08094,378.11457117,48.64811451,12.00701139,32.16476775,30.24523161,267.88321168,37.32970027,79.12087912,83.04597701,55.0,100.0,12.76223776,20.36713287,9.44055944,4,3.0255379909083495,1.3220789201853949,32.16476775,La Paz,Fuencarral - El Pardo,81.63265306122449,100.0,100.0,49,63.69629581052764,103.54490299409228,True,False,False,False,False
08,085,08093,510.10997866,49.43582347,9.05349794,30.96707819,39.53488372,342.04545455,29.2358804,66.7238422,86.85897436,62.29508197,168.42105263,13.46938776,24.59183673,8.7755102,3,1.92115434123166,1.561561159150122,30.96707819,La Paz,Fuencarral - El Pardo,90.32258064516128,100.0,100.0,31,53.80703392752694,97.12464620280629,True,False,False,False,False
08,084,08046,560.37247503,46.89956134,9.72927242,25.88832487,30.39215686,266.08695652,37.58169935,55.32194481,87.90123457,64.51612903,100.0,16.72268908,30.25210084,11.93277311,10,2.123587529777606,4.709012395192985,25.88832487,Pilar,Fuencarral - El Pardo,100.0,100.0,100.0,34,20.223401165779325,41.41931535410315,True,False,False,False,False
08,083,08024,200.31820004,46.27980929,12.55458515,25.49126638,19.9143469,203.04347826,49.25053533,61.40969163,73.28244275,27.0718232,88.31168831,6.48298217,12.04754187,3.7817396,43,9.240298683100375,4.653529228296797,25.49126638,Peñagrande,Fuencarral - El Pardo,99.31972789115646,100.0,100.0,147,36.200778997069214,74.1392498427368,True,False,False,False,False
08,085,08098,31.33334322,49.49088771,10.82688876,31.70731707,29.6435272,292.85714286,34.14634146,74.01656315,68.88111888,50.75757576,80.35714286,5.67375887,11.93853428,3.07328605,46,53.99998296300359,0.8518521206111392,31.70731707,La Paz,Fuencarral - El Pardo,42.82380396732789,68.96149358226371,91.2485414235706,857,110.7938671587704,196.5829046888402,False,False,False,False,False
08,083,08025,486.63680442,49.06073715,10.41420118,32.66272189,32.97101449,313.63636364,31.88405797,75.67567568,87.890625,51.2195122,139.13043478,12.61682243,20.09345794,6.07476636,7,1.759012043946395,3.979506578189934,32.66272189,Peñagrande,Fuencarral - El Pardo,,,,28,,,False,False,False,False,False
08,083,08023,514.47958219,48.86188285,10.28938907,31.51125402,22.78911565,306.25,32.65306122,71.82320442,79.8013245,66.10169492,48.57142857,9.58466454,19.59531416,5.85729499,20,1.8251453167588232,10.95803156951739,31.51125402,Peñagrande,Fuencarral - El Pardo,100.0,100.0,100.0,30,41.82700040044625,81.79536525823725,True,False,False,False,False
08,083,08026,541.61433559,51.0901447,8.06697108,31.73515982,33.57314149,393.39622642,25.41966427,66.11883692,66.17647059,50.0,74.19354839,11.43939394,20.83333333,8.03030303,27,2.437158533768379,11.078475046205593,31.73515982,Peñagrande,Fuencarral - El Pardo,100.0,100.0,100.0,39,16.911865656834124,34.95933166380077,True,False,False,False,False
08,083,08022,726.20101584,49.8791099,10.69868996,34.49781659,24.6835443,322.44897959,31.01265823,82.47011952,79.28571429,40.6779661,87.87878788,10.01088139,19.47769314,6.31120783,7,1.2654898298731654,5.531454962938406,34.49781659,Peñagrande,Fuencarral - El Pardo,,,,21,,,False,False,False,False,False
08,083,08027,606.22396515,49.95436306,12.2513922,33.01511535,39.27710843,269.48051948,37.10843373,82.70348837,69.45812808,34.56790123,93.75,11.60220994,19.17916338,6.86661405,14,2.0899866597575745,6.698607349782756,33.01511535,Peñagrande,Fuencarral - El Pardo,100.0,100.0,100.0,34,27.668069823835012,54.64120572332753,True,False,False,False,False
08,083,08021,435.99804119,48.34931052,10.75697211,29.6812749,38.59060403,275.92592593,36.24161074,67.89297659,90.44585987,62.96296296,118.51851852,12.1031746,24.00793651,9.12698413,34,2.3119369923147968,14.706283135319334,29.6812749,Peñagrande,Fuencarral - El Pardo,100.0,100.0,100.0,37,18.962621127125534,39.07541639032308,True,False,False,False,False
08,084,08045,43.10105955,50.62833825,9.20634921,33.01587302,40.70512821,358.62068966,27.88461538,73.07692308,80.79470199,48.4375,80.64516129,12.22339305,20.02107482,7.1654373,223,22.018020203754272,10.128067734354085,33.01587302,Pilar,Fuencarral - El Pardo,96.58119658119658,100.0,100.0,351,27.435686614900334,78.33217091308106,False,False,False,False,False
08,083,08029,300.92264508,47.37551859,15.50802139,29.14438503,39.67889908,187.93103448,53.21100917,80.6763285,62.35294118,101.63934426,50.58823529,5.04648074,8.63213811,2.92164675,61,5.004608408862035,12.188765836700176,29.14438503,Peñagrande,Fuencarral - El Pardo,100.0,100.0,100.0,80,24.68549753567021,45.67185538829199,True,False,False,False,False
08,084,08030,599.51492301,50.02855344,12.67991775,32.2823852,46.70912951,254.59459459,39.27813163,81.69364882,63.87755102,54.65116279,87.03703704,5.92239619,10.07488087,4.15248468,9,2.450314318495161,3.67299816683407,32.2823852,Pilar,Fuencarral - El Pardo,100.0,100.0,100.0,40,30.58654463440222,61.07813943595434,True,False,False,False,False
08,083,08020,469.88426793,51.02117299,10.20166074,31.79122183,48.88059701,311.62790698,32.08955224,72.39263804,77.17391304,32.14285714,112.5,13.86255924,25.0,9.95260664,33,1.7961869711557803,18.372252181946134,31.79122183,Peñagrande,Fuencarral - El Pardo,,,,29,,,False,False,False,False,False
08,083,08016,439.68767225,41.72225024,14.15929204,15.33923304,41.66666667,108.33333333,92.30769231,41.84100418,87.20626632,73.7704918,72.54901961,23.46640701,37.48782863,15.96884129,8,2.3357489072752275,3.425025684516927,15.33923304,Peñagrande,Fuencarral - El Pardo,97.2972972972973,100.0,100.0,37,38.262258166063,75.42896545421897,True,False,False,False,False
08,084,08031,304.50183467,49.57688056,14.79413817,32.86810886,50.31847134,222.16981132,45.01061571,91.06666667,56.25,76.38888889,70.76923077,5.0,9.44444444,1.94444444,44,4.729035546145519,9.304222725892377,32.86810886,Pilar,Fuencarral - El Pardo,100.0,100.0,100.0,75,25.8163998257809,77.69623679944259,True,False,False,False,False
08,083,08028,240.03380286,49.30012556,12.69126913,30.87308731,49.27113703,243.26241135,41.10787172,77.19298246,73.20441989,45.76271186,114.28571429,12.28699552,20.71748879,7.89237668,16,4.645179081982898,3.4444312517591986,30.87308731,Peñagrande,Fuencarral - El Pardo,100.0,100.0,100.0,76,35.86120020336533,63.26161722374064,True,False,False,False,False
08,083,08015,271.07247508,49.57942197,11.16856256,33.71251293,28.52760736,301.85185185,33.12883436,81.42589118,69.74522293,66.66666667,80.0,6.46817248,14.16837782,4.10677618,14,3.5931350082800027,3.8963189436908072,33.71251293,Peñagrande,Fuencarral - El Pardo,71.9298245614035,100.0,100.0,57,57.61875128842744,119.23521884044605,True,False,True,False,False
08,085,08099,41.55705509,49.93865489,12.17814892,37.29993041,13.24626866,306.28571429,32.64925373,97.9338843,67.28110599,31.25,55.88235294,6.51420651,10.46431046,3.46500347,226,34.723345936249025,6.508589362756945,37.29993041,La Paz,Fuencarral - El Pardo,96.58886894075404,100.0,100.0,557,25.142730559658297,70.0834160002459,False,False,False,False,False
08,084,08032,187.66122236,47.71919386,11.53305204,29.53586498,44.28571429,256.09756098,39.04761905,69.68973747,95.79439252,60.97560976,115.38461538,12.13389121,22.17573222,8.92608089,12,3.8207147486081054,3.140773595927732,29.53586498,Pilar,Fuencarral - El Pardo,100.0,100.0,100.0,60,43.71516102363809,82.97514548591512,True,False,False,False,False
08,085,08044,352.5710759,53.36248318,9.56641432,43.28974535,27.34499205,452.51798561,22.09856916,112.11678832,79.31937173,48.31460674,116.27906977,3.91214825,8.1674674,2.12765957,20,4.132500081796402,4.839685324653637,43.28974535,La Paz,Fuencarral - El Pardo,100.0,100.0,100.0,68,29.804442919576903,50.992453183290614,True,False,False,False,False
08,083,08018,665.88791501,44.05341881,10.58558559,18.46846847,33.53658537,174.46808511,57.31707317,40.95238095,95.04643963,37.87878788,80.0,21.61254199,37.40201568,15.90145577,9,1.341066536687923,6.711076411038934,18.46846847,Peñagrande,Fuencarral - El Pardo,,,,21,,,False,False,False,False,False
08,083,08014,513.09103266,49.82426823,12.03319502,35.96127248,17.69230769,298.85057471,33.46153846,92.28723404,70.90909091,57.5,47.05882353,8.52819807,10.86657497,5.50206327,0,1.416902564489018,0.0,35.96127248,Peñagrande,Fuencarral - El Pardo,,,,22,,,False,False,False,False,False
08,085,08038,389.24344748,52.63877094,14.9068323,39.50310559,44.96855346,265.0,37.73584906,119.34604905,51.65289256,24.44444444,68.42105263,4.92610837,9.97536946,3.07881773,0,2.0860980583288584,0.0,39.50310559,La Paz,Fuencarral - El Pardo,86.66666666666667,100.0,100.0,30,64.36432168994611,104.93959523052534,True,False,False,False,False
08,085,08100,165.79826998,49.38809945,12.25296443,34.54545455,22.88329519,281.93548387,35.46910755,87.96433878,75.26041667,51.0,76.59574468,5.24667189,10.57165231,3.21064996,25,7.702131030517043,3.2458549329979074,34.54545455,La Paz,Fuencarral - El Pardo,78.2258064516129,96.7741935483871,100.0,124,53.84542536191092,125.62622892764563,True,False,True,False,False
08,086,08104,235.5370982,41.33275416,11.43057504,15.00701262,43.92523364,131.28834356,76.1682243,35.93898951,119.91614256,59.5959596,150.0,31.37119114,49.03047091,20.70637119,38,6.130669058284554,6.1983446894184375,15.00701262,Valverde,Fuencarral - El Pardo,100.0,100.0,100.0,98,31.629144220204854,68.1407431139397,True,False,False,False,False
08,085,08043,341.17949825,53.16587821,10.38647343,42.3510467,24.33460076,407.75193798,24.52471483,111.58432709,73.15634218,38.15789474,91.42857143,3.04487179,9.85576923,1.84294872,19,3.65789857362305,5.194239156057575,42.3510467,La Paz,Fuencarral - El Pardo,100.0,100.0,100.0,56,36.74278274121886,67.67402904450039,True,False,False,False,False
08,085,08039,471.7204862,50.10778088,14.28571429,34.46553447,36.52173913,241.25874126,41.44927536,95.3125,53.75375375,55.55555556,52.94117647,4.47761194,8.85572139,1.89054726,2,2.1304989488508213,0.93874723621844,34.46553447,La Paz,Fuencarral - El Pardo,74.28571428571429,100.0,100.0,35,70.66111983286173,125.40359965907071,True,False,True,False,False
08,084,08033,656.40930077,46.39830911,16.00703606,27.70448549,40.95238095,173.07692308,57.77777778,77.65625,72.97297297,73.91304348,111.11111111,3.59019264,9.71978984,2.10157618,0,1.7397681578598647,0.0,27.70448549,Pilar,Fuencarral - El Pardo,,,,28,,,False,False,False,False,False
08,086,08107,447.72640902,42.78605463,12.484994,16.68667467,44.60431655,133.65384615,74.82014388,41.18644068,94.07894737,46.2962963,111.53846154,28.26603325,47.26840855,21.37767221,22,1.88061276492598,11.698314725023101,16.68667467,Valverde,Fuencarral - El Pardo,100.0,100.0,100.0,31,19.54822242508478,35.12510498236499,True,False,False,False,False
08,085,08103,47.07326087,49.49580952,13.1934033,35.15742129,27.93176972,266.47727273,37.52665245,93.61393324,71.82044888,45.78313253,98.11320755,8.25892857,15.32738095,4.31547619,0,28.551240663321344,0.0,35.15742129,La Paz,Fuencarral - El Pardo,24.50765864332604,55.57986870897156,85.55798687089715,457,140.53141783874483,205.94500687698178,False,False,False,False,False
08,084,08034,138.7087296,47.52933333,13.99253731,29.22885572,44.04255319,208.88888889,47.87234043,76.12267251,75.23992322,70.47619048,78.46153846,5.49382716,11.11111111,2.90123457,28,11.679149572818497,2.3974348325126242,29.22885572,Pilar,Fuencarral - El Pardo,80.31914893617021,98.93617021276596,100.0,188,61.790204399610374,109.52075881923321,True,False,False,False,False
08,085,08102,340.91375387,48.66237626,11.76171079,35.64154786,17.14285714,303.03030303,33.0,90.12584705,94.5386064,52.94117647,90.12345679,6.36363636,11.46464646,3.53535354,10,5.807920559096169,1.7217866357242677,35.64154786,La Paz,Fuencarral - El Pardo,74.19354838709677,95.6989247311828,100.0,93,59.326319622767635,134.13151878003137,True,False,True,False,False
08,083,08017,310.87382856,45.34943587,12.04684886,20.35694367,33.15068493,168.98148148,59.17808219,47.93729373,76.41921397,41.37931034,79.71014493,10.54969461,20.21099389,7.60688506,50,5.793347121926023,8.630589354945693,20.35694367,Peñagrande,Fuencarral - El Pardo,100.0,100.0,100.0,93,27.95354181442936,54.15654328783165,True,False,False,False,False
08,083,08019,58.43619852,46.28857442,11.18493909,22.81284607,37.37864078,203.96039604,49.02912621,51.51006711,82.26299694,32.85714286,120.0,19.7353914,29.43770673,12.78941566,38,15.521201292417292,2.448264105598867,22.81284607,Peñagrande,Fuencarral - El Pardo,80.48780487804879,97.5609756097561,100.0,246,63.93869574500026,122.02539847379357,False,False,False,False,False
08,085,08037,315.13814452,51.70185309,10.37613489,40.2075227,28.06451613,387.5,25.80645161,102.36220472,72.39819005,44.44444444,111.11111111,3.35051546,8.37628866,0.6443299,0,2.462412162666477,0.0,40.2075227,La Paz,Fuencarral - El Pardo,25.64102564102564,89.74358974358975,100.0,39,120.97575615788763,149.6016383502408,True,False,True,False,False
08,085,08042,433.50414444,50.93698758,11.99411332,35.98233996,41.10429448,300.0,33.33333333,92.22065064,62.1559633,51.66666667,67.69230769,7.01241782,13.73265157,4.6018992,18,3.1579859559596946,5.699835354248718,35.98233996,La Paz,Fuencarral - El Pardo,100.0,100.0,100.0,50,24.99867503655599,47.17111949331254,True,False,False,False,False
08,085,08040,276.25711165,53.41245912,9.79978925,41.41201264,33.33333333,422.58064516,23.66412214,104.96760259,68.36363636,24.48979592,75.75757576,4.08805031,8.80503145,2.20125786,23,3.453304764928315,6.660286758813609,41.41201264,La Paz,Fuencarral - El Pardo,100.0,100.0,100.0,57,24.608065750152267,47.42985530428871,True,False,False,False,False
08,086,08108,338.56256677,44.13394945,9.30521092,19.60297767,48.10126582,210.66666667,47.46835443,40.66317627,115.41353383,58.49056604,86.36363636,30.33292232,45.62268804,18.6189889,2,2.39542134774941,0.8349261819341622,19.60297767,Valverde,Fuencarral - El Pardo,100.0,100.0,100.0,40,42.89986976548232,58.27076511430261,True,False,False,False,False
08,086,08106,586.94687012,39.87105263,12.68722467,13.21585903,30.0,104.16666667,96.0,34.95838288,129.15531335,75.40983607,100.0,33.77192982,55.0877193,24.47368421,14,1.942254159682167,7.2081194575950756,13.21585903,Valverde,Fuencarral - El Pardo,100.0,100.0,100.0,32,23.69433078870921,45.222737427641796,True,False,False,False,False
08,086,08105,257.83101773,41.59316367,13.78579003,14.63414634,46.37681159,106.15384615,94.20289855,39.7037037,98.52941176,47.82608696,100.0,31.78458289,51.531151,20.80253432,17,3.6729483068394204,4.628434320282753,14.63414634,Valverde,Fuencarral - El Pardo,91.37931034482759,100.0,100.0,58,56.37151770328623,93.78643204944588,True,False,False,False,False
08,085,08041,274.75309634,47.87335027,14.4966443,29.26174497,46.78899083,201.85185185,49.5412844,77.80429594,59.31558935,80.0,111.42857143,7.7540107,11.63101604,4.27807487,29,2.7224442962032414,10.652192237851773,29.26174497,La Paz,Fuencarral - El Pardo,100.0,100.0,100.0,41,20.860510539575504,54.1702584442655,True,False,False,False,False
08,086,08109,409.63483614,43.11698909,11.27379209,19.03367496,38.07692308,168.83116883,59.23076923,43.48739496,115.87301587,39.79591837,108.69565217,28.0,46.03636364,18.61818182,17,3.3566481135694484,5.0645761559802756,19.03367496,Valverde,Fuencarral - El Pardo,100.0,100.0,100.0,53,27.640423297040805,61.02074562629582,True,False,False,False,False
08,085,08036,422.5235801,50.2526221,11.67108753,35.80901857,30.92592593,306.81818182,32.59259259,90.4040404,82.06896552,55.55555556,96.55172414,7.34612839,13.30244871,4.56651224,2,3.576131773853633,0.5592635077439565,35.80901857,La Paz,Fuencarral - El Pardo,96.36363636363636,100.0,100.0,55,60.6478730056038,89.565986784687,True,False,False,False,False
08,086,08110,389.49689278,48.98295325,8.19521179,27.80847145,53.64238411,339.3258427,29.47019868,56.25899281,96.88385269,28.73563218,92.85714286,21.08157654,29.05591201,14.8487626,8,2.8010493029100787,2.8560725409897656,27.80847145,Valverde,Fuencarral - El Pardo,100.0,100.0,100.0,46,51.40433183197395,82.63405432885892,True,False,False,False,False
08,085,08035,80.96273077,50.74125862,12.97134238,38.15987934,28.85375494,294.18604651,33.99209486,104.62962963,71.42857143,90.90909091,52.94117647,5.92203898,10.26986507,3.07346327,40,16.476716970696685,2.4276680889244333,38.15987934,La Paz,Fuencarral - El Pardo,87.54716981132076,98.11320754716981,100.0,265,44.62541540426272,107.46246747033328,False,False,False,False,False
08,086,08111,38.55145813,42.57161125,9.8245614,24.61152882,26.06924644,250.51020408,39.9185336,52.52293578,165.85365854,256.48148148,85.71428571,31.75709308,39.92035839,18.96465903,40,52.11216636694821,0.7675750748556431,24.61152882,Valverde,Fuencarral - El Pardo,56.11510791366906,81.29496402877699,93.88489208633094,834,91.66844832052033,178.82354607680847,False,False,False,False,False
08,086,08114,221.23583279,39.89810352,15.98746082,16.09195402,22.07792208,100.65359477,99.35064935,47.23076923,109.00321543,65.625,76.36363636,22.36024845,34.7826087,16.14906832,55,4.366381285597301,12.596243067782444,16.09195402,Valverde,Fuencarral - El Pardo,100.0,100.0,100.0,66,24.214799273703747,49.715986490412554,True,False,False,False,False
08,086,08113,322.52394423,45.46132,12.09677419,23.58870968,47.86324786,195.0,51.28205128,55.48589342,96.30769231,77.55102041,122.58064516,18.7,31.1,13.0,12,3.1005449917424954,3.870287330762468,23.58870968,Valverde,Fuencarral - El Pardo,100.0,100.0,100.0,49,46.40962184681636,69.7177426764581,True,False,False,False,False
08,086,08115,480.6844226,40.42064788,14.86013986,14.68531469,37.5,98.82352941,101.19047619,41.93548387,100.99750623,82.35294118,94.44444444,25.49869905,37.72766696,21.59583695,46,2.3986631265501765,19.177349036985643,14.68531469,Valverde,Fuencarral - El Pardo,100.0,100.0,100.0,41,15.696400861278237,33.76116111828379,True,False,False,False,False
08,086,08112,17.60401504,44.22801065,14.77162293,21.1856171,32.11009174,143.42105263,69.72477064,56.23100304,82.27146814,41.37931034,109.09090909,9.18762089,16.7311412,6.09284333,56,58.736600577645106,0.9534089383666742,21.1856171,Valverde,Fuencarral - El Pardo,26.198083067092654,43.66347177848775,58.57294994675186,939,170.82654243385187,330.8745415797156,False,False,False,False,False
09,092,09012,356.98359042,45.58859302,8.75912409,23.21167883,30.81761006,265.0,37.73584906,46.99570815,103.49344978,54.54545455,105.55555556,19.33139535,27.47093023,8.43023256,4,1.9272594552611575,2.075485990783722,23.21167883,Argüelles,Moncloa - Aravaca,100.0,100.0,100.0,33,39.10588958274145,69.04641524161322,True,False,False,False,False
09,092,09013,543.14700778,44.2190865,9.06367041,20.97378277,32.85714286,231.40495868,43.21428571,42.93361884,129.48402948,55.38461538,83.78378378,24.90678598,35.27218494,14.9142431,5,2.4689448359325468,2.0251566285446985,20.97378277,Argüelles,Moncloa - Aravaca,94.87179487179486,100.0,100.0,39,40.5448726838541,88.08153315329093,True,False,False,False,False
09,092,09011,602.90091865,45.19214687,7.38125802,20.41078306,32.0754717,276.52173913,36.16352201,38.48888889,106.04395604,45.45454545,117.14285714,25.41507024,37.29246488,12.45210728,0,2.597441721422432,0.0,20.41078306,Argüelles,Moncloa - Aravaca,30.23255813953488,95.34883720930233,100.0,43,116.0551281985116,138.30921572601085,True,False,False,False,False
09,091,09001,141.32081277,46.17695338,9.51993491,23.43368592,40.97222222,246.15384615,40.625,49.15048544,93.42723005,40.0,100.0,10.20900322,17.60450161,5.94855305,92,8.802667145049847,10.451377802208041,23.43368592,Casa de Campo,Moncloa - Aravaca,99.29078014184397,100.0,100.0,141,22.875471579614082,50.19050308481584,True,False,False,False,False
09,092,09014,208.56581164,45.05325311,9.04280904,21.21212121,29.25170068,234.57446809,42.63038549,43.37931034,97.54768392,53.48837209,141.86046512,23.01435407,33.30143541,10.52631579,47,10.020817810620354,4.690235955611131,21.21212121,Argüelles,Moncloa - Aravaca,99.38271604938271,100.0,100.0,162,34.73384252482077,73.0958833125758,True,False,False,False,False
09,092,09015,406.99586907,45.20554659,10.97780444,23.21535693,33.0749354,211.47540984,47.28682171,51.95989061,103.14814815,46.90265487,85.24590164,20.25089606,27.89725209,9.13978495,5,4.1130638594343045,1.2156387964974804,23.21535693,Argüelles,Moncloa - Aravaca,72.3076923076923,100.0,100.0,65,59.82391563665216,122.98581303937368,True,False,False,False,False
09,092,09016,303.7185363,43.39462258,8.32432432,19.56756757,34.80662983,235.06493506,42.54143646,38.68065967,131.59722222,64.70588235,40.0,23.11827957,33.87096774,8.60215054,3,3.0620455746398156,0.9797372138567487,19.56756757,Argüelles,Moncloa - Aravaca,70.83333333333334,100.0,100.0,48,68.15556314917242,122.02314649761603,True,False,False,False,False
09,091,09004,229.45925256,47.112375,9.91233985,23.8705327,39.5480226,240.81632653,41.52542373,51.01832994,75.67084079,36.63366337,92.0,11.1631016,18.18181818,5.4144385,61,6.5196760789353,9.356293052209681,23.8705327,Casa de Campo,Moncloa - Aravaca,100.0,100.0,100.0,104,19.352464615433043,52.06108015257164,True,False,False,False,False
09,091,09009,219.67255612,47.27884551,10.42253521,25.25821596,41.63568773,242.34234234,41.26394052,55.47445255,86.64850136,29.33333333,52.27272727,18.6329588,25.37453184,9.92509363,29,4.861781639272013,5.964891505152495,25.25821596,Casa de Campo,Moncloa - Aravaca,100.0,100.0,100.0,79,23.870209466303294,44.814605041897465,True,False,False,False,False
09,091,09006,179.97400714,46.44661832,12.2605364,23.11621967,35.91160221,188.54166667,53.03867403,54.743083,68.66666667,33.33333333,76.74418605,9.79643766,16.66666667,4.32569975,25,4.3672973251422285,5.724364094946486,23.11621967,Casa de Campo,Moncloa - Aravaca,87.87878787878788,100.0,100.0,66,37.50224061345357,102.56845109132928,True,False,False,False,False
09,091,09005,204.0329932,45.83226434,11.67800454,20.29478458,40.78212291,173.78640777,57.54189944,47.0,71.91977077,35.21126761,148.14814815,10.12373453,19.68503937,4.83689539,24,4.357138451326239,5.508202291046044,20.29478458,Casa de Campo,Moncloa - Aravaca,100.0,100.0,100.0,71,27.589842333344556,58.99257326087441,True,False,False,False,False
09,091,09008,162.27865384,49.49254286,11.33280128,30.00798085,44.41489362,264.78873239,37.76595745,70.47619048,68.96551724,46.06741573,114.28571429,7.46031746,14.6031746,3.0952381,12,7.764422308085802,1.5455109889506273,30.00798085,Casa de Campo,Moncloa - Aravaca,95.96774193548387,100.0,100.0,124,46.83443937772549,84.77017844291987,True,False,False,False,False
09,091,09007,64.22278314,45.8987241,12.92442497,21.90580504,34.5,169.49152542,59.0,53.44537815,63.46153846,41.05263158,109.375,7.96074155,13.19520174,2.29007634,54,14.278422005105915,3.7819305229030062,21.90580504,Casa de Campo,Moncloa - Aravaca,81.57894736842105,96.9298245614035,100.0,228,43.059234448574934,120.00141430252071,False,False,False,False,False
09,091,09010,9.56499441,49.78250044,5.4770318,22.08480565,21.2,403.22580645,24.8,38.04878049,49.09090909,16.33986928,143.75,15.57305337,20.99737533,8.13648294,856,119.4982401889594,7.163285406098281,22.08480565,Casa de Campo,Moncloa - Aravaca,93.98849973863042,98.01359121798224,99.84317825405122,1913,28.732933195075162,80.65870088280924,False,False,False,False,False
09,091,09002,0.99873804,45.6400141,8.39793282,18.4754522,41.25874126,220.0,45.45454545,36.74911661,73.88632873,62.5,104.76190476,24.35897436,29.93589744,14.48717949,828,1563.5093803046307,0.5295778908845908,18.4754522,Casa de Campo,Moncloa - Aravaca,31.817636952091743,47.576617253366365,60.32684700523435,25027,158.6379929181874,381.02023251967347,False,False,False,False,False
08,083,08157,154.15562658,44.22985209,15.72212066,22.48628885,30.48780488,143.02325581,69.91869919,61.83431953,68.15920398,66.66666667,60.31746032,10.34482759,15.33575318,5.353902,10,7.148620030582544,1.3988713845775764,22.48628885,Peñagrande,Fuencarral - El Pardo,100.0,100.0,100.0,116,44.77049886471066,74.48746380146846,True,False,False,False,False
08,083,08148,126.80254623,46.78642151,11.55440415,26.68393782,23.88349515,230.94170404,43.30097087,61.91275168,79.2481203,46.2962963,87.32394366,7.72002059,13.43283582,3.75707669,92,15.323036151759108,6.004032039658032,26.68393782,Peñagrande,Fuencarral - El Pardo,97.95918367346938,100.0,100.0,245,37.070307525271595,77.3312239147039,True,False,False,False,False
08,083,08149,260.47972055,51.63367379,9.75609756,37.44619799,27.96934866,383.82352941,26.05363985,89.40217391,71.96261682,33.33333333,109.52380952,4.13105413,8.83190883,2.70655271,15,2.6950274612799143,5.565805994747173,37.44619799,Peñagrande,Fuencarral - El Pardo,100.0,100.0,100.0,44,33.88088105978066,74.5248474470266,True,False,False,False,False
08,083,08182,125.13170572,42.45581712,18.78680801,23.02709069,25.06393862,122.57053292,81.58567775,71.86234818,79.31034483,59.81308411,108.16326531,6.34828189,13.04601048,2.03843914,16,13.721542354865996,1.1660496747529265,23.02709069,Peñagrande,Fuencarral - El Pardo,51.569506726457405,84.30493273542601,97.30941704035875,223,98.32171937038507,162.23124032894066,True,False,False,False,False
08,083,08151,256.8832194,51.23192865,8.95170789,38.04475854,20.43343653,425.0,23.52941176,88.66666667,80.72289157,40.0,88.0,5.38011696,9.23976608,2.92397661,0,3.328360653566596,0.0,38.04475854,Peñagrande,Fuencarral - El Pardo,68.51851851851852,96.29629629629629,100.0,54,78.4665169088812,129.54211689075424,True,False,True,False,False
08,085,08150,374.26718031,47.00696148,15.12158055,30.47112462,23.69077307,201.50753769,49.62593516,83.79888268,74.63414634,47.11538462,85.96491228,6.94864048,15.70996979,4.98489426,0,3.5375797549263712,0.0,30.47112462,La Paz,Fuencarral - El Pardo,20.33898305084746,47.45762711864407,89.83050847457628,59,153.00201305933874,196.85997175098123,True,True,True,False,False
08,083,08141,236.14779856,50.32600721,12.5388601,39.58549223,25.13089005,315.70247934,31.67539267,108.87445887,78.37837838,55.31914894,102.77777778,5.14933059,10.91658084,3.19258496,3,4.111831683121048,0.7296018492962429,39.58549223,Peñagrande,Fuencarral - El Pardo,80.0,100.0,100.0,65,56.60970133248688,114.85158246221258,True,False,True,False,False
08,083,08140,233.40717826,51.81272448,8.6526576,37.33003708,21.52317881,431.42857143,23.17880795,85.12585812,70.703125,51.85185185,111.76470588,8.6100861,15.37515375,4.18204182,23,3.4831833624333326,6.603155104625996,37.33003708,Peñagrande,Fuencarral - El Pardo,93.33333333333333,100.0,100.0,60,51.69211768816522,92.47304727892006,True,False,False,False,False
08,083,08145,104.02050137,48.3386882,16.49016641,34.11497731,31.70731707,206.88073394,48.33702882,102.45022971,73.20954907,53.75,87.09677419,5.40946657,11.72051089,2.40420736,28,12.795554553511389,2.188259983801653,34.11497731,Peñagrande,Fuencarral - El Pardo,79.12621359223301,100.0,100.0,206,60.68133383068605,118.38622726061574,True,False,True,False,False
08,083,08142,100.10740653,47.25070568,13.02485004,28.02056555,21.71253823,215.13157895,46.48318043,69.62209302,70.2970297,34.64566929,115.0,3.98642918,8.39694656,2.88379983,54,11.777350356655557,4.585072054809323,28.02056555,Peñagrande,Fuencarral - El Pardo,84.61538461538461,98.35164835164835,100.0,182,56.31869944319317,110.38158590780243,True,False,False,False,False
08,083,08143,61.28192037,45.3972327,17.16196137,28.67756315,21.76165803,167.0995671,59.84455959,84.75274725,68.51851852,79.03225806,100.0,3.75275938,9.86019132,2.20750552,46,22.176197999871636,2.0742960538261004,28.67756315,Peñagrande,Fuencarral - El Pardo,79.49438202247191,98.31460674157303,100.0,356,53.02855463636663,121.57084583183388,False,False,False,False,False
08,085,08144,334.44927479,50.55287698,12.29281768,38.5359116,22.04301075,313.48314607,31.89964158,103.37078652,72.39709443,65.38461538,70.1754386,4.67353952,10.65292096,2.19931271,0,4.3504355060397515,0.0,38.5359116,La Paz,Fuencarral - El Pardo,90.14084507042254,100.0,100.0,71,70.12074535460067,99.30047582922785,True,False,False,False,False
08,085,08146,223.75726496,51.32362611,11.97339246,40.79822616,17.75362319,340.74074074,29.34782609,111.7370892,66.40625,101.66666667,72.54901961,2.58112094,7.22713864,1.179941,3,6.0601384284193855,0.4950381968060859,40.79822616,La Paz,Fuencarral - El Pardo,51.02040816326531,86.73469387755102,100.0,98,96.71023301213847,159.75959014817238,True,False,True,False,False
08,087,08154,269.91802021,42.14564727,17.01474201,17.997543,24.91467577,105.77617329,94.53924915,53.87523629,69.28,86.91588785,87.5,4.59277404,8.69565217,1.95958359,14,6.049985098176214,2.3140552865527457,17.997543,Mirasierra,Fuencarral - El Pardo,95.50561797752809,100.0,100.0,89,49.141433637920294,89.46312339355332,True,False,False,False,False
08,087,08163,200.96235349,44.60064108,14.0323422,21.64840897,18.55421687,154.27509294,64.81927711,55.47445255,74.15254237,39.53488372,92.20779221,4.40871369,10.06224066,1.8153527,17,9.593836688884686,1.771970959198838,21.64840897,Mirasierra,Fuencarral - El Pardo,98.10126582278481,100.0,100.0,158,50.02219618066032,89.67883941988397,True,False,False,False,False
08,087,08156,186.98542183,47.71201791,11.05882353,26.35294118,14.88095238,238.29787234,41.96428571,59.77443609,65.2173913,19.55307263,75.0,4.04984424,9.19003115,2.02492212,5,6.866845486745264,0.7281363778537402,26.35294118,Mirasierra,Fuencarral - El Pardo,97.43589743589743,100.0,100.0,117,57.23080027371622,90.7620120782955,True,False,False,False,False
08,087,08180,168.71911026,45.21849057,11.29883844,21.33051742,6.93069307,188.78504673,52.97029703,48.43260188,78.2122905,18.24817518,79.48717949,5.13626834,10.16771488,2.41090147,10,5.654368367066945,1.768544132752928,21.33051742,Mirasierra,Fuencarral - El Pardo,100.0,100.0,100.0,88,39.10085676699721,63.801939150477374,True,False,False,False,False
08,087,08138,29.43948974,41.37552298,18.62225587,18.09235428,40.58577406,97.15447154,102.92887029,58.01435407,87.44394619,89.0,73.07692308,8.13865863,15.90052751,3.24039186,4,45.075509511990475,0.08873998415782666,18.09235428,Mirasierra,Fuencarral - El Pardo,20.58414464534075,38.24756606397774,55.77190542420028,719,185.64404919061974,302.43569565188574,False,False,False,False,False
08,087,08177,372.99113912,43.67792873,12.18390805,13.8697318,18.2320442,113.83647799,87.84530387,35.23316062,60.56572379,27.95698925,95.91836735,4.39727066,9.09780136,1.9711903,5,3.536277036263566,1.413916372706762,13.8697318,Mirasierra,Fuencarral - El Pardo,100.0,100.0,100.0,57,44.12587902780183,76.19029456692816,True,False,False,False,False
08,087,08181,92.51663745,34.01881092,29.88617886,11.31707317,16.37931034,37.86724701,264.08045977,70.07743363,81.52610442,100.65359477,102.5477707,3.7368253,8.33599489,1.27754711,64,33.842561578706835,1.8911098041782899,11.31707317,Mirasierra,Fuencarral - El Pardo,92.83088235294117,99.81617647058823,100.0,544,47.287143256625995,89.08621599583226,False,False,False,False,False
08,086,08119,130.96398025,42.2062146,13.87800783,16.67599328,38.9261745,120.16129032,83.22147651,43.99677679,91.51234568,68.8,94.44444444,21.62610619,34.51327434,16.31637168,83,13.805322628224719,6.012173872004127,16.67599328,Valverde,Fuencarral - El Pardo,98.6046511627907,100.0,100.0,215,29.723660609305277,67.77956391895697,True,False,False,False,False
08,086,08117,277.32599722,42.35505749,11.67355372,15.80578512,41.83006536,135.39823009,73.85620915,37.89173789,100.0,74.57627119,94.28571429,24.9486653,40.45174538,19.50718686,49,3.5121121342935244,13.951718546098343,15.80578512,Valverde,Fuencarral - El Pardo,100.0,100.0,100.0,60,14.38834173295196,31.06564786647037,True,False,False,False,False
08,086,08120,290.93610413,41.89099415,12.78385198,15.64339781,35.48387097,122.36842105,81.72043011,39.71797885,95.63218391,78.87323944,106.66666667,22.47284879,38.76357561,16.95906433,20,4.11430545404046,4.861087788306764,15.64339781,Valverde,Fuencarral - El Pardo,100.0,100.0,100.0,70,34.15821003888846,67.31035494191055,True,False,False,False,False
08,086,08116,330.19775601,43.0224809,12.58503401,19.61451247,45.66473988,155.85585586,64.16184971,47.4916388,109.09090909,50.0,100.0,24.15730337,38.53932584,17.30337079,39,2.695354477108945,14.46933987021687,19.61451247,Valverde,Fuencarral - El Pardo,100.0,100.0,100.0,41,10.210582744829159,30.05288671568985,True,False,False,False,False
08,087,08137,47.29207534,45.39093793,16.74285714,26.68571429,37.4732334,159.38566553,62.74089936,76.76767677,79.02350814,99.03846154,70.73170732,6.83371298,14.17995444,3.01822323,9,37.130956661369694,0.24238535198753497,26.68571429,Mirasierra,Fuencarral - El Pardo,31.35593220338983,49.83050847457628,66.10169491525424,590,150.179111003642,307.37648039907305,False,False,False,False,False
08,086,08123,237.59332903,40.61483001,14.25793908,14.90602722,24.7826087,104.54545455,95.65217391,41.17108875,105.45112782,70.93023256,63.15789474,27.10882164,40.5666452,20.2189311,48,6.536378804673687,7.343515642893693,14.90602722,Valverde,Fuencarral - El Pardo,96.19047619047619,100.0,100.0,105,46.70359515101165,89.20772391341494,True,False,False,False,False
08,087,08133,93.09632998,42.15089435,19.70260223,20.19826518,44.17177914,102.51572327,97.54601227,66.39175258,73.83512545,76.92307692,112.5,7.24815725,13.75921376,3.68550369,2,8.74363146437112,0.22873791149017153,20.19826518,Mirasierra,Fuencarral - El Pardo,70.50359712230215,100.0,100.0,139,79.12837670525272,119.86967913408033,False,False,False,False,False
08,087,08136,160.52661657,49.5659463,13.03278689,33.44262295,46.81372549,256.60377358,38.97058824,86.83001531,81.89415042,63.49206349,100.0,5.85842148,10.25223759,2.27827502,9,7.656051228484597,1.1755407234626638,33.44262295,Mirasierra,Fuencarral - El Pardo,76.98412698412699,97.61904761904762,100.0,126,68.86780062775505,125.11253348311686,True,False,True,False,False
08,086,08126,252.35878516,45.7110152,10.63694268,22.61146497,40.56338028,212.5748503,47.04225352,49.80916031,95.52238806,53.68421053,106.66666667,17.47941735,30.84230526,12.98290057,15,6.256964658357776,2.3973285481105706,22.61146497,Valverde,Fuencarral - El Pardo,92.0,100.0,100.0,100,49.844302406410506,96.77131481033575,True,False,False,False,False
08,087,08134,43.5374759,42.75039962,18.21656051,22.03821656,35.54913295,120.97902098,82.65895954,67.37739872,89.49494949,106.59340659,78.31325301,11.33628879,17.92273591,4.49651678,39,36.26760549281228,1.0753398100056328,22.03821656,Mirasierra,Fuencarral - El Pardo,42.83276450511945,72.52559726962457,91.80887372013652,586,110.9902741035616,192.92229741890043,False,False,False,False,False
08,087,08155,56.65728226,44.16556051,13.01282051,18.20512821,13.73239437,139.90147783,71.47887324,45.38676608,67.39469579,30.88235294,72.05882353,3.50318471,8.02547771,1.78343949,74,27.710471229632823,2.6704706457992824,18.20512821,Mirasierra,Fuencarral - El Pardo,80.22727272727272,97.27272727272728,100.0,440,51.86601691782396,126.67533922868016,False,False,False,False,False
08,086,08122,181.04913007,47.87743357,10.18735363,27.98594848,31.38075314,274.71264368,36.40167364,61.74242424,76.0,56.60377358,107.40740741,11.53846154,19.23076923,8.97435897,76,4.739045140301609,16.036985880063405,27.98594848,Valverde,Fuencarral - El Pardo,100.0,100.0,100.0,71,15.667246088741113,31.436911425071912,True,False,False,False,False
08,087,08132,138.25858703,39.83166958,22.05292702,17.80272654,40.54054054,80.72727273,123.87387387,66.26666667,85.18518519,102.81690141,70.65217391,8.49880858,15.25019857,3.1771247,1,9.106125175114284,0.10981619303157115,17.80272654,Mirasierra,Fuencarral - El Pardo,24.489795918367346,55.10204081632652,90.47619047619048,147,146.22374225814647,199.3681613545969,True,False,False,False,False
08,087,08139,367.22596548,28.45286855,38.36206897,2.45689655,15.78947368,6.40449438,1561.40350877,68.97305171,64.82593037,230.76923077,87.68768769,3.2967033,6.7624683,1.31022823,4,6.442899528896645,0.6208384877119145,2.45689655,Mirasierra,Fuencarral - El Pardo,100.0,100.0,100.0,103,48.37028530017769,73.88193354391626,True,False,False,False,False
08,087,08158,168.25900088,43.99032997,18.60622463,26.79296346,33.08080808,144.0,69.44444444,83.14745973,84.24657534,134.48275862,83.75,3.69623656,9.07258065,1.74731183,0,8.843509067433994,0.0,26.79296346,Mirasierra,Fuencarral - El Pardo,7.801418439716312,34.04255319148936,62.4113475177305,141,178.76207791366846,261.70378776902453,True,True,True,True,True
08,086,08124,227.79983364,42.21230695,12.35839341,17.19876416,31.13772455,139.16666667,71.85628743,41.95906433,97.11815562,70.58823529,93.15068493,22.31869254,37.43615935,17.26251277,9,8.595265276207927,1.0470881015054179,17.19876416,Valverde,Fuencarral - El Pardo,89.28571428571429,100.0,100.0,140,48.03894454021136,102.08026268761884,True,False,False,False,False
08,087,08147,68.87553618,44.09155126,19.6231319,25.08122157,27.4611399,127.81456954,78.23834197,80.84606345,69.18489066,63.0,74.52830189,4.38426821,10.63829787,1.93423598,18,22.518880957173632,0.7993292399490174,25.08122157,Mirasierra,Fuencarral - El Pardo,49.307479224376735,79.50138504155125,98.06094182825484,361,102.03750535911313,172.89711073294663,False,False,False,False,False
08,087,08152,172.08583632,43.82146433,19.59672338,26.46502836,29.28571429,135.04823151,74.04761905,85.39719626,77.22567288,89.47368421,72.63157895,4.44305382,11.57697121,2.50312891,0,9.286063479730787,0.0,26.46502836,Mirasierra,Fuencarral - El Pardo,5.442176870748299,14.965986394557824,40.816326530612244,147,216.29004322894028,286.9442374879329,True,True,True,True,True
08,086,08125,237.57009316,39.47378547,15.37396122,13.78116343,22.11055276,89.63963964,111.55778894,41.19373777,110.72164948,82.60869565,81.94444444,24.8630137,38.21917808,14.65753425,12,6.145554688960316,1.9526309027167927,13.78116343,Valverde,Fuencarral - El Pardo,88.65979381443299,100.0,100.0,97,51.31845087223588,102.4300492391901,True,False,False,False,False
08,086,08172,317.46507861,35.6242455,25.44507165,6.99088146,18.63354037,27.47440273,363.97515528,48.00771208,55.75575576,207.27272727,68.8172043,13.02485004,22.57926307,5.9125964,5,7.351989737741954,0.6800880004404998,6.99088146,Valverde,Fuencarral - El Pardo,74.57627118644068,90.67796610169492,99.15254237288136,118,67.62462703261036,141.74396130364158,True,False,False,False,False
08,087,08135,248.19405171,39.46029148,18.00750313,14.13088787,21.23893805,78.47222222,127.43362832,47.35872236,84.79001135,86.38743455,85.24590164,6.62824207,11.98023878,2.05846027,23,9.7866970752258,2.3501289375986274,14.13088787,Mirasierra,Fuencarral - El Pardo,82.05128205128204,99.35897435897436,100.0,156,53.95808587346919,113.94340285621885,True,False,False,False,False
08,087,08175,65.96749843,36.66632031,24.03400309,14.14219474,15.30054645,58.84244373,169.94535519,61.75,93.70460048,190.16393443,72.09302326,5.13409962,10.57471264,1.83908046,0,19.782469110208016,0.0,14.14219474,Mirasierra,Fuencarral - El Pardo,14.511041009463725,42.27129337539432,75.70977917981072,317,160.12588610223978,230.22783233729325,False,False,False,False,False
08,086,08160,304.53774243,32.37614802,31.24681934,3.71501272,30.1369863,11.88925081,841.09589041,53.75586854,57.38916256,253.48837209,61.97916667,10.68740592,17.16006021,4.96738585,8,6.54434550908739,1.2224293458973565,3.71501272,Valverde,Fuencarral - El Pardo,51.886792452830186,85.84905660377359,100.0,106,97.91032219649027,159.69971211345467,True,False,False,False,False
08,086,08153,153.89174468,44.64636231,9.87890376,17.65455704,18.77256318,178.70967742,55.9566787,37.99472296,79.33753943,36.94581281,150.0,7.48730964,14.27664975,4.18781726,52,10.240965188043756,5.077646398086538,17.65455704,Valverde,Fuencarral - El Pardo,80.625,100.0,100.0,160,57.983933488857744,114.7855294136932,True,False,False,False,False
08,086,08121,35.62381021,45.45750068,12.64445955,23.58939497,24.2074928,186.55913978,53.60230548,56.82302772,80.38461538,51.2605042,91.83673469,12.51691475,20.1623816,9.67523681,86,41.489104930612065,2.072833341279105,23.58939497,Valverde,Fuencarral - El Pardo,56.75675675675676,80.18018018018019,96.69669669669669,666,87.07676959571879,173.32541674216046,False,False,False,False,False
08,086,08179,228.26214668,35.59954615,22.40824211,6.56793303,24.50980392,29.31034483,341.17647059,40.79782412,74.24960506,173.21428571,81.55339806,16.54996817,25.07956715,8.21133036,12,6.882426694126845,1.7435710590626796,6.56793303,Valverde,Fuencarral - El Pardo,79.0909090909091,99.0909090909091,100.0,110,61.70827648849691,123.40195895878394,True,False,False,False,False
08,087,08183,246.78797504,34.00726135,27.20785013,6.33363069,35.21126761,23.27868852,429.57746479,50.46979866,70.67583047,228.98550725,80.52631579,6.43455267,11.72322609,2.8646981,31,9.194127062459247,3.3717175963965973,6.33363069,Mirasierra,Fuencarral - El Pardo,98.64864864864865,100.0,100.0,148,33.85660323362743,75.23500605078186,True,False,False,False,False
08,087,08131,27.00316485,34.20070083,25.39103233,5.94369135,22.80701754,23.40862423,427.19298246,45.6340167,72.60812582,235.44303797,77.53623188,8.33333333,13.76811594,3.05383023,53,71.54716902433452,0.7407700503422255,5.94369135,Mirasierra,Fuencarral - El Pardo,70.11393514461,91.06047326906223,99.7370727432077,1141,71.62503054080429,146.20295209097105,False,False,False,False,False
08,086,08192,152.95304908,34.42206237,27.22841226,5.98885794,22.09302326,21.99488491,454.65116279,49.73931178,52.95055821,200.0,61.9047619,10.89787526,17.13502399,4.52364633,20,9.538872988633843,2.096683751196943,5.98885794,Valverde,Fuencarral - El Pardo,88.96103896103897,98.7012987012987,100.0,154,35.21892309749059,104.02633043617986,True,False,False,False,False
08,086,08171,25.44694961,35.02172648,26.29411765,5.94117647,26.73267327,22.5950783,442.57425743,47.56944444,54.01069519,250.0,81.6,8.71080139,15.85365854,3.83275261,55,67.67019206916808,0.81276553705925,5.94117647,Valverde,Fuencarral - El Pardo,50.18518518518519,70.0,86.11111111111111,1080,99.76959319434178,217.44831599995442,False,False,False,False,False
08,086,08188,296.99590868,37.42666105,21.71457906,6.8275154,23.30827068,31.44208038,318.04511278,39.94252874,58.36177474,182.75862069,79.8245614,9.49464012,15.56916794,6.02348137,11,6.596050459846071,1.6676646224833005,6.8275154,Valverde,Fuencarral - El Pardo,95.23809523809523,100.0,100.0,105,49.90195988068295,90.5572133291749,True,False,False,False,False
08,088,08173,232.21048159,33.66498726,28.16229117,5.10739857,24.29906542,18.13559322,551.40186916,49.85693848,61.99304751,180.59701493,80.66298343,6.93723454,11.5148655,2.5011798,46,9.125341739447432,5.040907103911425,5.10739857,El Goloso,Fuencarral - El Pardo,100.0,100.0,100.0,145,28.848038061597606,53.789077159155234,True,False,False,False,False
08,088,08184,264.48702232,35.17240756,25.31343284,7.28358209,16.39344262,28.77358491,347.54098361,48.36138175,67.5074184,210.52631579,100.0,9.0962788,13.99881867,3.36680449,14,6.4010702118920015,2.1871342660779747,7.28358209,El Goloso,Fuencarral - El Pardo,100.0,100.0,100.0,102,34.20486637547411,58.38407964556329,True,False,False,False,False
08,086,08185,297.5911449,36.40137606,23.70189371,5.43677459,22.47191011,22.93814433,435.95505618,41.12068966,53.64238411,147.22222222,85.71428571,7.19467956,12.93833132,3.62756953,8,5.557961076295044,1.4393767588838222,5.43677459,Valverde,Fuencarral - El Pardo,98.9247311827957,100.0,100.0,93,35.56619884097506,70.72371227539686,True,False,False,False,False
08,086,08186,252.02783109,33.36044685,32.52574197,4.9061175,25.92592593,15.08379888,662.96296296,59.82575024,42.8769018,194.28571429,65.49707602,10.93093093,17.8978979,4.2042042,37,6.606413239494426,5.600618468552162,4.9061175,Valverde,Fuencarral - El Pardo,100.0,100.0,100.0,105,23.68323079671028,40.6010240144377,True,False,False,False,False
08,088,08165,153.50725524,34.29993655,28.77526754,7.25326992,24.04371585,25.20661157,396.72131148,56.3197026,58.08031342,204.87804878,74.7706422,6.89385037,11.35918527,1.60595378,50,16.631135746727935,3.0064092291374127,7.25326992,El Goloso,Fuencarral - El Pardo,98.49624060150376,100.0,100.0,266,36.799554265964545,70.98180976618859,True,False,False,False,False
08,086,08162,60.16857003,42.95506695,12.09563994,15.68213783,20.1793722,129.65116279,77.13004484,38.46153846,77.6816609,41.10429448,86.0,8.43793584,14.22594142,4.32357043,88,23.8330410594021,3.6923529725252635,15.68213783,Valverde,Fuencarral - El Pardo,75.98944591029023,97.0976253298153,100.0,379,65.08721840769701,128.14426462103663,False,False,False,False,False
08,086,08159,55.81216477,44.95424612,11.55778894,21.15577889,19.47743468,183.04347826,54.63182898,48.61837192,81.68249661,50.23255814,64.86486486,7.2036018,13.15657829,2.55127564,97,35.81656451187787,2.708244113357992,21.15577889,Valverde,Fuencarral - El Pardo,54.67128027681662,71.79930795847751,87.88927335640139,578,85.48785595970284,205.5268916404385,False,False,False,False,False
08,086,08168,230.90284795,34.42511293,28.38709677,5.51971326,12.98701299,19.44444444,514.28571429,51.30151844,50.16286645,169.44444444,36.30573248,9.23295455,15.55397727,4.6875,19,6.097802658076146,3.115876499354358,5.51971326,Valverde,Fuencarral - El Pardo,100.0,100.0,100.0,98,42.47781632346283,66.67796463211907,True,False,False,False,False
08,086,08170,264.11679303,33.79068003,27.19298246,4.49122807,24.21875,16.51612903,605.46875,46.37904468,57.14285714,317.91044776,78.01724138,7.91292329,14.23635107,2.72978576,22,10.957273737810045,2.007798703073835,4.49122807,Valverde,Fuencarral - El Pardo,100.0,100.0,100.0,173,30.378243941708163,47.00743656102912,True,False,False,False,False
08,086,08187,139.83583676,34.20844932,23.01464919,5.24286816,19.11764706,22.78056951,438.97058824,39.38742611,82.98918387,229.41176471,85.96491228,17.36006051,26.7397882,9.30408472,63,18.907899272625706,3.331940745591422,5.24286816,Valverde,Fuencarral - El Pardo,92.61744966442953,100.0,100.0,298,31.504627494891153,93.27649032350013,True,False,False,False,False
08,086,08161,205.94573851,33.88343044,24.62335217,4.00188324,15.29411765,16.25239006,615.29411765,40.1055409,74.85582468,290.0,84.04907975,16.57329599,22.73576097,9.75723623,30,10.40079787744028,2.884394096828968,4.00188324,Valverde,Fuencarral - El Pardo,96.47058823529412,100.0,100.0,170,39.75083038197573,86.48545823630754,True,False,False,False,False
08,088,08164,90.01225173,34.85052432,26.2550882,6.5468114,24.35233161,24.93540052,401.03626943,48.81373044,61.9787408,193.45794393,107.80487805,6.34015431,10.86883596,1.77792687,116,33.11771389838086,3.502657229177624,6.5468114,El Goloso,Fuencarral - El Pardo,90.41353383458647,100.0,100.0,532,37.54094405855426,98.27361895803108,False,False,False,False,False
08,086,08167,118.21422536,33.35701837,28.36744407,4.47405997,23.40425532,15.77181208,634.04255319,48.90148831,66.0,244.11764706,70.85714286,12.52943947,18.84126236,5.84079133,58,17.95892155627975,3.229592590971531,4.47405997,Valverde,Fuencarral - El Pardo,97.89473684210527,100.0,100.0,285,38.13443850420576,88.43539958020781,True,False,False,False,False
08,088,08178,171.19336748,34.88197491,24.96460595,6.13496933,21.53846154,24.57466919,406.92307692,45.1369863,60.43956044,201.35135135,81.70731707,5.94795539,10.50185874,2.60223048,57,12.570584024718308,4.53439552911125,6.13496933,El Goloso,Fuencarral - El Pardo,100.0,100.0,100.0,202,33.591290624765165,62.51251974944201,True,False,False,False,False
08,088,08176,275.76274007,34.16043939,27.78658214,4.75435816,25.55555556,17.11026616,584.44444444,48.23805795,53.48557692,204.47761194,75.91240876,5.59038662,9.50888192,1.82863114,19,6.9407491365553255,2.7374566673115126,4.75435816,El Goloso,Fuencarral - El Pardo,100.0,100.0,100.0,112,32.54285249509506,55.19363065147392,True,False,False,False,False
08,086,08128,80.41387421,32.9111096,31.65354331,5.35433071,20.58823529,16.91542289,591.17647059,58.75,53.64916773,228.07017544,60.5,8.66388309,15.34446764,4.01878914,74,23.826734274785682,3.1057550374542724,5.35433071,Valverde,Fuencarral - El Pardo,99.47643979057592,100.0,100.0,382,31.034797079781086,72.60587632828283,False,False,False,False,False
08,086,08166,9.23182545,35.80544354,23.51738241,7.87321063,19.48051948,33.47826087,298.7012987,45.75260805,74.73958333,96.15384615,73.125,17.11392405,22.07594937,9.62025316,37,213.93385426222258,0.17295065396544687,7.87321063,Valverde,Fuencarral - El Pardo,15.21357519016969,25.307197191339963,36.1029842012873,3418,260.3072065993889,483.3758167156585,False,False,False,False,False
08,088,08169,75.44302923,33.61676277,29.45383615,5.94928479,24.04371585,20.1986755,495.08196721,54.80624056,52.96381832,242.85714286,80.43478261,4.75734355,9.32311622,0.95785441,77,41.514770400210935,1.8547615525198415,5.94928479,El Goloso,Fuencarral - El Pardo,76.47058823529412,92.3076923076923,99.39668174962293,663,55.82584526913257,139.59225830794247,False,False,False,False,False
08,086,08190,36.26592988,32.6737167,30.45375218,4.4938918,22.33009709,14.75644699,677.66990291,53.722334,57.11275026,331.14754098,64.95327103,6.66089965,12.67301038,1.816609,86,63.75129663894673,1.3489921701053085,4.4938918,Valverde,Fuencarral - El Pardo,62.9812438302073,83.02073050345508,95.26159921026654,1013,68.92704911704048,171.7663840482571,False,False,False,False,False
08,087,08189,10.49422892,30.38834751,34.65094039,5.35543513,17.85714286,15.45538178,647.02380952,66.68437832,72.50229148,155.43478261,107.28291317,5.91179231,10.85392556,3.09665311,286,304.6436308699448,0.9388018360446081,5.35543513,Mirasierra,Fuencarral - El Pardo,13.140631406314062,17.63017630176302,21.976219762197623,4878,524.2184164464852,1606.3605387119455,False,False,False,False,False
08,088,08193,37.66270107,32.54226029,29.02796272,3.59520639,25.92592593,12.3853211,807.40740741,48.41897233,60.38034865,414.63414634,51.18110236,4.98007968,8.63213811,1.46082337,38,39.986507452309844,0.9503205561356148,3.59520639,El Goloso,Fuencarral - El Pardo,57.49999999999999,79.21875,90.15625,640,87.27785884073887,199.6369720901448,False,False,False,False,False
08,086,08174,58.66663024,38.66997002,17.1967655,9.16442049,16.47058824,53.29153605,187.64705882,35.79795022,70.53682896,105.76923077,73.62637363,14.72162741,19.8608137,10.01070664,22,31.840926773343806,0.6909346626938537,9.16442049,Valverde,Fuencarral - El Pardo,33.984375,52.9296875,71.875,512,141.06769618865593,260.25068093697377,False,False,False,False,False
08,086,08191,20.84214828,34.27086531,26.7287234,5.25265957,18.98734177,19.65174129,508.86075949,47.01857283,65.80226904,200.0,71.53846154,13.60052562,22.66754271,7.29303548,51,73.02510754623182,0.6983899334583268,5.25265957,Valverde,Fuencarral - El Pardo,49.87146529562982,72.06512425021423,83.1191088260497,1167,100.2378576191202,257.27905786052105,False,False,False,False,False
08,088,08129,0.67619247,58.15435616,4.23375075,48.53905784,58.84520885,1146.47887324,8.72235872,111.74242424,151.42857143,137.5,75.0,15.3067302,22.5729601,10.78022633,0,2483.0234299992294,0.0,48.53905784,El Goloso,Fuencarral - El Pardo,0.264357108688537,0.9038495430398549,1.6868501221078074,39719,2158.37677419932,3852.213718652044,False,False,False,False,False
10,101,10002,491.67227895,39.07973777,16.27906977,13.00211416,24.3902439,79.87012987,125.20325203,41.40508221,92.24137931,91.52542373,81.63265306,17.37773153,29.76066597,13.42351717,28,1.9545539603291862,14.325519053607627,13.00211416,Los Cármenes,Latina,100.0,100.0,100.0,31,15.491084532627255,27.62632259297098,True,False,False,False,False
10,101,10001,190.52022934,42.67782904,14.1991342,19.13419913,33.4841629,134.75609756,74.2081448,50.0,89.65517241,56.25,69.81132075,27.9209622,40.12027491,20.96219931,10,6.109587438751386,1.636771729719887,19.13419913,Los Cármenes,Latina,89.2156862745098,100.0,100.0,102,48.37347952401991,103.45672757681753,True,False,False,False,False
10,101,10005,260.14096581,41.6439993,14.21568627,15.82633053,28.76106195,111.33004926,89.82300885,42.94294294,94.35797665,47.11538462,93.10344828,23.83275261,40.06968641,17.4912892,10,5.516239995253194,1.8128290300286332,15.82633053,Los Cármenes,Latina,74.44444444444444,100.0,100.0,90,68.25361868493316,127.69715597892915,True,False,False,False,False
10,101,10003,298.03944097,40.07128983,15.29100529,14.70899471,25.17985612,96.19377163,103.95683453,42.85714286,104.48222566,65.06849315,114.63414634,25.31446541,37.15932914,21.12159329,33,6.40183726618586,5.154770205469627,14.70899471,Los Cármenes,Latina,91.83673469387756,100.0,100.0,98,50.40460861646088,95.94014178705139,True,False,False,False,False
10,101,10007,574.97308709,39.94847177,12.76058117,12.06569804,37.17277487,94.55445545,105.7591623,33.02521008,107.31707317,64.83516484,92.1875,31.05395232,49.62358846,25.34504391,0,2.7723036708667714,0.0,12.06569804,Los Cármenes,Latina,64.44444444444444,100.0,100.0,45,85.06945691544637,122.95311499143213,True,False,False,False,False
10,101,10010,688.63527443,46.05467475,10.61946903,25.11061947,28.1938326,236.45833333,42.2907489,55.59380379,98.29351536,56.36363636,84.61538462,25.46857773,35.06063947,16.64829107,14,1.3170977928152354,10.629430917256075,25.11061947,Los Cármenes,Latina,,,,21,,,False,False,False,False,False
10,101,10009,672.53987212,43.64860423,11.68113654,17.9952644,43.85964912,154.05405405,64.9122807,42.19977553,87.97468354,68.65671642,102.38095238,29.70219436,47.02194357,21.23824451,0,1.8972852806381768,0.0,17.9952644,Los Cármenes,Latina,96.7741935483871,100.0,100.0,31,48.43975330192585,79.29461520211586,True,False,False,False,False
10,101,10008,516.05076386,40.74262947,12.0585702,13.43669251,30.76923077,111.42857143,89.74358974,34.21965318,106.44391408,57.14285714,121.05263158,33.64565588,50.68143101,26.49063032,0,2.2749699878772716,0.0,13.43669251,Los Cármenes,Latina,56.41025641025641,100.0,100.0,39,96.96203380666562,125.18553705920795,True,False,False,False,False
10,101,10011,297.11264197,44.34523454,12.45136187,18.02853437,37.41007194,144.79166667,69.0647482,43.84328358,84.19243986,28.0,106.89655172,11.72680412,19.58762887,6.18556701,2,2.6118040445678075,0.7657542318918314,18.02853437,Los Cármenes,Latina,100.0,100.0,100.0,43,45.804650004235825,66.6355182618648,True,False,False,False,False
10,101,10012,386.04925384,46.30536094,10.01031992,23.32301342,40.7079646,232.98969072,42.92035398,50.0,95.75757576,41.66666667,113.33333333,11.14519427,21.37014315,6.23721881,7,2.533355498723365,2.7631337187092426,23.32301342,Los Cármenes,Latina,100.0,100.0,100.0,40,36.57525864551569,55.61523681518924,True,False,False,False,False
10,101,10006,37.47179339,41.85985067,13.15280464,13.4622824,25.57471264,102.35294118,97.70114943,36.26779125,76.46511628,56.97211155,85.71428571,18.92514395,27.60076775,12.39923225,350,69.51895717788858,5.034597960156429,13.4622824,Los Cármenes,Latina,86.75675675675676,96.03603603603604,99.81981981981983,1110,38.39525105479244,113.02160461912854,False,False,False,False,False
10,102,10020,84.87980775,43.73495293,9.29152149,18.23461092,41.40127389,196.25,50.95541401,37.98076923,101.29032258,53.7037037,123.80952381,20.32146958,34.32835821,11.59586682,103,10.261568953741698,10.037451433042595,18.23461092,Puerta del Ángel,Latina,100.0,100.0,100.0,164,28.09908736545385,66.20236673906949,False,False,False,False,False
10,102,10021,419.87831421,44.28526153,8.95833333,18.61111111,36.94029851,207.75193798,48.13432836,38.063279,97.16446125,51.85185185,68.08510638,24.56985547,36.95801789,16.10461115,12,3.4605264211598756,3.4676805027767776,18.61111111,Puerta del Ángel,Latina,91.07142857142857,100.0,100.0,56,55.452667822772845,93.26029326886541,True,False,False,False,False
10,102,10015,317.90692295,45.26278655,8.28729282,18.2320442,43.72294372,220.0,45.45454545,36.09022556,90.77868852,44.85981308,70.96774194,20.5629398,33.62001564,15.63721658,29,4.023190146802215,7.20821013718437,18.2320442,Puerta del Ángel,Latina,100.0,100.0,100.0,64,27.23869082423915,63.20221935188521,True,False,False,False,False
10,102,10014,411.26492524,49.31534815,9.38271605,32.59259259,13.63636364,347.36842105,28.78787879,72.34042553,82.87937743,33.33333333,72.0,7.03703704,13.20987654,2.59259259,0,1.9695333841637057,0.0,32.59259259,Puerta del Ángel,Latina,100.0,100.0,100.0,32,54.13379421350637,71.34847009163764,True,False,False,False,False
10,102,10024,556.46599921,42.06770678,9.20471281,16.27393225,32.57918552,176.8,56.56108597,34.18972332,122.41758242,59.09090909,97.36842105,31.36396791,45.22246535,19.91247265,0,2.4637623896876453,0.0,16.27393225,Puerta del Ángel,Latina,2.564102564102564,66.66666666666666,100.0,39,139.5306955831606,163.13763865393938,True,False,False,False,False
10,102,10027,461.46333734,43.65142135,9.05874027,15.92356688,32.44444444,175.78125,56.88888889,33.30188679,97.0260223,32.03883495,92.30769231,24.36797753,38.83426966,16.78370787,10,3.0858356120001202,3.240613324025509,15.92356688,Puerta del Ángel,Latina,100.0,100.0,100.0,50,36.54541253407422,68.88659964170976,True,False,False,False,False
10,102,10025,394.04138465,42.78986489,8.83977901,16.17995264,34.14634146,183.03571429,54.63414634,33.36842105,117.39130435,34.14634146,76.92307692,23.56637863,37.54909662,17.75333857,3,3.2306251312942402,0.928612846764475,16.17995264,Puerta del Ángel,Latina,38.88888888888889,59.25925925925925,100.0,54,143.58238212985952,180.66331636030432,True,False,False,False,False
10,102,10023,355.74156154,41.92557143,9.88184748,15.25241676,33.8028169,154.34782609,64.78873239,33.57245337,113.80368098,56.25,100.0,32.19616205,45.09594883,22.49466951,5,2.6367456080575193,1.8962769805022948,15.25241676,Puerta del Ángel,Latina,80.95238095238095,100.0,100.0,42,66.375591632701,112.40465216658455,True,False,False,False,False
10,102,10022,479.11998418,41.30612007,9.1237579,14.72448058,25.76687117,161.38613861,61.96319018,31.31672598,127.22371968,82.60869565,72.72727273,32.70609319,49.19354839,22.84946237,1,2.3292704058736016,0.42931898223510306,14.72448058,Puerta del Ángel,Latina,100.0,100.0,100.0,37,55.55022874782097,87.16778226651626,True,False,False,False,False
10,102,10018,479.76641864,42.95644584,6.20689655,15.86206897,36.95652174,255.55555556,39.13043478,28.31858407,122.29508197,50.0,65.0,31.69897377,47.43443558,18.1299886,8,1.8279728758226437,4.376432553136083,15.86206897,Puerta del Ángel,Latina,100.0,100.0,100.0,30,28.15573118345559,55.42585079965293,True,False,False,False,False
10,102,10013,127.02868105,48.54992582,11.89488243,29.18395574,28.90995261,245.34883721,40.75829384,69.71830986,59.5505618,29.62962963,73.52941176,7.82967033,14.28571429,3.02197802,9,5.730989206324854,1.5704095184941875,29.18395574,Puerta del Ángel,Latina,90.81632653061224,100.0,100.0,98,46.14955773224251,97.32791447623123,True,False,False,False,False
10,102,10016,379.7864327,44.60757143,11.05341246,20.3264095,40.87591241,183.89261745,54.37956204,45.72972973,87.62677485,50.60240964,83.63636364,17.23122239,28.42415317,10.67746686,18,3.575693819152126,5.033988062285542,20.3264095,Puerta del Ángel,Latina,100.0,100.0,100.0,58,45.67662208372528,75.13682706170088,True,False,False,False,False
10,102,10026,173.3907184,45.80785158,7.92811839,20.82452431,36.54822335,262.66666667,38.07106599,40.35608309,90.93484419,50.0,116.66666667,17.89473684,27.78947368,10.0,15,5.47895532569278,2.7377481852534253,20.82452431,Puerta del Ángel,Latina,100.0,100.0,100.0,87,43.712470760210074,71.5039173527457,True,False,False,False,False
10,102,10017,171.55306981,46.40048783,12.00406918,25.83926755,34.64566929,215.25423729,46.45669291,60.98360656,85.97560976,56.4516129,116.12903226,14.58966565,22.08713273,8.20668693,13,5.753321704467669,2.2595642426713276,25.83926755,Puerta del Ángel,Latina,78.26086956521739,100.0,100.0,92,79.04499343717816,113.59128855443683,True,False,True,False,False
09,091,09084,181.58462479,45.32620597,6.41399417,25.0728863,37.98449612,390.90909091,25.58139535,45.95744681,137.37373737,163.46153846,68.0,20.98171319,28.29643888,10.68334937,38,5.721849980223542,6.641208722937439,25.0728863,Casa de Campo,Moncloa - Aravaca,98.88888888888889,100.0,100.0,90,31.526082039566436,72.45082176678837,True,False,False,False,False
09,091,09095,484.13088829,49.71939747,7.33067729,30.59760956,27.08333333,417.39130435,23.95833333,61.10397946,83.29411765,31.30434783,113.63636364,6.96753761,13.69754553,2.92953286,10,2.608798633874175,3.833182013419557,30.59760956,Casa de Campo,Moncloa - Aravaca,100.0,100.0,100.0,40,26.70884209957771,48.68218540481417,True,False,False,False,False
09,092,09018,360.70268501,46.05424526,11.03253182,24.3281471,33.43023256,220.51282051,45.34883721,54.70459519,89.62655602,48.0,128.57142857,16.37385805,25.509487,5.4111033,20,3.94507737016387,5.069609065529998,24.3281471,Argüelles,Moncloa - Aravaca,100.0,100.0,100.0,64,23.300515040855117,48.19150787887454,True,False,False,False,False
09,092,09017,361.58495517,46.38275045,7.83956244,24.06563355,39.01515152,306.97674419,32.57575758,46.854083,106.35359116,48.64864865,110.71428571,18.42105263,27.13248639,6.98729583,3,3.0476931748466605,0.9843510576326109,24.06563355,Argüelles,Moncloa - Aravaca,65.3061224489796,100.0,100.0,49,70.25159751208965,125.34357499107192,True,False,False,False,False
09,092,09020,421.18514252,47.41057889,9.82905983,25.0,32.47863248,254.34782609,39.31623932,53.44262295,84.84848485,46.57534247,95.45454545,13.64605544,23.56076759,4.15778252,7,2.2270491176333382,3.143172705341509,25.0,Argüelles,Moncloa - Aravaca,100.0,100.0,100.0,36,29.38702866062405,62.5795928552008,True,False,False,False,False
09,092,09021,314.61281603,48.44698743,7.60233918,29.43469786,29.47019868,387.17948718,25.82781457,58.82352941,92.8358209,29.11392405,80.0,14.31334623,23.69439072,5.51257253,12,3.286579399616065,3.6512125650765745,29.43469786,Argüelles,Moncloa - Aravaca,100.0,100.0,100.0,52,24.686289506611068,49.40683314337988,True,False,False,False,False
09,092,09019,284.99552831,50.97280264,9.21139828,33.33333333,45.92445328,361.8705036,27.63419483,74.04844291,82.14285714,51.02040816,75.55555556,12.93729373,20.72607261,5.34653465,8,5.315872880477806,1.5049268821644466,33.33333333,Argüelles,Moncloa - Aravaca,97.61904761904762,100.0,100.0,84,42.394189986225115,85.88520521727631,True,False,False,False,False
09,092,09024,379.90408256,43.98825718,11.94225722,24.01574803,28.41530055,201.0989011,49.72677596,56.14754098,114.97797357,102.43902439,56.25,16.84073107,26.76240209,6.39686684,9,2.0162984162757147,4.463624990899816,24.01574803,Argüelles,Moncloa - Aravaca,100.0,100.0,100.0,30,25.014361805382393,45.51641880963436,True,False,False,False,False
09,092,09022,307.37756541,46.85132442,8.13308688,25.8780037,32.5,318.18181818,31.42857143,51.61290323,103.13390313,79.66101695,100.0,17.58747698,25.78268877,6.90607735,6,3.533114066278013,1.69821859341234,25.8780037,Argüelles,Moncloa - Aravaca,93.10344827586206,100.0,100.0,58,45.0682011648165,97.02474803876616,True,False,False,False,False
09,092,09025,575.51772625,44.8926339,10.68548387,21.16935484,33.33333333,198.11320755,50.47619048,46.74556213,93.14285714,32.29166667,88.57142857,16.24874624,26.47943831,6.82046138,9,1.7323532439322606,5.195245272015621,21.16935484,Argüelles,Moncloa - Aravaca,,,,29,,,False,False,False,False,False
09,091,09081,162.88942432,49.08268902,8.84749709,30.03492433,27.13178295,339.47368421,29.45736434,63.61904762,78.57142857,32.8125,36.36363636,6.82080925,15.60693642,1.96531792,17,5.310350893513624,3.201295044507286,30.03492433,Casa de Campo,Moncloa - Aravaca,100.0,100.0,100.0,85,41.246111332176284,77.11566106317686,True,False,False,False,False
09,092,09026,757.8798459,43.2366251,9.94152047,17.54385965,33.33333333,176.47058824,56.66666667,37.90322581,100.0,76.38888889,66.66666667,24.18952618,34.33083957,13.71571072,0,1.5873228540204753,0.0,17.54385965,Argüelles,Moncloa - Aravaca,,,,24,,,False,False,False,False,False
09,092,09023,451.51889711,42.74053672,7.65331982,19.10795743,32.09549072,249.66887417,40.0530504,36.53979239,146.58703072,79.09090909,108.69565217,29.12474849,41.54929577,16.70020121,9,4.40291649525116,2.044099634800501,19.10795743,Argüelles,Moncloa - Aravaca,100.0,100.0,100.0,71,35.259954056255324,65.39653767598107,True,False,False,False,False
09,092,09029,339.04688387,45.53336141,13.3726647,23.89380531,31.6872428,178.67647059,55.96707819,59.40438871,79.21348315,62.5,83.72093023,9.10871694,14.20176298,3.33006856,7,3.011382934246799,2.3245134055828163,23.89380531,Argüelles,Moncloa - Aravaca,100.0,100.0,100.0,49,35.48133311964651,59.66334960610014,True,False,False,False,False
09,092,09030,316.26859704,48.02354872,11.97749196,28.21543408,39.03133903,235.5704698,42.45014245,67.20430108,77.14285714,35.22727273,97.56097561,11.42172524,21.72523962,4.79233227,18,3.9586604920767887,4.546992609249211,28.21543408,Argüelles,Moncloa - Aravaca,100.0,100.0,100.0,65,25.877588082592997,44.03326253213761,True,False,False,False,False
09,092,09031,158.91496025,49.34310779,10.29900332,30.3986711,39.3442623,295.16129032,33.87978142,68.62745098,86.91099476,27.27272727,166.66666667,11.77446103,17.41293532,4.31177446,4,3.79448227568056,1.0541622570321743,30.3986711,Argüelles,Moncloa - Aravaca,81.66666666666667,100.0,100.0,60,63.787413303744096,110.8923512468843,True,False,False,False,False
09,092,09028,163.32227931,46.58722524,8.86637112,24.00253325,45.91029024,270.71428571,36.93931398,48.96226415,103.45489443,57.84313725,87.23404255,16.59305994,24.47949527,6.43533123,31,9.704738426811637,3.1943158729920182,24.00253325,Argüelles,Moncloa - Aravaca,92.20779220779221,100.0,100.0,154,37.06208023003205,89.62459959332342,True,False,False,False,False
09,093,09035,447.52359096,48.04675278,11.40939597,31.65548098,37.45583039,277.45098039,36.04240283,75.63850688,95.76923077,79.59183673,75.0,6.23608018,12.47216036,2.56124722,9,2.006598128292071,4.48520302750427,31.65548098,Ciudad Universitaria,Moncloa - Aravaca,100.0,100.0,100.0,30,25.15839362281249,56.473286825916354,True,False,False,False,False
09,093,09036,432.98785631,42.67362619,11.39351446,20.68361087,30.50847458,181.53846154,55.08474576,47.22580645,127.27272727,55.2238806,114.70588235,12.92281006,20.12142238,7.71899393,16,2.662892234032827,6.008504510814822,20.68361087,Ciudad Universitaria,Moncloa - Aravaca,100.0,100.0,100.0,44,36.930673671176734,64.713628116088,True,False,False,False,False
09,093,09034,289.96322769,45.08525733,12.46987952,24.03614458,40.85213033,192.75362319,51.87969925,57.49525617,101.91570881,72.16494845,72.60273973,9.69479354,14.4823459,4.84739677,10,5.762799694598599,1.7352676702216243,24.03614458,Ciudad Universitaria,Moncloa - Aravaca,82.6086956521739,100.0,100.0,92,52.47889480510803,107.69250287139253,True,False,False,False,False
09,097,09088,98.08010884,40.44178784,16.65360502,14.81191223,23.28042328,88.94117647,112.43386243,45.91194969,80.49535604,74.74747475,109.23076923,12.04026326,19.66705381,6.00077429,29,26.97464332861396,1.075083723877735,14.81191223,Aravaca,Moncloa - Aravaca,53.70370370370371,84.49074074074075,94.44444444444444,432,89.37595014778802,164.20479350384943,False,False,False,False,False
09,097,09094,262.66482519,40.87747815,14.4343303,13.52405722,25.48076923,93.69369369,106.73076923,38.80866426,76.15262321,73.38709677,98.50746269,7.71208226,13.36760925,2.9562982,0,5.923899398785969,0.0,13.52405722,Aravaca,Moncloa - Aravaca,18.556701030927837,56.70103092783505,88.65979381443299,97,144.33974365987928,200.6413948970649,True,False,False,False,False
09,097,09083,81.71259848,38.33572099,16.29179331,13.31306991,47.94520548,81.71641791,122.37442922,42.0552677,109.02527076,231.57894737,91.35802469,19.42273001,25.01503307,8.53878533,42,20.406694142889293,2.058148159908345,13.31306991,Aravaca,Moncloa - Aravaca,66.15853658536585,82.01219512195121,92.98780487804879,328,63.80442798518227,180.76396167689254,False,False,False,False,False
09,097,09085,86.77258369,42.93227622,13.55599214,19.25343811,10.88435374,142.02898551,70.40816327,48.83040936,83.21428571,43.90243902,71.79487179,6.64495114,12.5732899,2.34527687,31,17.76761291423139,1.744747600572152,19.25343811,Aravaca,Moncloa - Aravaca,75.98566308243727,98.2078853046595,100.0,279,66.97055018481629,120.34706618697025,False,False,False,False,False
09,097,09079,22.90039663,52.41998185,11.30760986,43.78349411,13.21909425,387.20379147,25.82619339,122.67303103,68.61167002,35.48387097,73.68421053,4.85851575,9.0763481,1.70848905,92,82.15943469710317,1.1197740142586912,43.78349411,Aravaca,Moncloa - Aravaca,47.103658536585364,64.71036585365853,77.89634146341463,1312,107.96845176256366,262.1908749232497,False,False,False,False,False
09,097,09080,69.97502325,41.77536456,16.71695836,17.98430899,19.79865772,107.58122744,92.95302013,53.14232902,72.29299363,76.2962963,90.58823529,6.68257757,12.64916468,2.92362768,68,23.95140370239307,2.8390820364823077,17.98430899,Aravaca,Moncloa - Aravaca,69.27083333333334,85.15625,94.53125,384,68.49842414772434,170.85249446428628,False,False,False,False,False
09,093,09037,99.57889814,44.19875443,10.93495935,23.45528455,36.22183709,214.49814126,46.62045061,52.41635688,122.00825309,95.45454545,71.42857143,10.90982287,16.22383253,5.63607085,102,24.94504404562995,4.088988570772601,23.45528455,Ciudad Universitaria,Moncloa - Aravaca,83.0,99.75,100.0,400,52.04849532911439,114.02374343323032,False,False,False,False,False
09,097,09092,26.38200234,41.49018793,15.78431373,15.19607843,21.93548387,96.27329193,103.87096774,44.88636364,81.9121447,41.37931034,137.83783784,7.30282376,12.07400195,3.21324245,196,38.95341650606847,5.031651074032635,15.19607843,Aravaca,Moncloa - Aravaca,90.09584664536742,99.84025559105432,100.0,626,33.531630080687336,99.71841386568258,False,False,False,False,False
09,093,09038,176.10601226,50.09148359,12.59079903,35.18966909,33.94495413,279.48717949,35.77981651,91.4992272,68.05194805,55.71428571,84.44444444,8.56685348,14.57165733,3.52281825,2,7.092318904627688,0.2819952157953605,35.18966909,Ciudad Universitaria,Moncloa - Aravaca,89.56521739130436,100.0,100.0,115,62.67852343571743,99.65879434034592,True,False,False,False,False
09,093,09039,246.94445148,48.49586303,10.2425876,29.29020665,33.43558282,285.96491228,34.96932515,65.47619048,83.60655738,49.29577465,63.41463415,6.52951699,12.25402504,3.48837209,11,4.527333954253533,2.429686016350804,29.29020665,Ciudad Universitaria,Moncloa - Aravaca,93.24324324324324,100.0,100.0,74,43.844966674306335,93.4120334771525,True,False,False,False,False
09,093,09040,153.57704919,48.32569508,9.89010989,26.92307692,53.46938776,272.22222222,36.73469388,58.26086957,92.95302013,48.33333333,93.33333333,9.72677596,17.04918033,6.55737705,11,5.9579214785118415,1.8462814657214246,26.92307692,Ciudad Universitaria,Moncloa - Aravaca,98.94736842105263,100.0,100.0,95,57.45506950628177,86.64813528436017,True,False,False,False,False
09,097,09077,239.87506735,42.24053082,16.22060016,19.7891322,31.55737705,122.0,81.96721311,56.27376426,83.48837209,88.73239437,84.375,21.69735789,29.86389111,10.56845476,31,5.206877120695732,5.953664601913602,19.7891322,Aravaca,Moncloa - Aravaca,100.0,100.0,100.0,81,34.218306284776205,64.80129782561501,True,False,False,False,False
09,097,09089,56.11157644,41.94308669,14.17029211,16.71845867,30.85501859,117.98245614,84.75836431,44.6942446,88.15566836,99.25373134,87.5,7.30650155,12.07430341,3.9628483,7,28.737710773063014,0.24358238049223374,16.71845867,Aravaca,Moncloa - Aravaca,39.78260869565217,62.39130434782608,81.73913043478261,460,119.8145917110536,229.88636193878364,False,False,False,False,False
09,097,09076,305.08680484,43.83969137,12.25259189,19.41564562,33.98058252,158.46153846,63.10679612,46.34482759,90.28871391,47.45762712,102.7027027,27.95497186,43.05816135,18.38649156,20,3.4940875287746356,5.723955062743929,19.41564562,Aravaca,Moncloa - Aravaca,100.0,100.0,100.0,57,45.882982520660086,82.25383987838985,True,False,False,False,False
09,097,09074,157.330764,43.93272676,13.43570058,21.17722329,37.46223565,157.61904762,63.44410876,52.93542074,88.56088561,65.97938144,126.31578947,19.60784314,27.07147375,8.91840607,76,10.048892917125334,7.563022178341727,21.17722329,Aravaca,Moncloa - Aravaca,100.0,100.0,100.0,161,28.638707547788446,63.43052985010111,True,False,False,False,False
09,094,09069,210.25166302,44.60903234,8.82708585,20.55622733,42.94117647,232.87671233,42.94117647,41.60958904,118.72659176,47.16981132,57.69230769,21.31736527,31.61676647,14.97005988,1,3.971431131666234,0.25179839882567595,20.55622733,Valdezarza,Moncloa - Aravaca,90.625,100.0,100.0,64,60.10142216574587,98.10980883035752,True,False,False,False,False
09,097,09073,74.05064049,39.29888645,18.94273128,13.95007342,24.73684211,73.64341085,135.78947368,49.01531729,90.81419624,95.91836735,68.57142857,8.79120879,14.21245421,4.61538462,1,18.408297261319195,0.05432332962708453,13.95007342,Aravaca,Moncloa - Aravaca,4.4520547945205475,8.904109589041095,20.89041095890411,292,270.12175930523404,345.4962931681367,False,False,False,False,False
09,094,09068,356.13886366,44.73816998,10.29143898,23.22404372,32.15686275,225.66371681,44.31372549,50.4109589,119.21921922,38.23529412,113.33333333,21.60940325,36.34719711,15.7323689,15,3.1055302098810116,4.830093087574481,23.22404372,Valdezarza,Moncloa - Aravaca,100.0,100.0,100.0,50,34.087716076321314,67.4954189187941,True,False,False,False,False
09,097,09087,42.49231089,39.63045919,17.84615385,16.57142857,25.72944297,92.85714286,107.69230769,52.51509054,100.94339623,125.1497006,81.9047619,8.37696335,16.09947644,5.14834206,26,53.93917044721986,0.4820244691275206,16.57142857,Aravaca,Moncloa - Aravaca,22.97921478060046,34.52655889145497,46.65127020785219,866,207.97992204004817,367.94656389847125,False,False,False,False,False
09,093,09033,1.77023005,43.32583333,5.43318649,24.59618209,24.7761194,452.7027027,22.08955224,42.96218487,193.82716049,211.82795699,70.0,27.65957447,36.75715334,10.34482759,395,769.956423225628,0.51301604621363,24.59618209,Ciudad Universitaria,Moncloa - Aravaca,16.788558426783684,24.451487079473427,32.22005525759792,12306,313.0343924360006,639.4728336402902,False,False,False,False,False
09,094,09067,342.62685554,43.11138985,11.22004357,17.32026144,32.0754717,154.36893204,64.77987421,39.93902439,103.09597523,48.38709677,129.62962963,24.83801296,42.22462203,18.03455724,12,2.7026486249856507,4.440088840651164,17.32026144,Valdezarza,Moncloa - Aravaca,100.0,100.0,100.0,43,42.74151377781372,71.02200188696129,True,False,False,False,False
09,097,09078,17.73430884,38.74656276,19.34398654,13.45668629,32.8125,69.56521739,143.75,48.81101377,92.99516908,138.62068966,69.04761905,10.58577406,18.82845188,6.27615063,119,134.7670225976731,0.8830053354762967,13.45668629,Aravaca,Moncloa - Aravaca,29.102742910274294,44.76987447698745,59.18177591817759,2151,168.12526907078637,369.48778843143026,False,False,False,False,False
09,094,09070,48.58720579,42.36513298,18.49315068,17.57990868,55.41125541,95.0617284,105.19480519,56.42857143,71.7791411,34.61538462,85.71428571,8.03906837,13.29827198,3.68144252,197,27.394042906406604,7.191344507747993,17.57990868,Valdezarza,Moncloa - Aravaca,91.5909090909091,99.77272727272727,100.0,440,33.92241419457319,95.14130609986042,False,False,False,False,False
09,094,09058,618.39245937,46.49385178,11.02284012,22.7408143,52.40174672,206.30630631,48.47161572,50.97451274,84.76454294,57.69230769,91.42857143,18.28063241,34.38735178,13.04347826,3,1.636501197039491,1.8331792273828724,22.7408143,Valdezarza,Moncloa - Aravaca,,,,27,,,False,False,False,False,False
09,094,09066,375.58123144,43.7801495,11.0367893,19.84392419,43.25842697,179.7979798,55.61797753,44.67741935,110.16949153,59.64912281,64.51612903,21.81616833,35.65891473,14.28571429,0,2.4042734950664926,0.0,19.84392419,Valdezarza,Moncloa - Aravaca,86.8421052631579,100.0,100.0,38,71.2163868855354,101.60052050903292,True,False,False,False,False
09,094,09065,737.91096112,42.58266058,12.80353201,16.26195732,50.67873303,127.01149425,78.73303167,40.97510373,97.54098361,61.97183099,93.47826087,20.51094891,36.42335766,14.45255474,5,1.8565925594981652,2.693105697542758,16.26195732,Valdezarza,Moncloa - Aravaca,100.0,100.0,100.0,31,37.0665806350271,65.99853483210431,True,False,False,False,False
09,094,09061,379.55558802,41.49743792,14.42400774,16.65053243,40.11627907,115.43624161,86.62790698,45.08426966,111.27596439,41.79104478,108.69565217,19.63426372,31.85755534,15.5919153,22,2.7374119438302458,8.036788196816708,16.65053243,Valdezarza,Moncloa - Aravaca,100.0,100.0,100.0,43,23.12519405404369,37.50477558277053,True,False,False,False,False
09,094,09057,374.7700042,48.07895059,8.64864865,25.18918919,50.21459227,291.25,34.33476395,51.14379085,89.47368421,41.33333333,147.61904762,14.07089151,28.03437164,9.77443609,23,2.484190275561685,9.258550049995511,25.18918919,Valdezarza,Moncloa - Aravaca,100.0,100.0,100.0,44,21.013545194676745,37.67434906254785,True,False,False,False,False
09,094,09064,195.22161985,43.53341055,12.50744491,18.76116736,44.44444444,150.0,66.66666667,45.49393414,111.74311927,35.07462687,84.12698413,21.80094787,34.18246445,15.75829384,38,8.646583310138176,4.394799499062797,18.76116736,Valdezarza,Moncloa - Aravaca,100.0,100.0,100.0,135,24.87402058319642,53.10212234969484,True,False,False,False,False
09,097,09075,36.85595629,42.52490675,15.13473606,18.16168328,36.99186992,120.0,83.33333333,49.91698949,86.86659772,91.71270718,65.35433071,12.81204112,22.35682819,6.13069016,48,73.9093562363498,0.6494441630164387,18.16168328,Aravaca,Moncloa - Aravaca,35.756551141166526,52.74725274725275,70.2451394759087,1183,142.51594507297278,264.3006800000622,False,False,False,False,False
09,093,09041,47.22800764,44.15781725,13.35877863,21.31952017,34.27109974,159.59183673,62.65984655,53.0884808,86.31415241,70.89552239,97.33333333,13.61171367,21.90889371,8.18872017,25,39.04462822311943,0.6402929452199725,21.31952017,Ciudad Universitaria,Moncloa - Aravaca,31.680000000000003,44.96,53.28000000000001,625,181.19538441155305,423.28698092987605,False,False,False,False,False
09,094,09054,524.66971071,46.21026074,10.49926579,23.1277533,53.96825397,220.27972028,45.3968254,50.71982281,93.36188437,56.84210526,97.6744186,20.23289665,31.07714702,15.21106259,19,2.6187903969748136,7.255258008410489,23.1277533,Valdezarza,Moncloa - Aravaca,100.0,100.0,100.0,36,28.83587843907342,53.79946935812723,True,False,False,False,False
09,097,09096,49.88251863,32.68938732,31.68114461,6.7961165,24.06015038,21.4516129,466.16541353,62.54152824,65.38461538,146.37681159,83.33333333,12.37424547,19.71830986,4.6277666,48,40.23064026675356,1.1931204594739448,6.7961165,Aravaca,Moncloa - Aravaca,36.46153846153846,63.38461538461539,82.0,650,124.73550336140949,228.70141957033653,False,False,False,False,False
09,094,09060,387.48894664,47.17774231,8.50515464,23.06701031,51.67597765,271.21212121,36.87150838,46.18284637,88.45470693,56.25,86.04651163,15.88725176,29.59641256,10.44202434,48,4.02850200901837,11.91509893567019,23.06701031,Valdezarza,Moncloa - Aravaca,100.0,100.0,100.0,65,32.423610224934734,62.92932739266658,True,False,False,False,False
09,094,09063,207.00935816,44.49009327,11.8622449,21.10969388,33.5347432,177.95698925,56.19335347,49.19124643,89.02877698,60.55045872,65.07936508,15.41878173,27.15736041,10.40609137,33,7.613182389644112,4.334586814167029,21.10969388,Valdezarza,Moncloa - Aravaca,95.0413223140496,100.0,100.0,121,54.29106804086922,84.82319611912301,True,False,False,False,False
09,094,09055,283.08125831,51.18451915,10.79545455,37.12121212,31.63265306,343.85964912,29.08163265,92.0,72.23382046,47.19101124,66.12903226,6.65411174,13.81042059,2.8876334,22,5.627359471048224,3.909471238364305,37.12121212,Valdezarza,Moncloa - Aravaca,97.77777777777777,100.0,100.0,90,33.405686790443696,77.89898346100517,True,False,False,False,False
09,094,09056,203.02956394,48.88704732,10.89774364,31.58905425,26.74772036,289.86784141,34.49848024,73.87312187,75.91776799,51.96850394,103.125,7.83938815,14.6749522,3.58508604,28,10.30391810647586,2.7174129016419895,31.58905425,Valdezarza,Moncloa - Aravaca,72.72727272727273,95.75757575757575,100.0,165,64.62755394586462,135.87795357049117,True,False,True,False,False
09,094,09053,184.17137164,43.64107684,10.46892039,16.57579062,26.31578947,158.33333333,63.15789474,37.07025411,88.98305085,38.94736842,103.125,6.6017316,13.0952381,2.81385281,4,5.017066397234633,0.7972786651188766,16.57579062,Valdezarza,Moncloa - Aravaca,78.57142857142857,100.0,100.0,84,72.59628673647617,106.80625605381356,True,False,False,False,False
09,093,09044,109.6260314,43.92487056,15.69255404,23.13851081,40.1384083,147.44897959,67.8200692,63.48167539,74.03189066,123.07692308,78.46153846,10.02367798,17.52170481,6.39305446,5,11.55747393081147,0.43262048696214894,23.13851081,Ciudad Universitaria,Moncloa - Aravaca,55.13513513513514,85.4054054054054,98.37837837837839,185,86.80008627902849,160.14678798807236,True,False,False,False,False
09,094,09049,374.84541522,45.94309131,14.38721137,27.61989343,31.18971061,191.97530864,52.09003215,72.43491577,82.91316527,63.63636364,82.0,13.2572432,22.91483758,10.18437226,10,3.0385859177258205,3.2910045234081564,27.61989343,Valdezarza,Moncloa - Aravaca,98.0392156862745,100.0,100.0,51,37.417656260450514,81.45949791167666,True,False,False,False,False
09,094,09090,193.58785408,41.41356639,16.74375578,15.17113784,15.54878049,90.60773481,110.36585366,46.875,68.22857143,35.13513514,78.03030303,8.33333333,14.23992674,4.25824176,98,11.281699517548523,8.686634478037853,15.17113784,Valdezarza,Moncloa - Aravaca,98.9010989010989,100.0,100.0,182,31.772544593603282,70.81669527237867,True,False,False,False,False
09,094,09051,366.90449143,49.01026573,11.37957911,32.50194856,19.66426859,285.61643836,35.01199041,78.19444444,73.91304348,30.76923077,126.82926829,10.64491064,18.49261849,7.07070707,8,3.50772484409593,2.280680599410555,32.50194856,Valdezarza,Moncloa - Aravaca,89.28571428571429,100.0,100.0,56,48.661137258379775,99.4065626698829,True,False,False,False,False
09,094,09050,311.5776931,46.30153165,13.68909513,27.61020882,34.45378151,201.69491525,49.57983193,70.35573123,81.36200717,68.08510638,135.48387097,11.85270426,22.43958573,7.9401611,29,2.789031497629662,10.39787468325348,27.61020882,Valdezarza,Moncloa - Aravaca,100.0,100.0,100.0,43,22.412148492215795,46.745297449598965,True,False,False,False,False
09,095,09086,20.14848626,35.41830581,25.44476624,10.38477451,23.5059761,40.81300813,245.01992032,55.8349452,82.25616921,122.03389831,70.04405286,9.40310711,18.02943581,4.53802126,19,121.39869818489545,0.15650909181136508,10.38477451,Valdemarín,Moncloa - Aravaca,16.795466254507986,29.57238536836682,43.070582174137044,1941,223.9511484678581,407.693512948796,False,False,False,False,False
09,095,09091,25.8829372,39.78877918,21.24631992,14.47497547,55.25423729,68.12933025,146.77966102,55.57251908,71.01827676,125.0,96.94656489,9.34624697,15.93220339,4.26150121,92,79.78228994481455,1.1531381220523558,14.47497547,Valdemarín,Moncloa - Aravaca,32.8125,51.328125,69.765625,1280,145.32323145272545,279.25147472901386,False,False,False,False,False
09,094,09052,348.25059203,47.47429964,11.93717277,31.88481675,17.89819376,267.10526316,37.43842365,78.0055918,86.93379791,69.07216495,88.0,10.52358735,17.98859513,6.58372214,17,5.539114775835393,3.069082459558912,31.88481675,Valdezarza,Moncloa - Aravaca,91.95402298850574,100.0,100.0,87,42.11385638984914,93.88590023666058,True,False,False,False,False
09,093,09045,235.26663285,41.81936981,20.32442748,22.61450382,26.16033755,111.26760563,89.87341772,75.25083612,80.12048193,73.33333333,112.67605634,7.0754717,12.26415094,3.67924528,0,4.505526292241901,0.0,22.61450382,Ciudad Universitaria,Moncloa - Aravaca,6.756756756756757,18.91891891891892,36.486486486486484,74,230.28542243229612,288.7098444307607,True,False,False,False,False
09,094,09082,349.12841401,49.65407831,11.2590799,32.44552058,33.20895522,288.17204301,34.70149254,77.6344086,72.22222222,39.21568627,54.28571429,12.77108434,20.24096386,9.03614458,29,2.3773487539107903,12.198462658158325,32.44552058,Valdezarza,Moncloa - Aravaca,100.0,100.0,100.0,38,17.571496522380805,40.538264754769955,True,False,False,False,False
09,094,09047,152.5000643,44.90707718,15.221843,25.7337884,27.5862069,169.05829596,59.15119363,69.36416185,77.61806982,77.46478873,71.79487179,11.5098172,21.05619499,5.34867976,5,9.685241818064474,0.5162493713553157,25.7337884,Valdezarza,Moncloa - Aravaca,32.05128205128205,57.692307692307686,75.0,156,135.6695969489104,243.46061929210282,True,True,True,True,True
09,094,09046,194.37472509,44.03899122,14.66519092,22.80022136,23.30097087,155.47169811,64.32038835,59.91150442,76.01246106,91.83673469,86.74698795,9.87383434,18.21173889,6.08886451,0,9.378791399520836,0.0,22.80022136,Valdezarza,Moncloa - Aravaca,39.726027397260275,65.75342465753424,84.24657534246576,146,117.63865033254078,221.20758586857377,True,False,False,False,False
09,095,09097,48.52742352,35.88615871,22.40300375,9.8873592,18.98734177,44.13407821,226.58227848,47.68946396,90.15817223,147.05882353,99.0,8.74147551,15.9950403,4.33973962,6,33.23893755136964,0.18051118483336617,9.8873592,Valdemarín,Moncloa - Aravaca,26.365348399246702,53.86064030131826,81.92090395480226,531,142.46024006801767,220.15732592873198,False,False,False,False,False
09,095,09071,16.49858037,39.51646426,19.98726926,14.83131763,24.46351931,74.20382166,134.7639485,53.41796875,78.08695652,120.38834951,68.47826087,11.19544592,19.73434535,5.75585073,32,95.82642653165253,0.3339371106511005,14.83131763,Valdemarín,Moncloa - Aravaca,15.0390625,26.106770833333332,37.82552083333333,1536,245.050959231965,388.2135182417006,False,False,False,False,False
09,096,09072,8.35204625,40.41175671,19.37075879,18.1369525,22.78911565,93.63057325,106.80272109,60.01974334,81.54121864,113.13131313,107.40740741,9.81707317,17.25609756,5.12195122,51,198.78839770622469,0.256554208336491,18.1369525,El Plantío,Moncloa - Aravaca,16.787401574803148,27.748031496062993,39.52755905511811,3175,245.58877254526072,443.9604548343354,False,False,False,False,False
09,093,09043,3.75640008,42.6014691,15.7635468,20.49261084,29.08653846,130.0,76.92307692,56.87789799,81.48667602,95.68965517,104.49438202,12.94403893,22.48175182,6.71532847,25,547.0663287635203,0.04569829778503279,20.49261084,Ciudad Universitaria,Moncloa - Aravaca,3.772290809327846,8.23045267489712,13.957475994513032,8748,450.49640958686314,765.755324678437,False,False,False,False,False
09,096,09093,9.72143489,42.28941026,17.75577558,20.79207921,28.25396825,117.10037175,85.3968254,62.72824919,83.62919132,82.14285714,65.97938144,11.37409599,19.92110454,4.73372781,26,156.59705084722083,0.16603122382787472,20.79207921,El Plantío,Moncloa - Aravaca,9.516193522590964,16.313474610155936,24.470211915233904,2501,348.25313088350964,649.5689118178761,False,False,False,False,False
10,104,10089,305.58094229,48.18510764,10.65801668,29.7497683,43.61370717,279.13043478,35.82554517,67.80715397,90.23668639,68.08510638,97.36842105,21.61913523,33.76264949,13.52345906,4,3.5571590029695335,1.1244928879088005,29.7497683,Aluche,Latina,86.4406779661017,100.0,100.0,59,61.997453173411884,101.58982045329631,True,False,False,False,False
10,104,10091,114.92929842,53.38871002,8.53788687,37.78014941,39.5480226,442.5,22.59887006,86.28230616,63.84364821,53.57142857,100.0,6.18336887,14.60554371,3.09168443,42,8.161539424004472,5.1460879888015825,37.78014941,Aluche,Latina,90.9090909090909,100.0,100.0,132,42.25995955790361,93.05136674504654,True,False,False,False,False
10,104,10094,750.89468233,41.90275715,13.72854914,15.91263651,39.21568627,115.90909091,86.2745098,42.1286031,92.32409382,57.74647887,79.66101695,33.9520495,49.11059551,26.68213457,0,1.7219458739447757,0.0,15.91263651,Aluche,Latina,,,,29,,,False,False,False,False,False
10,104,10088,269.71776814,48.94497995,11.16504854,30.58252427,48.94179894,273.91304348,36.50793651,71.66666667,81.36020151,62.66666667,97.05882353,17.40176423,29.67121091,11.70809944,5,4.623351322315374,1.081466592397309,30.58252427,Aluche,Latina,77.02702702702703,98.64864864864865,100.0,74,69.37002286919622,111.85804372773794,True,False,True,False,False
10,104,10090,264.43217637,51.46279722,11.03368177,36.81765389,40.3785489,333.68421053,29.96845426,91.96428571,81.37651822,53.33333333,68.96551724,11.34259259,18.05555556,5.55555556,2,3.2673784706362374,0.6121115193644989,36.81765389,Aluche,Latina,78.43137254901961,100.0,100.0,51,60.709505845381805,113.98250962238663,True,False,True,False,False
10,104,10092,246.89541965,47.68829017,9.53488372,26.39534884,48.45814978,276.82926829,36.12334802,56.07985481,93.33333333,68.18181818,110.0,20.0,31.90751445,15.83815029,0,3.503507684507968,0.0,26.39534884,Aluche,Latina,24.561403508771928,87.71929824561403,100.0,57,122.88888029510503,152.5620364404463,True,False,True,False,False
10,104,10095,478.28147263,46.82591582,10.10971787,24.13793103,46.42857143,238.75968992,41.88311688,52.08581645,83.99122807,89.09090909,87.5,26.34450507,42.71239283,20.18706157,7,2.6825208029790013,2.609485821033089,24.13793103,Aluche,Latina,100.0,100.0,100.0,41,49.845209399101485,79.51757604465772,True,False,False,False,False
10,104,10093,411.89074292,44.90973434,10.6010929,21.31147541,49.74358974,201.03092784,49.74358974,46.86998395,96.52996845,64.44444444,92.85714286,23.21814255,37.14902808,15.33477322,8,2.2481690009386,3.558451342697118,21.31147541,Aluche,Latina,86.11111111111111,100.0,100.0,36,57.47085172933304,101.37305554134824,True,False,False,False,False
10,104,10098,513.16546135,46.06270464,11.62988115,23.85398981,42.70462633,205.10948905,48.7544484,55.0,82.25419664,56.0,97.36842105,21.7721519,38.05907173,14.85232068,0,2.3091967196666383,0.0,23.85398981,Aluche,Latina,94.5945945945946,100.0,100.0,37,59.55733120224245,95.28687560386355,True,False,False,False,False
10,104,10099,256.01410203,49.04926959,9.84719864,28.86247878,43.52941176,293.10344828,34.11764706,63.15789474,77.83251232,39.74358974,112.12121212,19.62931761,30.41280539,14.32181971,2,4.636463345491209,0.4313632721684141,28.86247878,Aluche,Latina,55.714285714285715,82.85714285714286,97.14285714285714,70,88.65403152211141,167.47874168859883,True,False,True,False,False
10,104,10096,703.64863773,44.83530977,9.94832041,19.18604651,49.49494949,192.85714286,51.85185185,41.14963504,91.27399651,55.10204082,95.12195122,29.99357739,48.49068722,19.13937058,8,2.2127520988557317,3.6154072587421773,19.18604651,Aluche,Latina,100.0,100.0,100.0,34,35.44003147218385,60.80104270541392,True,False,False,False,False
10,104,10122,209.7450958,51.04374202,9.54032958,33.21769297,48.56396867,348.18181818,28.72062663,74.6969697,85.39325843,62.31884058,76.47058824,16.99741156,28.55910267,12.68334771,4,5.525754943471907,0.7238829881020286,33.21769297,Aluche,Latina,57.47126436781609,85.0574712643678,100.0,87,85.82269921162982,164.2440055552849,True,False,True,False,False
10,104,10110,622.51932486,45.34563514,12.13017751,19.8816568,54.76190476,163.90243902,61.01190476,47.08442124,77.86377709,40.17857143,75.36231884,26.49823737,41.71562867,18.56639248,7,2.7340516703997073,2.5603027462083876,19.8816568,Aluche,Latina,98.07692307692307,100.0,100.0,52,39.45193889716391,71.90249780004082,True,False,False,False,False
10,104,10100,397.63712644,46.84033824,12.51231527,27.29064039,35.37906137,218.11023622,45.84837545,66.12111293,85.15151515,66.66666667,42.85714286,18.92156863,32.35294118,13.1372549,0,2.5651528294901778,0.0,27.29064039,Aluche,Latina,0.0,0.0,21.27659574468085,47,236.92027055487753,284.9987653605582,True,True,True,True,True
10,104,10125,393.81297966,46.04979058,11.49273448,25.62747688,38.65979381,222.98850575,44.84536082,59.03361345,84.49612403,61.9047619,67.64705882,21.33507853,32.85340314,16.23036649,0,1.9400071593650023,0.0,25.62747688,Aluche,Latina,18.75,81.25,100.0,32,124.4123979639764,173.93512182006853,True,False,True,False,False
10,104,10113,589.48232916,44.98048691,11.96222455,20.98635887,44.0,175.43859649,57.0,49.13928013,86.84210526,39.3442623,150.0,26.59685864,41.57068063,16.64921466,8,1.6200655265823793,4.9380718673006125,20.98635887,Aluche,Latina,,,,23,,,False,False,False,False,False
10,104,10123,124.1834754,50.62025411,10.89108911,34.98349835,35.22012579,321.21212121,31.13207547,84.75609756,78.26086957,57.69230769,137.5,15.00547645,24.42497262,9.52902519,37,7.352024873255162,5.0326271520920445,34.98349835,Aluche,Latina,94.0677966101695,100.0,100.0,118,49.56222961978496,90.57900911490292,True,False,False,False,False
10,104,10112,757.73072371,44.79065662,10.22099448,19.24493554,48.32535885,188.28828829,53.11004785,41.77545692,83.69304556,55.93220339,117.85714286,33.24200913,49.04109589,20.3652968,5,1.4451043962475356,3.4599576424951497,19.24493554,Aluche,Latina,,,,23,,,False,False,False,False,False
10,104,10101,359.86879042,50.35279921,11.04477612,33.83084577,33.82352941,306.30630631,32.64705882,81.40794224,69.93865031,35.48387097,73.17073171,12.69685039,18.99606299,8.26771654,0,2.8232512155996625,0.0,33.83084577,Aluche,Latina,15.909090909090908,47.72727272727273,75.0,44,154.72592105063555,229.29706600740914,True,True,True,True,True
10,104,10124,343.36157875,43.58913184,13.88704319,19.80066445,42.61744966,142.58373206,70.13422819,50.80160321,85.50185874,74.35897436,88.52459016,27.09294661,44.75939354,19.97363217,0,4.418083134152956,0.0,19.80066445,Aluche,Latina,16.43835616438356,52.054794520547944,94.52054794520548,73,146.03299524482267,197.8829678268141,True,False,False,False,False
10,104,10109,231.93304971,53.05303698,9.34306569,38.39416058,45.62737643,410.9375,24.33460076,91.34078212,63.84439359,55.07246377,76.92307692,9.78970268,16.09862219,5.3662074,0,5.945681314953384,0.0,38.39416058,Aluche,Latina,36.666666666666664,74.44444444444444,94.44444444444444,90,114.1289351035649,180.52639691036833,True,True,True,False,False
10,104,10086,817.8235036,43.12888205,12.34213548,17.91044776,39.74358974,145.11627907,68.91025641,43.3744856,99.83552632,48.69565217,90.16393443,34.47293447,53.61823362,26.03988604,0,2.1459397929746387,0.0,17.91044776,Aluche,Latina,70.27027027027027,97.2972972972973,100.0,37,77.78054062635078,131.62141868055858,True,False,False,False,False
10,104,10114,732.03577561,43.60876486,11.54185022,16.82819383,47.64397906,145.80152672,68.58638743,39.60639606,88.63109049,66.29213483,65.85365854,28.58391608,45.89160839,19.23076923,10,1.5627651518072554,6.398914122467811,16.82819383,Aluche,Latina,,,,26,,,False,False,False,False,False
10,104,10102,155.02233919,49.58793276,13.36206897,35.77586207,31.3253012,267.74193548,37.34939759,96.61016949,84.375,75.0,138.0952381,16.73819742,21.7453505,12.30329041,0,4.509027561108215,0.0,35.77586207,Aluche,Latina,28.37837837837838,50.0,71.62162162162163,74,150.5847457863204,249.59262499935255,True,True,True,True,True
10,104,10115,579.87297663,45.51943622,12.54295533,21.47766323,52.4,171.23287671,58.4,51.5625,84.61538462,55.88235294,86.04651163,24.48979592,37.67006803,15.98639456,16,2.028030357346042,7.889428253400611,21.47766323,Aluche,Latina,100.0,100.0,100.0,33,30.433205548473392,55.408378304490775,True,False,False,False,False
10,104,10126,521.15739223,43.01201668,13.61981063,21.3401311,38.22525597,156.68449198,63.8225256,53.81165919,100.9009009,165.90909091,92.45283019,21.01449275,37.17391304,13.76811594,0,2.647952462275436,0.0,21.3401311,Aluche,Latina,58.536585365853654,95.1219512195122,100.0,41,93.20212283051713,131.30877998081803,True,False,False,False,False
10,104,10084,665.8331213,40.6739163,13.20601382,13.28728159,37.3088685,100.61538462,99.3883792,36.04201216,102.12290503,57.79220779,102.10526316,37.30382294,57.26358149,28.49094567,4,3.732166394986181,1.0717635755398336,13.28728159,Aluche,Latina,85.96491228070175,98.24561403508771,100.0,57,61.38999592739142,112.6112247164303,True,False,False,False,False
10,104,10087,28.09797058,55.22361154,7.67519466,45.38375973,28.67647059,591.30434783,16.91176471,113.30166271,76.15062762,36.0,66.66666667,4.21286031,7.09534368,3.65853659,1,32.10196257046454,0.03115074344146334,45.38375973,Aluche,Latina,20.866141732283463,42.322834645669296,63.582677165354326,508,166.22693928801888,297.38464835895763,False,False,False,False,False
10,104,10121,104.27185932,50.71349223,8.8772846,31.41862489,65.92797784,353.92156863,28.25484765,67.49271137,81.00263852,73.46938776,66.66666667,21.15716753,35.49222798,16.49395509,202,11.105585031102924,18.189046271247076,31.41862489,Aluche,Latina,100.0,100.0,100.0,175,14.883766323953006,45.97513592028865,True,False,False,False,False
10,104,10127,512.33763483,47.52008063,10.79207921,27.42574257,53.06859206,254.12844037,39.35018051,61.85897436,90.82568807,89.18918919,103.125,25.27040315,38.54473943,17.89577188,0,1.9850191180012235,0.0,27.42574257,Aluche,Latina,100.0,100.0,100.0,35,48.362957932979114,79.86521786523508,True,False,False,False,False
10,104,10108,301.77153156,51.62155159,11.63682864,36.06138107,50.0,309.89010989,32.26950355,91.19804401,71.8487395,56.09756098,125.0,12.48407643,20.38216561,9.68152866,0,2.601305682955017,0.0,36.06138107,Aluche,Latina,23.684210526315788,60.526315789473685,97.36842105263158,38,136.48299162422637,184.21747842445595,True,True,True,False,False
10,104,10107,330.44042587,53.65187236,7.79352227,40.18218623,40.80604534,515.58441558,19.39546599,92.21789883,81.6254417,62.12121212,90.47619048,8.54271357,15.67839196,6.03015075,3,3.0111327855048855,0.9963027915744942,40.18218623,Aluche,Latina,50.0,84.78260869565217,100.0,46,99.80917666146945,156.01489894155287,True,False,True,False,False
10,104,10083,386.90783736,42.43398061,12.40875912,17.39659367,42.65734266,140.19607843,71.32867133,42.4610052,102.45614035,84.84848485,132.14285714,26.54545455,41.6969697,21.93939394,0,2.1322907429984572,0.0,17.39659367,Aluche,Latina,91.42857142857143,100.0,100.0,35,63.65664929913057,98.04295591414488,True,False,False,False,False
10,104,10131,245.91648506,44.31616486,14.75515464,22.42268041,37.64367816,151.9650655,65.8045977,59.17948718,78.89908257,88.13559322,110.0,17.69968051,28.62619808,13.22683706,38,6.363949125263837,5.971135100553556,22.42268041,Aluche,Latina,87.25490196078431,98.0392156862745,100.0,102,33.701197849698026,111.52393254977981,True,False,False,False,False
10,104,10116,549.76869949,49.70643871,10.68472536,32.05417607,36.38497653,300.0,33.33333333,74.63863338,73.74429224,54.32098765,100.0,13.30343797,22.34678625,9.1180867,7,2.4337507777973273,2.876218906167282,32.05417607,Aluche,Latina,100.0,100.0,100.0,44,37.3829369279767,61.9490510157,True,False,False,False,False
10,104,10128,275.66341637,47.0361022,11.55015198,24.62006079,45.98765432,213.15789474,46.91358025,56.66666667,76.10062893,57.89473684,67.34693878,15.06434519,28.00908403,10.59803179,8,4.792075848945197,1.6694226577738562,24.62006079,Aluche,Latina,74.66666666666667,97.33333333333334,100.0,75,63.09227924288872,130.85831874704022,True,False,False,False,False
10,104,10103,508.62039243,45.15687417,12.12374582,20.90301003,50.8,172.4137931,58.0,49.3133583,84.56221198,51.61290323,108.10810811,27.98013245,38.32781457,17.05298013,10,2.375052235362021,4.210433712198222,20.90301003,Aluche,Latina,100.0,100.0,100.0,39,27.945777677740917,48.48348636870666,True,False,False,False,False
10,104,10130,340.40985689,50.93075514,9.26157697,32.9787234,43.0740038,356.08108108,28.08349146,73.13109426,74.81060606,53.77358491,97.43589744,17.00934579,26.04361371,11.83800623,21,4.714904599593513,4.453960744361716,32.9787234,Aluche,Latina,94.66666666666667,100.0,100.0,75,34.863588455624274,81.10537180537817,True,False,False,False,False
10,104,10129,229.49304709,54.02423177,8.12347685,38.26157595,56.47558386,471.0,21.23142251,86.51515152,74.6031746,59.09090909,64.70588235,13.45218801,23.33873582,9.15721232,0,5.377069221319762,0.0,38.26157595,Aluche,Latina,68.6046511627907,97.67441860465115,100.0,86,77.13803333954348,136.0613541905119,True,False,True,False,False
10,104,10118,604.94076373,50.81940018,8.63509749,33.61188487,27.90055249,389.24731183,25.69060773,73.1511254,74.22969188,41.42857143,195.23809524,12.10720887,23.56746765,6.74676525,0,1.7886048765075524,0.0,33.61188487,Aluche,Latina,,,,29,,,False,False,False,False,False
10,104,10082,229.79190752,41.07675046,14.29889299,15.86715867,40.11627907,110.96774194,90.11627907,43.19682959,109.69529086,57.57575758,93.75,26.69104205,46.43510055,21.48080439,28,4.7608290989002064,5.881328528778369,15.86715867,Aluche,Latina,80.76923076923077,100.0,100.0,78,50.24122851384813,122.90216997994483,True,False,False,False,False
10,104,10136,388.14799965,47.87354807,11.1662531,27.46071133,48.4939759,245.92592593,40.6626506,62.93800539,80.97560976,67.85714286,59.64912281,23.33607231,33.44289236,16.18734593,3,3.1354019629221552,0.9568151182772233,27.46071133,Aluche,Latina,66.0377358490566,98.11320754716981,100.0,53,74.35478801018773,136.34036401699103,True,False,True,False,False
10,104,10135,280.44107113,49.08769133,9.27835052,28.47938144,50.22624434,306.94444444,32.57918552,60.66252588,77.57352941,67.39130435,110.0,16.83673469,27.42346939,12.62755102,12,2.7955962257307307,4.292465374488536,28.47938144,Aluche,Latina,87.5,100.0,100.0,48,52.11878899899958,103.06664216968387,True,False,False,False,False
10,104,10106,177.44142433,52.72403768,11.3372093,38.95348837,42.7238806,343.58974359,29.10447761,101.16959064,60.94117647,50.0,53.96825397,10.94202899,18.26086957,7.17391304,18,7.777214397329407,2.3144533608564224,38.95348837,Aluche,Latina,80.32786885245902,99.18032786885246,100.0,122,66.4964248201718,113.68565207265013,True,False,False,False,False
10,104,10117,358.64199325,52.21964805,9.43900267,39.53695459,28.37837838,418.86792453,23.87387387,95.98603839,75.2293578,53.52112676,64.51612903,12.5,18.52836879,8.24468085,6,3.145197777281051,1.9076701768455584,39.53695459,Aluche,Latina,100.0,100.0,100.0,50,48.74582170455088,76.82755173751642,True,False,False,False,False
10,104,10081,49.69087026,52.43690213,10.61643836,39.46917808,30.80260304,371.77419355,26.89804772,100.34305317,61.04972376,36.66666667,83.33333333,7.06382979,13.78723404,4.42553191,294,23.646194842662755,12.433290089852495,39.46917808,Aluche,Latina,97.36147757255937,100.0,100.0,379,21.02062082759201,68.13598138150348,False,False,False,False,False
10,104,10132,183.50942277,45.02102878,13.30316742,21.62895928,44.76987448,162.58503401,61.50627615,53.68567455,78.85572139,69.49152542,76.47058824,18.34532374,29.40647482,12.94964029,9,6.059634340472339,1.4852381339066845,21.62895928,Aluche,Latina,81.44329896907216,96.90721649484536,100.0,97,61.188009446351636,118.44514675374174,True,False,False,False,False
10,104,10137,752.94740729,42.46282842,12.09465381,17.61612621,48.25870647,145.65217391,68.65671642,42.26932668,113.86666667,72.13114754,110.0,34.9220104,51.55979203,24.09012132,0,1.5326435668977443,0.0,17.61612621,Aluche,Latina,,,,25,,,False,False,False,False,False
10,103,10065,252.94185299,42.87445029,13.23360184,16.9159954,49.65986395,127.82608696,78.23129252,43.1630972,97.71986971,64.61538462,55.26315789,25.02857143,44.45714286,16.45714286,26,3.4592930733383342,7.515986488797009,16.9159954,Lucero,Latina,100.0,100.0,100.0,55,17.725666024485292,29.733059964215382,True,False,False,False,False
10,103,10063,316.98995655,42.47525796,12.47965274,17.79706999,32.01219512,142.60869565,70.12195122,43.42412451,107.59289176,61.60714286,65.85365854,28.33243389,45.43982731,21.96438208,44,5.845611072826072,7.527014618632182,17.79706999,Lucero,Latina,100.0,100.0,100.0,95,20.530769590486575,41.367038404672826,True,False,False,False,False
10,104,10120,118.71997782,46.28571873,11.47540984,25.44886807,38.65030675,221.76870748,45.09202454,58.53960396,93.30143541,81.57894737,95.45454545,22.53302253,35.12043512,16.16161616,137,10.840635448393149,12.637635556715155,25.44886807,Aluche,Latina,97.6470588235294,100.0,100.0,170,19.84634988945617,60.815309529053586,True,False,False,False,False
10,104,10133,223.29426673,47.73788765,9.07483795,26.63523866,34.95575221,293.50649351,34.07079646,55.54537122,85.86030664,59.82142857,85.41666667,18.31480398,29.37390287,11.00058514,34,7.653577608586148,4.442366921563215,26.63523866,Aluche,Latina,100.0,100.0,100.0,121,44.34348204585933,82.49558776126365,True,False,False,False,False
10,104,10119,225.0083698,53.02134348,8.66477273,40.90909091,27.25694444,472.13114754,21.18055556,98.30985915,76.61691542,50.0,73.68421053,6.72804533,10.62322946,3.61189802,4,6.275322119030266,0.6374174781992108,40.90909091,Aluche,Latina,63.366336633663366,94.05940594059405,100.0,101,84.98420853372306,141.83799103198325,True,False,True,False,False
10,103,10062,244.18842771,42.02688146,13.26530612,15.91836735,33.33333333,120.0,83.33333333,41.26984127,89.3442623,56.16438356,70.21276596,31.78137652,45.85020243,27.93522267,29,4.046055782636202,7.167474092783044,15.91836735,Lucero,Latina,100.0,100.0,100.0,64,26.37147769824783,57.79517521614698,True,False,False,False,False
10,103,10061,374.15184796,42.11298472,12.19110379,15.815486,45.83333333,129.72972973,77.08333333,38.90160183,100.4587156,74.52830189,78.87323944,30.51310044,53.54803493,25.32751092,41,4.896407728590148,8.37348568024693,15.815486,Lucero,Latina,100.0,100.0,100.0,78,20.07816651575358,45.88633034349865,True,False,False,False,False
10,103,10060,58.24309193,46.98505819,10.34661148,23.95240559,32.82937365,231.5,43.19654428,52.20472441,75.65698479,48.14814815,84.90566038,14.83007209,21.31822863,10.5561277,235,33.34301005591015,7.047953967141774,23.95240559,Lucero,Latina,98.87429643527204,100.0,100.0,533,23.973205877248265,62.09790637046548,False,False,False,False,False
10,103,10057,427.86036409,42.13377739,11.98813056,16.85459941,42.6056338,140.59405941,71.12676056,40.53377815,109.61538462,72.52747253,79.6875,31.38987044,46.17196702,25.85394582,5,3.968584478770296,1.2598950650407466,16.85459941,Lucero,Latina,75.0,100.0,100.0,64,79.189446090789,116.93984461911005,True,False,False,False,False
10,103,10078,302.27809378,44.49958661,10.81994928,18.93491124,45.53571429,175.0,57.14285714,42.35860409,90.59633028,39.21568627,102.7027027,23.59832636,35.14644351,18.74476987,39,3.953313272050382,9.865142809634383,18.93491124,Lucero,Latina,100.0,100.0,100.0,63,28.700836224829498,52.80639839614924,True,False,False,False,False
10,103,10059,346.2166772,41.82708248,11.2170088,13.63636364,33.33333333,121.56862745,82.25806452,33.07317073,96.73704415,57.73195876,80.85106383,29.48905109,44.45255474,22.33576642,30,3.957059524309867,7.581387092030708,13.63636364,Lucero,Latina,100.0,100.0,100.0,63,24.588779961869502,40.03810944536606,True,False,False,False,False
10,103,10058,550.59780398,42.48209173,11.71617162,16.91419142,31.70731707,144.36619718,69.26829268,40.11560694,100.23148148,61.97183099,70.21276596,30.13923014,44.63554464,22.68632269,0,2.2175896655584957,0.0,16.91419142,Lucero,Latina,94.5945945945946,100.0,100.0,37,61.749650201122215,95.76773910293689,True,False,False,False,False
10,103,10056,457.88782121,42.41703756,12.06030151,16.41541039,41.32653061,136.11111111,73.46938776,39.85932005,106.53753027,66.15384615,65.95744681,34.36196831,49.95829858,27.52293578,0,2.618545295270502,0.0,16.41541039,Lucero,Latina,82.92682926829268,100.0,100.0,41,78.35254814011844,112.01057539277438,True,False,False,False,False
10,103,10067,259.89312999,47.41190309,11.22994652,25.13368984,43.82978723,223.80952381,44.68085106,57.14285714,80.3030303,43.33333333,53.65853659,16.93290735,27.68903088,11.71458999,8,3.6130235533520993,2.2142119700763483,25.13368984,Lucero,Latina,100.0,100.0,100.0,59,34.12529413819485,61.07196016121122,True,False,False,False,False
10,102,10049,487.50173782,42.0331792,10.63197026,15.6133829,39.04761905,146.85314685,68.0952381,35.58467742,116.59388646,66.29213483,151.72413793,30.67846608,48.08259587,23.74631268,5,2.7815285460362236,1.797572779587388,15.6133829,Puerta del Ángel,Latina,88.37209302325581,100.0,100.0,43,64.35806864763568,101.45995153900665,True,False,False,False,False
10,103,10068,321.58293107,47.45249068,10.43376319,28.13599062,40.0,269.66292135,37.08333333,62.78625954,96.25468165,50.0,123.07692308,17.71561772,29.72027972,10.37296037,18,2.6680520547117466,6.746495057400483,28.13599062,Lucero,Latina,100.0,100.0,100.0,41,24.04112518175378,64.54452494147345,True,False,False,False,False
10,103,10077,234.45574192,44.08019336,11.30952381,17.97619048,41.05960265,158.94736842,62.91390728,41.41414141,93.48534202,48.4375,100.0,25.38552788,38.79003559,15.53973903,22,3.595561333180251,6.118655186599512,17.97619048,Lucero,Latina,100.0,100.0,100.0,56,29.334558854404516,62.81075799221844,True,False,False,False,False
10,103,10050,631.00928973,42.38377876,12.25271219,19.65539247,40.25974026,160.41666667,62.33766234,46.86035614,111.28712871,96.55172414,100.0,32.99620733,52.46523388,27.49683944,3,2.507094627227598,1.1966042156603671,19.65539247,Lucero,Latina,69.23076923076923,100.0,100.0,39,79.29461520152861,123.19921715991946,True,False,False,False,False
10,102,10040,203.97162756,39.95513158,15.97353497,13.13799622,28.05755396,82.24852071,121.58273381,41.06666667,92.80205656,64.61538462,79.66101695,24.81203008,41.07142857,19.36090226,10,5.216411776022472,1.9170265748508502,13.13799622,Puerta del Ángel,Latina,92.7710843373494,100.0,100.0,83,51.87801461193501,96.91753394199264,True,False,False,False,False
10,102,10048,577.33906204,40.68064674,13.03462322,15.54650373,32.31441048,119.27083333,83.84279476,40.01901141,110.4,80.0,84.61538462,35.12424446,52.92142377,26.59503022,0,2.5790737157796673,0.0,15.54650373,Puerta del Ángel,Latina,88.09523809523809,100.0,100.0,42,70.95994474041112,99.90617903621775,True,False,False,False,False
10,103,10055,237.1636953,45.71359762,13.02250804,26.60771704,39.57703927,204.32098765,48.94259819,65.64580559,87.28179551,101.66666667,100.0,15.15873016,25.3968254,10.31746032,65,5.31278616830651,12.23463507486115,26.60771704,Lucero,Latina,100.0,100.0,100.0,84,19.24943212403749,45.75125393804729,True,False,False,False,False
10,103,10076,239.38357002,45.25291348,11.86612576,22.31237323,48.18181818,188.03418803,53.18181818,51.92604006,96.07250755,45.83333333,79.06976744,18.30985915,27.86720322,13.48088531,13,4.152331757398907,3.1307710364991226,22.31237323,Lucero,Latina,88.23529411764706,100.0,100.0,68,42.05049379792699,102.68350708949967,True,False,False,False,False
10,103,10075,347.72154675,43.86806506,10.79365079,19.47089947,36.95652174,180.39215686,55.43478261,43.39908953,102.76923077,58.92857143,71.42857143,25.39349423,38.19517314,18.5729276,5,2.7406987255228086,1.8243522914202155,19.47089947,Lucero,Latina,44.18604651162791,100.0,100.0,43,102.44404592228216,136.4520697058482,True,False,False,False,False
10,103,10051,465.43024886,44.24472055,9.91735537,18.18181818,39.39393939,183.33333333,54.54545455,39.08045977,92.85714286,52.77777778,94.11764706,31.59817352,51.32420091,24.47488584,1,2.352661870777497,0.42505045558014015,18.18181818,Lucero,Latina,60.0,100.0,100.0,35,94.45670330815244,122.20245025742189,True,False,False,False,False
10,102,10041,602.47716846,42.41452955,10.27926322,15.50802139,35.24904215,150.86705202,66.2835249,34.74779824,105.42763158,56.41025641,87.03703704,29.55082742,44.26713948,19.56264775,5,2.8084051787863635,1.7803698831522317,15.50802139,Puerta del Ángel,Latina,95.65217391304348,100.0,100.0,46,60.36301012919702,92.82830111730932,True,False,False,False,False
10,102,10047,565.05753155,40.17377319,10.99744246,13.6402387,37.5,124.03100775,80.625,32.69230769,133.86243386,125.64102564,87.17948718,36.50927487,55.14333895,28.66779089,6,2.098901322006655,2.8586384395926245,13.6402387,Puerta del Ángel,Latina,100.0,100.0,100.0,34,51.88337231983285,79.43145764912116,True,False,False,False,False
10,103,10069,396.2410211,42.94211638,11.81462141,17.95039164,39.27272727,151.93370166,65.81818182,42.37918216,104.95238095,50.90909091,80.35714286,26.52795839,46.09882965,21.52145644,18,3.881475965682479,4.637411170169403,17.95039164,Lucero,Latina,96.72131147540983,100.0,100.0,61,34.1247040270941,75.4916929200024,True,False,False,False,False
10,102,10031,219.58436772,41.77178211,10.91101695,15.04237288,42.95774648,137.86407767,72.53521127,35.05007153,117.08074534,83.63636364,43.58974359,28.94736842,44.63157895,21.57894737,0,4.32635533154202,0.0,15.04237288,Puerta del Ángel,Latina,76.81159420289855,100.0,100.0,69,78.15528873382621,118.60561673290769,True,False,False,False,False
10,103,10052,581.14325038,42.93178609,11.5037594,18.57142857,44.12955466,161.4379085,61.94331984,43.01075269,103.50109409,95.23809524,88.88888889,30.06731488,46.67165295,19.82049364,9,2.3006375779535135,3.911959052675203,18.57142857,Lucero,Latina,97.2972972972973,100.0,100.0,37,54.77731829863471,89.00116200085849,True,False,False,False,False
10,103,10070,578.79069092,44.12295222,10.82910321,20.21996616,41.42259414,186.71875,53.55648536,45.03067485,100.24570025,64.93506494,100.0,28.83487008,43.5875943,21.03939648,5,2.061194173837391,2.4257782519787257,20.21996616,Lucero,Latina,100.0,100.0,100.0,34,50.20872321886415,91.11972296954906,True,False,False,False,False
10,103,10074,383.42458397,48.46840723,8.54800937,28.1030445,38.75,328.76712329,30.41666667,57.85582255,96.01449275,53.57142857,62.96296296,18.08634772,29.17152859,12.13535589,7,2.2351201144592707,3.1318227395101172,28.1030445,Lucero,Latina,100.0,100.0,100.0,38,45.4852196801083,77.12952228105536,True,False,False,False,False
10,102,10039,567.65305038,42.33405451,10.54945055,17.28937729,34.3220339,163.88888889,61.01694915,38.5786802,116.96035242,64.1025641,104.54545455,26.45348837,42.00581395,19.33139535,0,2.424015865124061,0.0,17.28937729,Puerta del Ángel,Latina,46.15384615384615,94.87179487179486,100.0,39,105.57143742458754,144.73373836672764,True,False,False,False,False
10,103,10054,203.11261619,48.74368968,12.01716738,29.25608011,39.1198044,243.45238095,41.07579462,70.28014616,67.20977597,53.06122449,66.0,10.96085409,17.08185053,6.76156584,31,6.917344802955788,4.481488328694223,29.25608011,Lucero,Latina,100.0,100.0,100.0,114,36.25900570761519,74.50833156535023,True,False,False,False,False
10,102,10033,485.93310279,42.26900087,9.05096661,14.76274165,33.92857143,163.10679612,61.30952381,31.25720877,116.75,52.05479452,96.55172414,27.44755245,39.77272727,19.05594406,0,2.354233521926712,0.0,14.76274165,Puerta del Ángel,Latina,43.58974358974359,87.17948717948718,100.0,39,107.34789983907778,151.48118251043266,True,False,False,False,False
10,102,10042,557.78925651,43.67751545,9.8013245,17.94701987,23.61623616,183.10810811,54.61254613,38.40513291,97.64492754,43.75,70.83333333,24.32610125,40.10519395,16.83103222,33,2.7268363136414626,12.101936531691281,17.94701987,Puerta del Ángel,Latina,100.0,100.0,100.0,43,21.447484701804147,44.85717000986376,True,False,False,False,False
10,102,10038,291.25148806,42.42521429,11.14583333,15.83333333,27.63157895,142.05607477,70.39473684,36.94721826,95.81005587,53.96825397,64.1025641,27.63975155,40.57971014,21.42857143,5,3.316721251590941,1.5075128781478502,15.83333333,Puerta del Ángel,Latina,92.15686274509804,100.0,100.0,51,60.68865215250024,95.55423852526403,True,False,False,False,False
10,103,10073,463.90154016,43.30527592,13.06491372,18.73459326,46.49122807,143.39622642,69.73684211,46.62650602,90.8045977,76.92307692,81.48148148,25.06122449,41.87755102,17.79591837,19,2.6406465466384024,7.195207561643338,18.73459326,Lucero,Latina,100.0,100.0,100.0,40,40.18791787307252,77.88633068143727,True,False,False,False,False
10,102,10046,368.20029368,42.98370177,10.52269601,17.88170564,38.46153846,169.93464052,58.84615385,39.67339097,107.78443114,56.19047619,59.61538462,27.30978261,41.23641304,21.73913043,3,3.997824079072093,0.7504082072306466,17.88170564,Puerta del Ángel,Latina,84.61538461538461,100.0,100.0,65,61.010040156996865,108.35643450117638,True,False,False,False,False
10,103,10053,342.49546958,43.39259087,10.38858049,18.55670103,37.60683761,178.6259542,55.98290598,40.78212291,107.17592593,63.88888889,108.10810811,29.48113208,44.7327044,22.72012579,7,3.7139177390448066,1.8848021124453744,18.55670103,Lucero,Latina,98.30508474576271,100.0,100.0,59,40.50941248731034,80.15232032241349,True,False,False,False,False
10,102,10032,472.94887754,42.31786339,10.17094017,14.61538462,30.11695906,143.69747899,69.59064327,32.95454545,99.3204983,62.5,91.04477612,28.04412389,42.93593551,18.49809079,3,4.983625317572986,0.6019714181605036,14.61538462,Puerta del Ángel,Latina,54.87804878048781,82.92682926829268,100.0,82,94.64391705212626,167.3187083093763,True,False,False,False,False
10,102,10030,409.33109617,42.74782627,9.15347557,16.65519615,32.6446281,181.95488722,54.95867769,34.78664193,111.78781925,69.87951807,94.11764706,25.71819425,43.16005472,18.60465116,1,3.5716807583960217,0.27998022993776245,16.65519615,Puerta del Ángel,Latina,76.36363636363637,100.0,100.0,55,70.51702276789281,123.8764085648086,True,False,False,False,False
10,103,10072,181.75393092,47.3186056,9.2173913,24.52173913,44.14893617,266.03773585,37.58865248,50.91863517,85.85365854,44.13407821,90.16393443,16.81034483,27.54310345,12.15517241,21,12.764510722164163,1.645186443655519,24.52173913,Lucero,Latina,100.0,100.0,100.0,204,42.724007614128,70.67997175897155,True,False,False,False,False
10,102,10043,364.02206729,43.77163329,10.52299937,18.90359168,35.33333333,179.64071856,55.66666667,41.69642857,98.2300885,50.42735043,123.80952381,23.96745932,36.98372966,17.45932416,5,4.389843758421334,1.1389927011429877,18.90359168,Puerta del Ángel,Latina,92.7536231884058,100.0,100.0,69,46.783677708413954,89.40474370502885,True,False,False,False,False
10,102,10037,374.60989173,41.82831467,11.15745568,16.47549531,31.96202532,147.6635514,67.72151899,38.18443804,117.89638932,72.72727273,75.80645161,29.28978745,42.97563504,20.37325039,11,5.1493568177408084,2.1361891182413846,16.47549531,Puerta del Ángel,Latina,93.90243902439023,100.0,100.0,82,53.059201168335775,95.58164149000507,True,False,False,False,False
10,102,10029,431.97027147,42.40235114,10.67452521,16.43745907,40.23904382,153.98773006,64.94023904,37.1967655,114.86486486,61.17647059,92.15686275,29.77198697,43.32247557,20.9771987,0,3.553485277522183,0.0,16.43745907,Puerta del Ángel,Latina,22.22222222222222,72.22222222222221,98.14814814814815,54,131.86928382373307,175.69879847218553,True,False,False,False,False
10,102,10035,210.86951845,44.1951767,9.57128614,20.13958126,34.15841584,210.41666667,47.52475248,42.26950355,106.74486804,57.8125,75.0,29.8124383,38.79565647,17.67028628,3,4.803918591195503,0.6244901829723597,20.13958126,Puerta del Ángel,Latina,51.28205128205128,92.3076923076923,100.0,78,95.92932122514829,144.72617673162367,True,False,False,False,False
10,102,10044,333.42262983,47.69867429,7.42358079,25.76419214,38.98305085,347.05882353,28.81355932,49.67320261,98.7012987,58.20895522,88.0,19.38997821,29.95642702,12.96296296,12,2.753262429944084,4.358465749392334,25.76419214,Puerta del Ángel,Latina,100.0,100.0,100.0,45,36.328630926967584,66.22571138213722,True,False,False,False,False
10,102,10028,512.09658384,41.61866901,12.22614841,14.204947,37.31343284,116.1849711,86.06965174,35.92699328,98.28571429,63.76811594,77.35849057,29.92957746,44.29577465,21.76056338,2,2.7729144165151287,0.7212627941519768,14.204947,Puerta del Ángel,Latina,62.7906976744186,90.69767441860465,100.0,43,89.35038668121284,144.13847850804157,True,False,False,False,False
10,102,10036,306.16689769,45.71436231,9.78886756,22.52079335,32.95454545,230.06535948,43.46590909,47.731569,92.01451906,36.63366337,106.97674419,19.60659898,32.55076142,11.73857868,10,5.147519251431306,1.942683360964493,22.52079335,Puerta del Ángel,Latina,100.0,100.0,100.0,82,43.36258004965222,70.10400746825646,True,False,False,False,False
10,105,10159,108.69152227,50.51984615,10.74681239,36.4298725,18.25,338.98305085,29.5,89.31034483,62.01117318,23.52941176,65.95744681,2.53393665,5.24886878,1.99095023,33,10.166386272603425,3.2459911629493203,36.4298725,Campamento,Latina,94.9685534591195,100.0,100.0,159,41.30734801522745,82.19415754738395,True,False,False,False,False
10,105,10156,143.54061874,54.36771795,13.01289566,42.7901524,55.89041096,328.82882883,30.4109589,126.25994695,53.87755102,56.25,78.37837838,6.52680653,11.30536131,3.72960373,50,5.977402128636814,8.36483792188879,42.7901524,Campamento,Latina,95.87628865979381,100.0,100.0,97,29.53006772790228,79.31066611710042,True,False,False,False,False
10,105,10157,99.55379455,52.2019697,13.75,37.08333333,63.29588015,269.6969697,37.07865169,103.38983051,49.36708861,93.5483871,78.78787879,3.03030303,7.85123967,1.37741047,62,7.29253970943188,8.501839204222868,37.08333333,Campamento,Latina,93.04347826086956,100.0,100.0,115,32.721297345834934,88.62117856903608,False,False,False,False,False
10,107,10162,550.40946894,47.81672593,9.58466454,24.60063898,48.05194805,256.66666667,38.96103896,51.94174757,76.06837607,45.58823529,91.66666667,20.0,34.17989418,14.70899471,19,1.7169036023676323,11.066433767043621,24.60063898,Águilas,Latina,,,,29,,,False,False,False,False,False
10,107,10161,114.46915153,47.83836076,9.16716597,23.66686639,40.25316456,258.16993464,38.73417722,48.88492417,66.32047478,77.52808989,84.21052632,15.2653548,26.11806798,10.55456172,63,14.650235260470106,4.300272239995306,23.66686639,Águilas,Latina,63.559322033898304,78.8135593220339,89.83050847457628,236,64.41888991875729,199.82812677463718,True,False,False,False,False
10,107,10163,179.59510417,48.90982861,12.61378414,30.94928479,48.7394958,245.36082474,40.75630252,77.18894009,79.33884298,53.33333333,64.70588235,21.77835052,33.24742268,14.43298969,43,4.320830479072949,9.951790566249157,30.94928479,Águilas,Latina,95.77464788732394,100.0,100.0,71,40.549293458337075,89.48883785170747,True,False,False,False,False
10,107,10164,731.64140107,43.7093211,11.71052632,17.03947368,46.71814672,145.50561798,68.72586873,40.35087719,79.00826446,75.6097561,58.82352941,29.09567497,44.16775885,17.49672346,2,2.0857212259534403,0.9589009188348002,17.03947368,Águilas,Latina,100.0,100.0,100.0,34,59.199516145483855,91.092951257345,True,False,False,False,False
10,105,10154,257.13254408,43.66345523,12.54089422,20.93784079,42.70833333,166.95652174,59.89583333,50.32786885,101.98675497,82.22222222,64.28571429,21.46709817,33.87270766,14.34735707,37,3.5810587972761323,10.332139764960962,20.93784079,Campamento,Latina,100.0,100.0,100.0,57,16.795931054817853,39.89398137000811,True,False,False,False,False
10,105,10153,249.58809737,43.38262029,11.04158999,16.34155318,38.06306306,148.0,67.56756757,37.70907248,89.16586769,58.69565217,97.72727273,17.46612962,27.9751007,10.91175394,55,10.942028200764401,5.026490426716113,16.34155318,Campamento,Latina,94.41340782122904,100.0,100.0,179,52.01772101884792,92.1314451862281,True,False,False,False,False
10,105,10158,1.28299827,50.85947601,11.15311909,37.52362949,15.36523929,336.44067797,29.72292191,94.84346225,53.38983051,28.57142857,52.08333333,3.2925682,6.58513641,2.0696143,36,827.1407792637661,0.04352342539808449,37.52362949,Campamento,Latina,2.063804052010886,4.26368309646205,6.637435742364681,13228,1182.3433331944434,2636.286850280274,False,False,False,False,False
10,105,10148,322.56446142,40.5568986,12.99816064,13.91784181,44.49339207,107.0754717,93.39207048,36.82885906,114.77477477,75.53191489,63.15789474,37.58348512,57.13418336,28.53673345,4,5.105956163731205,0.7833988134118601,13.91784181,Campamento,Latina,71.25,100.0,100.0,80,75.25719479036388,125.35931574564623,True,False,False,False,False
10,104,10140,211.89899221,48.77003563,9.91636798,27.24014337,52.19298246,274.69879518,36.40350877,59.12547529,74.17218543,55.55555556,95.45454545,16.86460808,26.95961995,11.28266033,6,3.9735913381416337,1.5099690656176223,27.24014337,Aluche,Latina,34.92063492063492,53.96825396825397,88.88888888888889,63,148.4982440968635,200.24814322572252,True,True,True,False,False
10,105,10147,433.91680851,40.44228222,13.29386437,14.6393972,40.44117647,110.12145749,90.80882353,38.76026886,112.53968254,98.87640449,102.77777778,39.77635783,57.56123536,29.7657082,4,4.328018558367243,0.9242104547511485,14.6393972,Campamento,Latina,95.58823529411765,100.0,100.0,68,64.96733256559665,91.47724264673758,True,False,False,False,False
10,104,10142,480.85149384,43.66616391,12.83116883,19.22077922,42.16216216,149.79757085,66.75675676,47.17125382,89.84034833,64.0776699,77.63157895,27.76628749,41.20992761,19.54498449,0,4.022031801435555,0.0,19.22077922,Aluche,Latina,1.5873015873015872,14.285714285714285,58.730158730158735,63,190.49137722471082,231.18906439022973,True,False,False,False,False
10,104,10138,310.2949952,52.93448568,6.85871056,39.50617284,43.75,576.0,17.36111111,86.44501279,83.56807512,147.05882353,116.66666667,14.18826739,19.91814461,10.09549795,1,2.3622682006945044,0.4233219579834335,39.50617284,Aluche,Latina,91.66666666666666,100.0,100.0,36,55.946737204458195,93.98944598390707,True,False,False,False,False
10,105,10149,415.46364415,43.1720749,12.27984344,18.83561644,46.23376623,153.38645418,65.19480519,45.17045455,105.84795322,77.47747748,87.17948718,35.26264591,51.21595331,25.48638132,2,4.948688119765278,0.4041475137646909,18.83561644,Campamento,Latina,70.0,100.0,100.0,80,82.53761443425537,114.95156538815831,True,False,False,False,False
10,104,10139,524.60345899,43.77480541,12.18057922,20.10221465,37.71186441,165.03496503,60.59322034,47.67295597,92.02898551,83.05084746,82.69230769,23.94247039,37.73265651,15.65143824,0,2.253130397347615,0.0,20.10221465,Aluche,Latina,33.33333333333333,80.55555555555556,100.0,36,116.9760352446925,154.88162055018134,True,False,False,False,False
10,104,10143,257.06897991,44.22893706,13.04347826,21.6678546,47.69736842,166.12021858,60.19736842,53.16593886,94.06779661,101.4084507,84.74576271,19.87270156,32.31966054,13.50777935,5,5.500469175641521,0.9090133660128819,21.6678546,Aluche,Latina,50.56179775280899,75.28089887640449,96.62921348314607,89,99.9032396872366,184.19232612290185,True,False,False,False,False
10,105,10152,50.02252885,47.61954218,12.7340824,26.21722846,37.14285714,205.88235294,48.57142857,63.80368098,61.9205298,66.10169492,93.10344828,6.20347395,12.15880893,3.72208437,32,15.95669823260681,2.005427409450497,26.21722846,Campamento,Latina,57.19844357976653,72.37354085603113,85.21400778210116,257,90.01708726682277,220.63359464599478,False,False,False,False,False
10,105,10144,392.37522944,40.13669669,13.75073142,13.63370392,39.05579399,99.14893617,100.8583691,37.74193548,112.32876712,72.22222222,98.48484848,40.70847851,58.7688734,31.99767712,5,4.388656242272749,1.1393008984933974,13.63370392,Campamento,Latina,90.0,100.0,100.0,70,54.66658983101165,98.56029303791473,True,False,False,False,False
10,105,10145,351.54612131,44.11463121,12.79069767,21.68604651,47.45308311,169.54545455,58.98123324,52.61756877,104.90909091,53.92156863,95.89041096,30.98265896,46.70520231,21.0982659,14,4.921118155281788,2.844881906558967,21.68604651,Campamento,Latina,100.0,100.0,100.0,80,44.77025330242351,74.15403544029107,True,False,False,False,False
10,105,10151,282.15527568,43.52350076,12.5,19.23469388,46.41909814,153.87755102,64.9867374,46.48729447,105.84615385,61.73913043,96.05263158,31.8803852,48.25139382,23.9736442,11,6.902176713365573,1.593700140811997,19.23469388,Campamento,Latina,55.45454545454545,79.0909090909091,91.81818181818183,110,87.5582152047525,191.03233374775863,True,False,False,False,False
10,105,10146,260.7783442,45.46902434,11.4116095,21.83377309,54.38066465,191.32947977,52.26586103,49.80237154,96.50485437,56.66666667,100.0,31.97368421,46.90789474,21.25,2,5.828704851539968,0.34312940025974925,21.83377309,Campamento,Latina,92.47311827956989,100.0,100.0,93,58.957436342019776,91.34854889207685,True,False,False,False,False
10,106,10220,148.54989548,35.45915392,18.50374065,5.88528678,19.49152542,31.80592992,314.40677966,32.25593668,100.52910053,126.66666667,71.54471545,30.34040454,44.84459793,18.30291071,53,13.645246895048349,3.8841363888573457,5.88528678,Cuatro Vientos,Latina,97.70642201834863,100.0,100.0,218,36.382192231071,72.18798502903343,True,False,False,False,False
10,106,10222,308.65094231,37.03663696,24.60526316,7.63157895,25.0,31.01604278,322.4137931,47.57281553,44.46002805,125.71428571,46.66666667,3.05790501,10.93038386,1.95185426,1,4.979735323402583,0.20081388568995553,7.63157895,Cuatro Vientos,Latina,84.81012658227847,100.0,100.0,79,70.04403258039227,104.81979230675174,True,False,False,False,False
10,106,10216,168.45093199,39.96171711,18.1331293,9.0283091,28.81355932,49.78902954,200.84745763,37.28991597,50.39494471,115.38461538,66.1971831,5.32319392,8.8973384,2.58555133,4,7.806427259107484,0.5123982927443973,9.0283091,Cuatro Vientos,Latina,53.17460317460318,84.92063492063492,100.0,126,93.51101037476752,156.74561049496015,True,False,False,False,False
10,107,10197,206.01596923,43.39204204,17.3627685,19.68973747,46.06060606,113.40206186,88.18181818,58.86255924,63.81987578,97.43589744,57.29166667,13.91355832,20.01184133,9.59147425,20,8.198393582161874,2.439502300001326,19.68973747,Águilas,Latina,98.48484848484848,100.0,100.0,132,43.144387572578125,77.87346793899549,True,False,False,False,False
10,107,10194,207.51380578,48.15575726,9.90615224,28.15432742,30.0,284.21052632,35.18518519,61.44781145,71.1815562,64.9122807,55.26315789,13.58921162,21.68049793,9.95850622,64,4.645474051170803,13.776850176112818,28.15432742,Águilas,Latina,100.0,100.0,100.0,73,18.850350128891716,32.77637981757773,True,False,False,False,False
10,107,10184,231.96455421,50.05784583,11.06427819,30.66385669,57.04467354,277.14285714,36.08247423,71.60940325,72.8125,37.83783784,103.125,12.5,20.83333333,8.125,33,4.138563338924732,7.973781551105595,30.66385669,Águilas,Latina,100.0,100.0,100.0,66,31.724202557346487,51.5422872106013,True,False,False,False,False
10,107,10183,330.18873342,46.77430529,12.42829828,24.85659656,40.0,200.0,50.0,59.45121951,69.50904393,51.47058824,73.80952381,18.14744802,26.18147448,10.20793951,13,3.2042280457186294,4.057139446541615,24.85659656,Águilas,Latina,100.0,100.0,100.0,51,25.366454225556286,44.40739803245799,True,False,False,False,False
10,107,10181,325.25369778,47.59834954,9.9915326,24.72480948,55.1369863,247.45762712,40.4109589,53.17769131,82.26950355,56.32183908,61.9047619,17.35121542,30.6789606,13.16010059,2,3.6679060319045855,0.5452702393691057,24.72480948,Águilas,Latina,89.83050847457628,100.0,100.0,59,55.54400957828687,99.34986826909544,True,False,False,False,False
10,107,10192,227.35048581,50.49572537,9.01984366,31.62958509,40.30418251,350.66666667,28.51711027,68.49037487,77.19928187,46.0,76.0,11.88059701,19.76119403,7.10447761,55,7.367479308663895,7.4652398324786535,31.62958509,Águilas,Latina,100.0,100.0,100.0,123,22.26692839147897,41.41028567682469,True,False,False,False,False
10,107,10193,308.27130679,50.79459487,11.48387097,31.22580645,68.59504132,271.91011236,36.7768595,74.54954955,80.48780488,47.16981132,100.0,13.58974359,23.84615385,10.12820513,27,2.5302387307227123,10.67092985027859,31.22580645,Águilas,Latina,100.0,100.0,100.0,40,16.446428033079954,34.51757173736964,True,False,False,False,False
10,107,10180,410.87516609,46.97927701,11.3913751,23.35231896,50.87108014,205.0,48.7804878,53.24189526,72.10300429,84.50704225,88.37209302,16.73436231,26.23883022,11.21039805,14,2.99604381475171,4.672828858866411,23.35231896,Águilas,Latina,86.95652173913044,100.0,100.0,46,57.3101091061669,101.12619322200086,True,False,False,False,False
10,107,10182,303.57512136,43.65071904,11.946533,16.45781119,44.67005076,137.76223776,72.58883249,39.67327888,83.9055794,51.19047619,88.63636364,24.52202826,36.32585204,13.96508728,43,3.9627753242677914,10.850981062860328,16.45781119,Águilas,Latina,100.0,100.0,100.0,62,23.80633074276203,51.937108447688274,True,False,False,False,False
10,107,10185,267.9318616,44.93508805,11.6751269,20.30456853,39.375,173.91304348,57.5,47.01492537,79.26421405,85.36585366,88.0,22.38993711,33.96226415,15.59748428,5,2.9671723073975067,1.6851060477797049,20.30456853,Águilas,Latina,87.5,100.0,100.0,48,58.028014983185685,104.50632915083159,True,False,False,False,False
10,107,10171,330.63929018,50.18631117,10.92592593,31.2962963,44.9704142,286.44067797,34.9112426,73.07692308,66.84491979,71.66666667,80.64516129,9.78762696,21.6989843,6.00184672,10,3.275472795188784,3.052994369145308,31.2962963,Águilas,Latina,92.3076923076923,100.0,100.0,52,53.01435084781906,98.38524474069736,True,False,False,False,False
10,107,10179,454.66055417,48.50431266,11.93520887,24.55242967,69.09722222,205.71428571,48.61111111,57.44966443,66.66666667,41.66666667,68.08510638,19.96601529,31.69073917,13.76380629,0,2.588744480263154,0.0,24.55242967,Águilas,Latina,95.34883720930233,100.0,100.0,43,55.42411208180102,88.65191898050803,True,False,False,False,False
10,107,10198,130.98234078,46.03692653,11.60409556,25.74353974,30.87121212,221.8487395,45.07575758,59.61089494,83.57142857,62.40601504,82.71604938,16.43305945,26.7762204,11.35814403,32,15.796022483876097,2.0258264403373842,25.74353974,Águilas,Latina,95.18072289156626,100.0,100.0,249,46.2083715360555,88.25413499791478,True,False,False,False,False
10,107,10172,309.34243821,48.22862008,10.6557377,27.86885246,48.52941176,261.53846154,38.23529412,62.66666667,73.74517375,62.74509804,73.91304348,14.38263229,24.9660787,9.76933514,26,2.3824729780728098,10.913030384517302,27.86885246,Águilas,Latina,100.0,100.0,100.0,40,29.973603729925877,72.20931307555966,True,False,False,False,False
10,107,10178,175.65581475,51.18529953,9.70504282,34.25309229,41.66666667,352.94117647,28.33333333,78.43803056,70.72463768,65.07936508,111.11111111,12.22748815,19.81042654,7.96208531,2,6.00606362801094,0.33299680520739844,34.25309229,Águilas,Latina,73.95833333333334,100.0,100.0,96,80.6315366353995,121.34242105814303,True,False,True,False,False
10,107,10191,334.00305707,48.42439347,10.5973025,27.03917791,42.51781473,255.15151515,39.19239905,60.35015448,72.46891652,54.54545455,63.63636364,21.24120282,31.0940499,15.48304543,58,4.679597886688559,12.394227325596718,27.03917791,Águilas,Latina,100.0,100.0,100.0,73,19.21758829761599,47.70647055398365,True,False,False,False,False
10,107,10190,296.04924465,45.11682036,13.34445371,22.76897415,52.38095238,170.625,58.60805861,56.52741514,85.02415459,86.44067797,72.72727273,23.09602649,37.33443709,16.55629139,30,4.080402236526619,7.352216340695139,22.76897415,Águilas,Latina,100.0,100.0,100.0,65,32.31001392771836,79.1502733893511,True,False,False,False,False
10,107,10170,508.53793862,47.95777269,9.30434783,25.56521739,35.03401361,274.76635514,36.39455782,53.53805073,67.56152125,63.01369863,84.375,14.26101988,26.44770959,9.68020743,5,2.2751498209635463,2.1976574702594553,25.56521739,Águilas,Latina,86.11111111111111,100.0,100.0,36,51.71381836661358,106.80547448364746,True,False,False,False,False
10,107,10199,191.22842454,50.11403161,10.87354918,32.37629811,43.39622642,297.75280899,33.58490566,76.21097955,70.14652015,67.34693878,111.11111111,15.07598784,21.45896657,11.79331307,44,8.602277637272161,5.114924425288915,32.37629811,Águilas,Latina,100.0,100.0,100.0,139,30.060201263987384,64.12983550356454,True,False,False,False,False
10,107,10173,370.01540892,49.5945157,10.61093248,31.76848875,25.30364372,299.39393939,33.40080972,73.54910714,64.40366972,73.86363636,51.5625,14.28571429,22.16527867,8.39205637,0,4.218743226319988,0.0,31.76848875,Águilas,Latina,83.07692307692308,100.0,100.0,65,65.59603113014113,106.729090317795,True,False,False,False,False
10,107,10174,164.66500585,50.98679379,10.66666667,32.77777778,41.01694915,307.29166667,32.54237288,76.8172888,69.10299003,55.76923077,67.85714286,8.31485588,17.40576497,4.21286031,4,5.47778804204099,0.7302217554422981,32.77777778,Águilas,Latina,97.72727272727273,100.0,100.0,88,56.51246194988151,87.92013465445913,True,False,False,False,False
10,107,10189,332.29447097,47.01129332,11.45833333,23.76302083,43.83561644,207.38636364,48.21917808,54.3718593,76.73179396,40.51724138,124.44444444,15.96365996,29.9156392,10.64243997,11,4.637453026294565,2.371991681129601,23.76302083,Águilas,Latina,84.0,100.0,100.0,75,59.91109667609392,108.28822469768616,True,False,False,False,False
10,107,10210,164.88927632,46.25095149,13.37907376,28.04459691,30.58103976,209.61538462,47.70642202,70.71742313,83.60215054,92.98245614,90.90909091,10.04255319,17.44680851,7.74468085,32,7.125994038278182,4.4906015677402955,28.04459691,Águilas,Latina,97.32142857142857,100.0,100.0,112,35.0310452898226,76.0177058816984,True,False,False,False,False
10,107,10175,374.12339703,49.5892896,10.32338308,30.59701493,41.46341463,296.38554217,33.7398374,69.26315789,69.03914591,81.57894737,46.66666667,12.9950495,25.24752475,8.04455446,11,2.1597152340928734,5.093264068501251,30.59701493,Águilas,Latina,100.0,100.0,100.0,36,38.27757453834757,66.20134827554465,True,False,False,False,False
10,107,10201,289.15838363,49.70495399,11.5819209,32.29755179,41.6909621,278.86178862,35.86005831,78.18791946,71.75792507,47.69230769,61.2244898,13.33333333,21.12676056,8.92018779,5,3.6831026188375238,1.3575510968462021,32.29755179,Águilas,Latina,79.66101694915254,100.0,100.0,59,62.2409591823918,113.1432415594569,True,False,True,False,False
10,106,10221,4.21618746,39.71590492,12.88088643,8.17174515,16.94915254,63.44086022,157.62711864,26.68227033,79.32843652,64.49275362,87.17948718,18.04407713,24.33425161,9.09090909,35,516.5566918477765,0.06775635772871588,8.17174515,Cuatro Vientos,Latina,6.0488749092668765,10.537140091942899,15.521413017178803,8266,608.1393303492855,1349.0320544188512,False,False,False,False,False
10,107,10176,445.50573835,49.54711793,11.52597403,32.62987013,34.07960199,283.09859155,35.32338308,79.06976744,76.41025641,56.71641791,113.15789474,13.08562197,23.1825525,8.31987076,0,2.778864318553346,0.0,32.62987013,Águilas,Latina,97.72727272727273,100.0,100.0,44,61.242331889826445,88.62305347123812,True,False,False,False,False
10,107,10169,167.01548688,45.23005359,12.85878301,22.3880597,60.51282051,174.10714286,57.43589744,54.43262411,91.18644068,93.10344828,78.04878049,22.8050171,38.08437856,14.70923603,60,5.251010049218386,11.426373104909791,22.3880597,Águilas,Latina,92.85714285714286,100.0,100.0,84,28.68290724261366,82.00716430492629,True,False,False,False,False
10,107,10187,215.83356479,42.88326565,14.55563331,17.84464661,49.01960784,122.59615385,81.56862745,47.92960663,90.53254438,72.11538462,72.05882353,20.51460362,36.99582754,17.10709318,74,6.662541117741844,11.106873292375425,17.84464661,Águilas,Latina,99.04761904761905,100.0,100.0,105,22.25467431835109,69.84338828609499,True,False,False,False,False
10,107,10209,197.62298812,49.08856345,10.79295154,30.54331865,38.94230769,282.99319728,35.33653846,70.46307885,69.27966102,32.75862069,109.30232558,19.21682379,26.39593909,13.19796954,42,6.977933149834308,6.0189742575847545,30.54331865,Águilas,Latina,98.1981981981982,100.0,100.0,111,32.77004272148383,72.23521578822275,True,False,False,False,False
10,107,10188,325.05342218,44.89101806,13.33973129,21.97696737,40.17467249,164.74820144,60.69868996,54.59940653,79.73333333,68.18181818,68.88888889,16.92015209,27.37642586,11.121673,37,3.2363910920838213,11.432487282053646,21.97696737,Águilas,Latina,100.0,100.0,100.0,52,26.007338240901532,62.60180652553414,True,False,False,False,False
10,107,10168,449.26450619,46.57008466,11.80502666,25.36176695,48.04804805,214.83870968,46.54654655,59.15151515,78.95878525,76.11940299,94.11764706,25.24565382,39.68253968,16.4021164,35,2.9448130929099645,11.885304396488602,25.36176695,Águilas,Latina,100.0,100.0,100.0,47,25.058485589285965,55.78823802420523,True,False,False,False,False
10,107,10202,209.31891504,46.72344707,12.25,24.625,37.56345178,201.02040816,49.74619289,58.41584158,74.74048443,70.68965517,74.28571429,12.70236613,18.55541719,7.97011208,1,3.8362514913789543,0.260671127074765,24.625,Águilas,Latina,95.23809523809523,100.0,100.0,63,51.248079964378206,96.08907886494843,True,False,False,False,False
10,107,10203,300.22246703,48.75339837,11.30764371,30.06948831,40.96638655,265.92178771,37.60504202,70.58189655,72.81191806,76.62337662,71.875,14.17816813,23.40025094,9.78670013,84,5.3093961146368045,15.821008300441362,30.06948831,Águilas,Latina,100.0,100.0,100.0,84,15.152609005036048,36.06812577123234,True,False,False,False,False
10,107,10204,284.71618792,46.14946849,10.57082452,22.72727273,50.69767442,215.0,46.51162791,50.0,86.39053254,80.0,96.77419355,19.20251836,31.05981112,12.9066107,11,3.347192890422968,3.2863358521922486,22.72727273,Águilas,Latina,100.0,100.0,100.0,54,28.082642419485275,51.770664810539046,True,False,False,False,False
10,107,10205,23.69829726,52.74317862,8.61561119,37.70250368,30.6640625,437.60683761,22.8515625,86.28257888,70.3271028,29.19708029,58.97435897,7.61346999,13.25036603,4.39238653,278,57.64127208233219,4.822933116446794,37.70250368,Águilas,Latina,75.2979414951246,84.61538461538461,91.54929577464789,923,44.21664053348391,187.31636761958094,False,False,False,False,False
11,112,11026,427.87848582,43.30912352,11.13945578,17.09183673,37.31343284,153.4351145,65.17412935,39.33649289,95.37037037,46.96132597,88.0,29.93254637,44.22428331,21.12141653,11,5.543629975864419,1.9842594198911643,17.09183673,Opañel,Carabanchel,90.58823529411765,100.0,100.0,85,52.285264654582306,95.88394938836726,True,False,False,False,False
11,112,11028,299.16457442,47.80096402,11.22740247,27.21217888,33.91608392,242.37288136,41.25874126,62.44204019,76.29427793,54.54545455,79.48717949,18.65530303,30.11363636,15.43560606,23,3.5298297000878693,6.515895086787743,27.21217888,Opañel,Carabanchel,100.0,100.0,100.0,56,40.74024739834945,68.14602253809363,True,False,False,False,False
11,112,11031,394.02074783,52.63160343,7.56756757,37.51351351,32.27665706,495.71428571,20.17291066,82.08661417,77.62237762,40.90909091,60.0,10.18220793,19.07824223,7.82422294,8,2.3678956124651593,3.378527312558087,37.51351351,Opañel,Carabanchel,100.0,100.0,100.0,38,32.421046474304134,56.283747733673145,True,False,False,False,False
11,112,11032,399.10359267,42.34144892,11.23529412,15.94117647,42.06642066,141.88481675,70.4797048,37.31825525,103.61842105,59.80392157,115.38461538,36.54407472,55.28312901,30.88149445,29,4.292118716686191,6.7565698700873735,15.94117647,Opañel,Carabanchel,97.10144927536231,100.0,100.0,69,28.494443317679476,82.20041598783436,True,False,False,False,False
11,111,11021,332.24084509,41.53623023,13.0685458,14.86226778,31.46551724,113.7254902,87.93103448,38.75555556,96.67832168,52.83018868,86.66666667,32.07908163,49.48979592,24.10714286,60,4.719467889603917,12.713297643611158,14.86226778,Comillas,Carabanchel,100.0,100.0,100.0,75,18.64092540526389,54.70054393219449,True,False,False,False,False
10,107,10167,49.08729611,46.85499629,8.39552239,19.7761194,42.9245283,235.55555556,42.45283019,39.22077922,71.875,43.72294372,82.35294118,11.55988858,19.40575673,8.58867224,122,43.88100731750848,2.780246112338495,19.7761194,Águilas,Latina,56.06276747503567,77.31811697574894,93.72325249643366,701,87.09935705796003,186.34038209698684,False,False,False,False,False
11,112,11025,389.89092378,43.69229379,11.63610719,20.73342736,27.89115646,178.18181818,56.12244898,47.86235662,98.9626556,39.56043956,68.96551724,26.65736218,40.89323098,19.4696441,31,3.6753869161814365,8.434486139001557,20.73342736,Opañel,Carabanchel,93.33333333333333,100.0,100.0,60,42.10521397811564,84.85300770608808,True,False,False,False,False
11,112,11030,159.68115083,43.09783577,12.31638418,17.96610169,33.33333333,145.87155963,68.55345912,43.43598055,96.49681529,63.49206349,83.87096774,31.15860517,46.23172103,23.95950506,57,5.567344644960358,10.238274013015744,17.96610169,Opañel,Carabanchel,100.0,100.0,100.0,88,29.99042234076203,54.01096245421116,True,False,False,False,False
11,112,11033,544.06603283,40.08482408,12.52642706,13.10782241,32.25806452,104.64135021,95.56451613,34.47050462,108.7537092,56.63716814,95.94594595,43.19371728,59.79057592,36.17801047,15,3.5106032811429233,4.272769891309551,13.10782241,Opañel,Carabanchel,85.96491228070175,100.0,100.0,57,34.848519337677644,108.91518428022329,True,False,False,False,False
11,112,11022,239.34302677,44.5493878,10.52955665,18.71921182,33.55263158,177.77777778,56.25,41.34029591,82.6709062,53.04347826,53.84615385,20.54878049,31.95121951,14.3902439,10,6.852090165972113,1.4594086997950777,18.71921182,Opañel,Carabanchel,63.888888888888886,90.74074074074075,100.0,108,79.91160861544827,145.15726462813552,True,False,False,False,False
11,112,11023,496.21975882,42.92880217,11.24087591,17.73722628,38.68312757,157.79220779,63.3744856,40.8016444,100.20576132,77.92207792,95.65217391,27.75362319,44.49275362,20.86956522,0,2.7810258972336417,0.0,17.73722628,Opañel,Carabanchel,93.18181818181817,100.0,100.0,44,64.75579455736897,90.55260518820576,True,False,False,False,False
11,111,11019,291.95379749,44.26928729,10.42944785,18.03680982,46.93877551,172.94117647,57.82312925,39.7941681,99.65753425,50.90909091,128.0,24.81662592,38.63080685,15.77017115,14,2.801813187708154,4.99676426016533,18.03680982,Comillas,Carabanchel,100.0,100.0,100.0,45,35.20180644502017,61.87108254393398,True,False,False,False,False
11,112,11024,500.85579316,43.64120774,11.52796726,17.87175989,40.07633588,155.0295858,64.50381679,41.7231365,89.5412844,63.33333333,85.71428571,28.88135593,43.05084746,18.37288136,1,2.944959447687045,0.339563249601075,17.87175989,Opañel,Carabanchel,68.08510638297872,100.0,100.0,47,80.81628115632722,119.54183180474232,True,False,False,False,False
11,112,11029,289.36442167,44.41678721,10.58201058,19.68253968,38.17204301,186.0,53.76344086,43.39908953,97.30538922,69.81132075,96.2962963,25.1572327,37.21174004,16.56184486,12,3.29688077917341,3.6398040462381007,19.68253968,Opañel,Carabanchel,100.0,100.0,100.0,52,44.812169329103014,71.60580270946281,True,False,False,False,False
10,107,10214,109.90100914,48.23024132,5.35818288,19.97670355,19.5335277,372.82608696,26.82215743,33.93135725,71.61981258,16.94915254,116.0,4.86111111,10.70601852,2.71990741,55,15.723240518871886,3.4980066567057864,19.97670355,Águilas,Latina,85.6,96.8,100.0,250,42.119196607292835,116.65375485650442,True,False,False,False,False
11,111,11018,413.92202727,42.58974407,15.55834379,18.31869511,21.91780822,117.74193548,84.93150685,51.23339658,95.18518519,33.33333333,108.82352941,16.3545568,24.96878901,11.48564295,3,1.9351470741759054,1.550269765039729,18.31869511,Comillas,Carabanchel,,,,29,,,False,False,False,False,False
11,112,11035,317.49248192,41.66502372,12.62509623,15.31947652,28.14070352,121.34146341,82.4120603,38.78205128,96.22641509,53.40909091,100.0,32.517215,49.57918898,24.10099464,0,4.116632910792493,0.0,15.31947652,Opañel,Carabanchel,65.67164179104478,100.0,100.0,67,89.68752198648329,125.87461573851394,True,False,False,False,False
11,112,11034,326.21956413,41.74109353,10.01757469,13.53251318,35.06493506,135.0877193,74.02597403,30.8045977,102.3255814,66.1971831,76.31578947,34.7027972,55.06993007,27.01048951,6,3.5068405632126587,1.7109417699056522,13.53251318,Opañel,Carabanchel,87.5,100.0,100.0,56,52.98196398023755,102.1674976877117,True,False,False,False,False
11,111,11017,444.42023728,42.714728,11.80274859,16.49151172,30.88235294,139.7260274,71.56862745,39.45885006,102.51141553,48.35164835,97.61904762,23.36,35.52,14.0,5,2.8126531943331354,1.777680949103102,16.49151172,Comillas,Carabanchel,100.0,100.0,100.0,50,32.501054654420564,54.28682158778303,True,False,False,False,False
11,112,11039,241.6470222,39.67285424,13.86778116,10.94224924,31.25,78.90410959,126.73611111,32.99646286,89.92322457,68.70229008,83.7037037,21.3559322,33.59698682,12.9566855,12,10.987100009844761,1.0921899308505112,10.94224924,Opañel,Carabanchel,54.02298850574713,85.63218390804597,100.0,174,92.47886407912357,159.52722976578278,True,False,False,False,False
11,112,11038,481.86655668,43.31019307,11.35822081,18.66560763,42.12765957,164.33566434,60.85106383,42.90578888,102.52873563,74.62686567,107.5,30.96926714,46.65090623,21.35539795,1,2.633509178890077,0.3797214788601806,18.66560763,Opañel,Carabanchel,63.63636363636363,100.0,100.0,44,86.3467728760447,126.76008704819276,True,False,False,False,False
11,111,11016,296.11093984,45.86109959,8.45070423,22.70091135,38.68613139,268.62745098,37.22627737,45.24669073,108.79396985,43.18181818,115.38461538,24.44444444,40.08230453,16.13168724,8,4.103191866696869,1.9497016615116565,22.70091135,Comillas,Carabanchel,80.95238095238095,100.0,100.0,63,61.06653420744585,118.34613031814213,True,False,False,False,False
11,112,11037,511.83463628,42.03459501,10.54333765,15.32988357,32.91139241,145.39877301,68.77637131,34.93449782,101.58450704,52.52525253,56.4516129,36.31713555,53.00511509,26.72634271,0,3.055674409585524,0.0,15.32988357,Opañel,Carabanchel,71.42857142857143,100.0,100.0,49,80.11640593497435,116.53428402803787,True,False,False,False,False
11,112,11036,361.03249058,41.78864553,10.88534107,13.78809869,30.52631579,126.66666667,78.94736842,32.75529865,97.33840304,54.32098765,124.32432432,35.01440922,51.58501441,25.7204611,6,3.8445293324671,1.5606591811720416,13.78809869,Opañel,Carabanchel,93.44262295081968,100.0,100.0,61,52.758425460387116,91.7942748758869,True,False,False,False,False
11,111,11015,414.50737119,43.00998922,9.89143546,18.03377563,31.77257525,182.31707317,54.84949833,38.74476987,119.66911765,43.39622642,102.0,25.26946108,38.74251497,16.40718563,6,4.028878895933013,1.489248040207104,18.03377563,Comillas,Carabanchel,69.6969696969697,98.48484848484848,100.0,66,74.60613619547766,127.15980569869619,True,False,False,False,False
11,112,11040,806.45757523,41.80395333,12.64367816,15.22988506,35.8490566,120.45454545,83.01886792,38.64541833,97.12041885,44.87179487,84.09090909,31.42857143,49.04761905,23.9047619,5,1.3019903740064904,3.8402741677835746,15.22988506,Opañel,Carabanchel,,,,21,,,False,False,False,False,False
11,111,11005,329.99389293,49.02787668,8.96057348,27.68817204,44.01294498,309.0,32.36245955,57.85007072,88.53333333,37.33333333,100.0,15.81769437,27.16711349,10.00893655,12,3.3909718451391977,3.5388085032913055,27.68817204,Comillas,Carabanchel,100.0,100.0,100.0,53,41.2782945386727,73.14299133073287,True,False,False,False,False
10,107,10165,18.40498769,47.4580544,11.3430127,24.68239564,37.86764706,217.6,45.95588235,56.31205674,69.0647482,54.92957746,61.36363636,13.68993654,23.75339982,10.60743427,21,59.929407098491744,0.3504122769892798,24.68239564,Águilas,Latina,23.983315954118876,41.50156412930136,60.47966631908238,959,173.41005853219443,317.4028661920523,False,False,False,False,False
11,111,11006,503.92138769,45.36981556,9.95508982,21.78143713,45.36082474,218.79699248,45.70446735,46.49122807,108.21917808,31.31313131,119.04761905,20.14814815,31.33333333,12.2962963,2,2.678989288798082,0.7465502039753552,21.78143713,Comillas,Carabanchel,38.63636363636363,90.9090909090909,100.0,44,112.35555402058623,148.89891114729653,True,False,False,False,False
11,112,11041,459.89880861,39.61099939,11.48442272,11.7898595,30.56994819,102.65957447,97.40932642,30.3343949,124.68694097,81.48148148,72.58064516,39.58712811,60.95931998,30.54037644,28,3.581222584535569,7.818558980642411,11.7898595,Opañel,Carabanchel,100.0,100.0,100.0,58,21.302276220163492,48.7536846828617,True,False,False,False,False
11,112,11042,389.33448829,42.60105645,10.28106509,15.31065089,34.7826087,148.92086331,67.14975845,34.39363817,91.98473282,67.5,129.41176471,27.27272727,44.28152493,20.08797654,3,3.503414264676385,0.8563075255609585,15.31065089,Opañel,Carabanchel,81.81818181818183,100.0,100.0,55,45.85128365619288,120.5403344858177,True,False,False,False,False
11,111,11013,191.79322845,42.38436169,11.03117506,15.82733813,33.33333333,143.47826087,69.6969697,36.72131148,105.73355818,43.11926606,105.66037736,26.82926829,43.48602023,19.27424152,82,8.764647290188869,9.355767241402933,15.82733813,Comillas,Carabanchel,98.56115107913669,100.0,100.0,139,25.31844584472058,68.58188361165061,True,False,False,False,False
11,111,11007,420.56566421,43.39721926,9.74426808,17.01940035,36.26943005,174.66063348,57.25388601,36.54425045,97.26840855,49.65034965,121.875,26.52078775,43.19474836,16.3238512,5,5.433158706047701,0.9202749764026683,17.01940035,Comillas,Carabanchel,60.91954022988506,96.55172413793103,100.0,87,85.01477915088584,132.7292156675351,True,False,False,False,False
11,112,11044,116.12489221,48.01030103,7.83861671,25.64841499,20.2247191,327.20588235,30.56179775,50.34662045,76.45259939,45.0617284,90.0,8.54357798,15.48165138,5.84862385,73,15.018313186990909,4.860732300031785,25.64841499,Opañel,Carabanchel,76.34854771784232,97.0954356846473,100.0,241,54.11488981838348,132.1650366012534,True,False,True,False,False
11,111,11004,308.52905083,48.77591561,8.57908847,30.29490617,25.66371681,353.125,28.31858407,63.59649123,79.8816568,48.8372093,133.33333333,12.22591362,21.46179402,5.58139535,7,4.877984734247356,1.4350188410501572,30.29490617,Comillas,Carabanchel,82.05128205128204,97.43589743589743,100.0,78,56.44803210087108,122.4762853874556,True,False,False,False,False
11,112,11045,286.31780794,48.20693964,9.82019364,28.90733057,35.40669856,294.36619718,33.97129187,63.20541761,92.60869565,20.83333333,110.52631579,14.81481481,22.90809328,8.36762689,14,2.5461217562639087,5.498558725857289,28.90733057,Opañel,Carabanchel,100.0,100.0,100.0,41,28.861854687266035,64.03406046807606,True,False,False,False,False
11,111,11003,650.34339636,50.22811034,8.41555427,33.08183401,34.21052632,393.10344828,25.43859649,70.93253968,79.3594306,41.0,80.76923077,12.18390805,22.01149425,7.24137931,4,2.675509599622981,1.4950422904719383,33.08183401,Comillas,Carabanchel,100.0,100.0,100.0,43,40.40190589629059,61.46461157709813,True,False,False,False,False
11,111,11011,775.24656329,43.3360625,13.08840413,18.59931114,40.12345679,142.10526316,70.37037037,46.38655462,91.31832797,45.0,89.47368421,16.25,28.40909091,11.13636364,1,1.135122736023192,0.8809620037242993,18.59931114,Comillas,Carabanchel,,,,16,,,False,False,False,False,False
11,112,11043,613.852441,44.8901513,8.04140127,22.13375796,34.89208633,275.24752475,36.33093525,43.26484018,116.83168317,64.47368421,97.14285714,31.57480315,42.75590551,23.1496063,14,2.0689011156177735,6.766877302311088,22.13375796,Opañel,Carabanchel,100.0,100.0,100.0,32,23.985469547109666,60.48686811674422,True,False,False,False,False
11,111,11012,529.70370482,42.33896357,8.86075949,16.10650371,30.35230352,181.77339901,55.01355014,33.27515998,121.23552124,55.72519084,101.53846154,29.74848222,44.79618387,19.9045967,3,4.3533771409096484,0.6891201710525688,16.10650371,Comillas,Carabanchel,56.33802816901409,100.0,100.0,71,88.62884011454804,137.4396638534278,True,False,False,False,False
11,111,11002,767.04299853,49.12692253,8.87432996,28.40976772,39.83228512,320.13422819,31.23689727,59.44919278,72.90640394,36.36363636,83.67346939,17.38616203,28.32643406,10.5854524,4,2.204570021812149,1.81441277002942,28.40976772,Comillas,Carabanchel,100.0,100.0,100.0,34,39.57138962338123,62.27330903619377,True,False,False,False,False
11,113,11047,654.74897429,43.531841,10.35689293,17.91462561,26.171875,172.97297297,57.8125,39.41463415,95.98470363,41.83673469,71.42857143,27.12691771,41.91073919,20.78103208,4,2.1901523428276435,1.8263569715135495,17.91462561,San Isidro,Carabanchel,100.0,100.0,100.0,33,35.91988028881355,55.29614039158848,True,False,False,False,False
11,112,11046,523.1714405,48.25655542,7.12589074,25.89073634,31.65137615,363.33333333,27.52293578,49.29078014,87.37541528,28.81355932,95.23809524,18.98584906,30.18867925,12.5,9,1.620883584904985,5.552527080794376,25.89073634,Opañel,Carabanchel,,,,27,,,False,False,False,False,False
11,111,11010,514.17467733,48.71602368,7.57918552,28.28054299,28.4,373.13432836,26.8,56.00706714,77.98742138,43.85964912,137.5,15.76576577,27.92792793,7.77027027,13,1.7270395434597365,7.527331987985298,28.28054299,Comillas,Carabanchel,,,,28,,,False,False,False,False,False
11,113,11048,342.87187704,42.23811323,14.23076923,17.37179487,22.87822878,122.07207207,81.91881919,46.20431115,85.88850174,52.54237288,95.65217391,14.50381679,27.16284987,11.06870229,44,4.584802969399569,9.59692276716578,17.37179487,San Isidro,Carabanchel,100.0,100.0,100.0,76,35.85991969151948,71.64230460617316,True,False,False,False,False
11,113,11055,172.17719951,43.11568537,9.00735294,15.37990196,39.0438247,170.74829932,58.56573705,32.2528363,98.39228296,57.65765766,76.59574468,34.02439024,48.7195122,23.04878049,62,9.525070710282591,6.509138030132332,15.37990196,San Isidro,Carabanchel,90.25974025974025,99.35064935064936,100.0,154,29.2978429502899,98.8121062392346,True,False,False,False,False
11,111,11001,138.50636882,45.52338647,8.69918699,22.43902439,31.52173913,257.94392523,38.76811594,45.21841795,100.71090047,37.03703704,61.36363636,23.1078905,37.11755233,16.82769726,37,8.967096680116313,4.126196172507428,22.43902439,Comillas,Carabanchel,87.5,100.0,100.0,144,41.76383080717768,102.41512298922133,True,False,False,False,False
11,113,11049,247.60608905,45.90629244,8.86649874,23.02267003,30.6345733,259.65909091,38.51203501,46.81952663,104.22960725,47.61904762,112.0,19.52929394,29.74461693,12.76915373,17,8.06522976758513,2.1078134770970194,23.02267003,San Isidro,Carabanchel,86.92307692307692,100.0,100.0,130,62.351182442260765,104.38541153100041,True,False,False,False,False
11,113,11050,303.68362076,45.61191748,10.3588907,22.18597064,33.45588235,214.17322835,46.69117647,48.24667473,87.95454545,39.28571429,86.95652174,15.45307443,26.29449838,8.17152104,22,4.070025235167625,5.40537189054896,22.18597064,San Isidro,Carabanchel,100.0,100.0,100.0,65,28.813115069243924,55.66379017606914,True,False,False,False,False
10,104,10207,82.49969997,52.5866696,8.02060338,34.51066961,52.45202559,430.27522936,23.24093817,74.00768246,69.4143167,58.42696629,103.44827586,12.45421245,19.26739927,8.20512821,22,16.545514716016875,1.3296654940993111,34.51066961,Aluche,Latina,56.343283582089555,89.92537313432835,100.0,268,88.47187249696131,150.04276297440717,False,False,False,False,False
10,101,10219,128.46241849,48.06749333,6.69642857,20.9077381,14.94661922,312.22222222,32.02846975,38.1294964,68.04835924,20.42553191,77.77777778,6.81481481,13.11111111,4.22222222,27,10.508910044755385,2.5692483697179154,20.9077381,Los Cármenes,Latina,87.34939759036145,100.0,100.0,166,57.588002439059245,106.4199822927888,True,False,False,False,False
10,103,10213,172.71721014,45.33184196,9.13569189,17.91312136,22.0,196.07843137,51.0,37.07796194,76.2987013,34.53815261,90.76923077,6.42857143,12.76785714,4.19642857,61,12.969176598893949,4.703459740474369,17.91312136,Lucero,Latina,95.71428571428572,100.0,100.0,210,41.97929624220798,88.01687405509888,True,False,False,False,False
10,103,10218,63.32924474,43.14964427,11.64797239,14.15012942,18.90243902,121.48148148,82.31707317,34.76744186,69.29133858,69.0,106.06060606,6.11541774,10.68044789,3.96210164,62,18.332762450668255,3.381923491717966,14.15012942,Lucero,Latina,93.1740614334471,100.0,100.0,293,33.16166009057124,91.64280488099692,False,False,False,False,False
11,113,11051,189.80589464,46.27054004,10.12658228,22.18520986,43.54354354,219.07894737,45.64564565,47.73622047,84.05797101,34.82142857,79.62962963,14.75843812,24.02382528,6.55195235,23,7.960764352888962,2.889169805868365,22.18520986,San Isidro,Carabanchel,100.0,100.0,100.0,125,36.018001054681704,60.74676630987352,True,False,False,False,False
10,103,10212,187.17460947,52.1701105,9.89988877,41.26807564,21.29380054,416.85393258,23.98921833,104.78359909,71.484375,26.66666667,67.64705882,8.39779006,15.24861878,5.85635359,35,4.835057503610595,7.238797051299522,41.26807564,Lucero,Latina,98.68421052631578,100.0,100.0,76,47.4884788168475,83.46435580865878,True,False,False,False,False
10,101,10215,108.08993884,45.74003933,7.69230769,17.71347918,23.10756972,230.27522936,43.42629482,34.09090909,77.4789916,40.11976048,100.0,8.21052632,12.63157895,4.70175439,104,13.183465688306658,7.888669220889687,17.71347918,Los Cármenes,Latina,94.88372093023256,100.0,100.0,215,28.730521488469705,83.56499897091143,True,False,False,False,False
11,113,11054,19.65091658,40.23534395,15.48013245,16.22516556,21.93877551,104.81283422,95.40816327,46.42424242,97.36842105,84.94623656,107.27272727,17.72875817,28.5130719,11.92810458,253,62.28717091743384,4.0618316143362785,16.22516556,San Isidro,Carabanchel,78.05864509605662,91.30434782608695,98.28109201213347,989,49.50986265386326,141.4110917499962,False,False,False,False,False
10,101,10217,388.14880704,45.24878989,11.67664671,21.05788423,37.44075829,180.34188034,55.45023697,48.66468843,80.21390374,56.52173913,89.74358974,12.88404361,21.90287413,8.62239841,1,2.5995184880361166,0.3846866273897824,21.05788423,Los Cármenes,Latina,97.77777777777777,100.0,100.0,45,54.923021666951506,81.80228879946232,True,False,False,False,False
10,102,10211,251.42982491,49.69678664,8.55813953,32.37209302,26.14942529,378.26086957,26.43678161,69.29133858,96.59442724,21.31147541,128.0,12.89424861,17.62523191,6.40074212,16,4.287478625004619,3.731797030237734,32.37209302,Puerta del Ángel,Latina,100.0,100.0,100.0,67,42.451789125797916,70.45267259722395,True,False,False,False,False
10,102,10206,232.75247588,47.77560364,8.33970926,24.17750574,37.65822785,289.90825688,34.49367089,48.18594104,78.18181818,42.39130435,141.93548387,11.61731207,18.37509491,5.54290053,23,5.6583716028715045,4.064773686536951,24.17750574,Puerta del Ángel,Latina,97.82608695652173,100.0,100.0,92,37.75193934611441,76.85014640151594,True,False,False,False,False
11,116,11155,149.41863086,39.46257697,16.66029805,9.70576997,31.88976378,58.25688073,171.65354331,35.80695381,69.33216169,160.68376068,58.95522388,13.60699354,21.32269099,8.51387305,53,17.608245939199083,3.009953415178771,9.70576997,Buenavista,Carabanchel,81.13879003558719,97.86476868327402,100.0,281,54.45417339477998,119.98294295498226,True,False,False,False,False
11,116,11152,285.32812366,43.10810385,13.27433628,16.81415929,32.8320802,126.66666667,78.94736842,43.03797468,72.09543568,74.35897436,57.84313725,20.85427136,31.36515913,12.26968174,6,8.369311687154394,0.7169048333101368,16.81415929,Buenavista,Carabanchel,57.66423357664233,85.40145985401459,99.27007299270073,137,89.14272208122438,162.99057032379545,True,False,False,False,False
11,116,11151,522.04327984,40.78658756,12.74834437,15.31456954,34.59459459,120.12987013,83.24324324,39.01035673,112.46943765,83.33333333,124.3902439,26.67757774,40.50736498,18.73977087,0,2.3408020890158223,0.0,15.31456954,Buenavista,Carabanchel,80.55555555555556,100.0,100.0,36,59.42568540619472,114.77332908174148,True,False,False,False,False
11,116,11154,501.38626015,40.89354532,14.49056604,15.24528302,34.15841584,105.20833333,95.04950495,42.32008593,93.55509356,107.8125,61.53846154,28.53932584,46.1423221,17.22846442,4,2.6626178379881793,1.502280929291122,15.24528302,Buenavista,Carabanchel,87.8048780487805,100.0,100.0,41,64.88187805546491,104.21448123977301,True,False,False,False,False
11,116,11153,486.73502546,43.09304038,12.72321429,17.35491071,39.22829582,136.40350877,73.31189711,43.01675978,83.72434018,79.41176471,112.5,32.07964602,43.19690265,22.45575221,0,3.714546735786648,0.0,17.35491071,Buenavista,Carabanchel,44.827586206896555,79.3103448275862,98.27586206896551,58,102.43575354009369,171.72617724678122,True,False,False,False,False
11,116,11150,84.1013514,44.23919044,11.99684294,18.2320442,41.99134199,151.97368421,65.8008658,43.32579186,89.69957082,51.81818182,58.0,22.3354232,32.75862069,12.69592476,18,15.172169991624259,1.1863827000314942,18.2320442,Buenavista,Carabanchel,43.0327868852459,71.72131147540983,96.31147540983606,244,114.78143404052173,186.4439867653259,False,False,False,False,False
11,116,11149,347.64918422,46.45787343,11.28691983,20.56962025,61.02564103,182.24299065,54.87179487,46.74922601,69.10994764,51.35135135,53.84615385,19.87447699,33.9958159,12.76150628,13,2.749898585690756,4.727447065737694,20.56962025,Buenavista,Carabanchel,97.77777777777777,100.0,100.0,45,42.48018126192506,71.3554704981022,True,False,False,False,False
11,116,11148,237.53694986,41.93161984,14.89021956,14.37125749,33.33333333,96.51474531,103.61111111,41.36568849,68.12144213,86.71875,64.28571429,17.81746032,28.53174603,10.5952381,41,10.608875557108568,3.86468855999801,14.37125749,Buenavista,Carabanchel,89.94082840236686,100.0,100.0,169,45.48357945539924,97.41106757215965,True,False,False,False,False
11,116,11156,109.04819955,37.39281858,20.50147493,7.12881023,21.37931034,34.77218225,287.5862069,38.17934783,65.02242152,119.41747573,62.18487395,11.39364303,19.46210269,8.4596577,95,18.753175279386276,5.0658087808961705,7.12881023,Buenavista,Carabanchel,88.70431893687709,99.66777408637874,100.0,301,49.07910349633255,101.96597912961829,True,False,False,False,False
11,116,11140,472.90606611,39.20788579,16.47355164,11.7884131,46.58119658,71.55963303,139.74358974,39.39606742,93.21573948,118.68131868,108.23529412,31.02244389,48.62842893,20.44887781,7,4.239742612131762,1.6510436223109233,11.7884131,Buenavista,Carabanchel,79.71014492753623,95.65217391304348,100.0,69,55.92831304541211,134.0854668941592,True,False,False,False,False
11,116,11138,223.07669808,40.54825824,14.11578113,12.1332276,41.83006536,85.95505618,116.33986928,35.59139785,86.0,76.82926829,89.36170213,30.37676609,43.95604396,17.42543171,26,5.711040243049935,4.5525856750249245,12.1332276,Buenavista,Carabanchel,97.84946236559139,100.0,100.0,93,41.50927767412529,88.60216661500628,True,False,False,False,False
11,116,11145,238.89567907,45.86699921,10.27888446,24.62151394,33.33333333,239.53488372,41.74757282,53.61077111,94.06175772,65.0,82.92682927,22.91338583,36.92913386,14.33070866,11,5.316127964093727,2.069175173038792,24.62151394,Buenavista,Carabanchel,96.42857142857143,100.0,100.0,84,53.128877231937594,88.48510548738669,True,False,False,False,False
11,116,11139,208.62634288,45.91362684,10.06451613,23.67741935,49.59128065,235.25641026,42.50681199,50.92502434,107.47474747,86.25,91.4893617,31.56549521,43.514377,19.61661342,20,7.501449617511626,2.666151346709222,23.67741935,Buenavista,Carabanchel,98.29059829059828,100.0,100.0,117,52.82367538285608,82.47716917791472,True,False,False,False,False
11,116,11146,355.95840001,45.23465003,14.04682274,24.41471572,33.97260274,173.80952381,57.53424658,62.5,85.11066398,64.13043478,95.08196721,24.6174318,36.79308051,16.83300067,18,4.222403516661483,4.262974850454845,24.41471572,Buenavista,Carabanchel,97.10144927536231,100.0,100.0,69,51.00386645133076,97.78835747841906,True,False,False,False,False
11,115,11131,402.41432667,39.28243106,14.33121019,11.78343949,44.59459459,82.22222222,121.62162162,35.34482759,107.60626398,95.52238806,80.32786885,38.74801902,58.08240887,26.86212361,13,3.1360712371342765,4.145313998632035,11.78343949,Puerta Bonita,Carabanchel,100.0,100.0,100.0,51,32.78810760006164,52.402962702045905,True,False,False,False,False
11,116,11143,381.23797066,42.33434354,13.41127923,16.36863824,51.2605042,122.05128205,81.93277311,42.40940255,97.1042471,52.68817204,80.95238095,31.83673469,47.41496599,19.18367347,16,3.8558593664469436,4.149528932312568,16.36863824,Buenavista,Carabanchel,100.0,100.0,100.0,62,58.43351992616087,81.2376337559875,True,False,False,False,False
11,115,11132,565.73612264,39.2122148,16.15523466,14.53068592,39.7515528,89.94413408,111.18012422,44.27083333,116.33802817,114.28571429,70.49180328,35.20499109,54.99108734,27.00534759,0,1.9832567783645731,0.0,14.53068592,Puerta Bonita,Carabanchel,100.0,100.0,100.0,33,47.111824417601305,74.79614387733339,True,False,False,False,False
11,115,11135,464.50296951,43.99586027,11.75390266,20.01836547,38.0733945,170.3125,58.71559633,46.5679677,95.52631579,60.0,100.0,28.94977169,44.29223744,20.54794521,2,2.3573584495224424,0.8484072502445114,20.01836547,Puerta Bonita,Carabanchel,97.36842105263158,100.0,100.0,38,56.632178618058106,87.65129006481543,True,False,False,False,False
11,117,11157,294.29060361,43.47648175,12.48,19.2,36.25,153.84615385,65.0,46.37002342,95.87155963,53.06122449,102.17391304,20.47619048,35.23809524,15.0,16,4.28148226462836,3.7370235378958947,19.2,Abrantes,Carabanchel,100.0,100.0,100.0,69,28.759793113984266,49.54526002280465,True,False,False,False,False
11,115,11134,441.15191144,45.35262283,12.21374046,21.91930207,43.28358209,179.46428571,55.72139303,51.82119205,83.58662614,52.45901639,94.11764706,28.80434783,44.23913043,20.43478261,8,2.0854494248842994,3.836103577742644,21.91930207,Puerta Bonita,Carabanchel,97.05882352941177,100.0,100.0,34,49.52976041529159,94.28972082591108,True,False,False,False,False
11,116,11141,190.45986885,43.21827925,12.02027516,19.62346126,38.00738007,163.25301205,61.25461255,46.34146341,103.67170626,74.07407407,78.33333333,30.34433286,43.1133429,19.94261119,27,7.31912716536705,3.6889644611941876,19.62346126,Buenavista,Carabanchel,89.07563025210085,100.0,100.0,119,58.546259487061164,101.81606458086944,True,False,False,False,False
11,115,11129,134.40774357,41.10739614,14.76050831,15.93352884,25.15337423,107.94701987,92.63803681,44.2877292,80.86734694,82.45614035,88.88888889,22.60869565,33.42995169,19.3236715,54,7.700449189464994,7.012577925178385,15.93352884,Puerta Bonita,Carabanchel,100.0,100.0,100.0,126,25.68976946529563,56.03784565035949,True,False,False,False,False
11,116,11142,359.1653547,45.36011139,12.30964467,22.33502538,31.81818182,181.44329897,55.11363636,53.00970874,78.81944444,58.69565217,87.5,21.7721519,35.3164557,14.81012658,2,2.199543997368451,0.9092793789952887,22.33502538,Buenavista,Carabanchel,100.0,100.0,100.0,35,51.54564773116872,77.04355471892475,True,False,False,False,False
11,115,11137,142.78656573,44.06963967,12.20575414,18.30863121,30.0,150.0,66.66666667,43.91468005,79.90970655,54.38596491,66.66666667,20.96145518,31.13902122,13.64226938,53,16.17098911360642,3.277474224220787,18.30863121,Puerta Bonita,Carabanchel,90.234375,100.0,100.0,256,44.565438482804005,99.56629960963289,True,False,False,False,False
11,117,11158,394.98733695,40.54795722,16.23076923,15.69230769,32.35294118,96.68246445,103.43137255,46.89265537,93.65426696,73.17073171,98.36065574,24.59893048,38.73185638,19.63330787,7,3.3140301734150728,2.112231824608457,15.69230769,Abrantes,Carabanchel,100.0,100.0,100.0,51,39.004666387560924,70.43020516751086,True,False,False,False,False
11,115,11130,529.89842222,39.33319671,15.76378721,13.27476818,43.75,84.21052632,118.75,40.9215956,109.51008646,106.0,86.59793814,35.76607057,54.90575157,27.11454809,16,3.9045219280769365,4.097812816710279,13.27476818,Puerta Bonita,Carabanchel,100.0,100.0,100.0,62,36.08280408702241,69.2250693081038,True,False,False,False,False
11,115,11133,357.94801344,44.27856179,13.84479718,24.1622575,32.11678832,174.52229299,57.29927007,61.3086771,102.01149425,91.07142857,97.95918367,26.73093777,38.65030675,17.52848379,18,3.187613723631522,5.646857354941148,24.1622575,Puerta Bonita,Carabanchel,62.745098039215684,100.0,100.0,51,79.29893315825576,128.71022026230264,True,False,False,False,False
11,117,11162,385.41971259,40.66191282,15.87628866,15.67010309,46.05263158,98.7012987,101.31578947,46.08433735,114.19354839,58.20895522,110.0,31.8974359,48.20512821,22.66666667,30,2.529709737617367,11.859068079587583,15.67010309,Abrantes,Carabanchel,100.0,100.0,100.0,42,16.233009466431767,31.626950334638675,True,False,False,False,False
11,115,11128,312.34816684,39.47976441,17.76649746,14.3582306,25.25252525,80.81632653,123.73737374,47.37967914,93.98340249,95.83333333,87.67123288,29.66162707,43.84449244,22.39020878,59,4.446960627409382,13.267488728446645,14.3582306,Puerta Bonita,Carabanchel,100.0,100.0,100.0,71,18.790023948598325,43.687390629064005,True,False,False,False,False
11,115,11136,267.73352439,45.11016906,12.32876712,20.92846271,41.81818182,169.75308642,58.90909091,49.82896237,78.25203252,46.39175258,72.72727273,22.94339623,35.8490566,14.86792453,19,4.948950651613838,3.8391977082665303,20.92846271,Puerta Bonita,Carabanchel,87.34177215189874,100.0,100.0,79,54.833639309287115,103.11642548046734,True,False,False,False,False
11,114,11099,239.96209346,50.42221841,11.75318315,34.6718903,38.4180791,295.0,33.89830508,86.81318681,79.60526316,47.27272727,111.11111111,13.11154599,20.15655577,7.72994129,24,4.2590060175279785,5.635117654501491,34.6718903,Vista Alegre,Carabanchel,100.0,100.0,100.0,68,24.866562431241412,46.02030728088464,True,False,False,False,False
11,116,11147,71.20025631,49.64410717,9.77653631,30.93575419,34.53724605,316.42857143,31.6027088,68.66902238,73.97540984,59.22330097,82.5,14.33542102,21.78148921,9.25539318,217,20.182511614965836,10.751882825083529,30.93575419,Buenavista,Carabanchel,98.14241486068111,100.0,100.0,323,23.449392315976354,62.155307951961845,False,False,False,False,False
11,117,11161,532.74681753,39.04347978,14.17079208,10.58168317,37.42690058,74.67248908,133.91812865,32.89473684,103.00500835,89.01098901,82.35294118,42.27941176,65.93137255,30.82107843,9,3.063368839201606,2.937942008428092,10.58168317,Abrantes,Carabanchel,92.0,100.0,100.0,50,57.00962929310666,96.34851626250075,True,False,False,False,False
11,117,11160,317.54356783,41.76305119,14.87650775,16.65709362,33.79310345,111.96911197,89.31034483,46.05704698,83.95061728,71.55172414,84.09090909,31.17178612,45.84755404,20.64846416,22,5.536248181753982,3.9738102913280176,16.65709362,Abrantes,Carabanchel,80.45977011494253,100.0,100.0,87,45.11166700533244,118.39507500323286,True,False,False,False,False
11,115,11126,335.79576225,40.74954138,14.0472879,10.01390821,20.83333333,71.28712871,140.27777778,31.68498168,70.09345794,73.04347826,89.79591837,12.06896552,19.10344828,7.17241379,1,4.318100950036159,0.2315832843119673,10.01390821,Puerta Bonita,Carabanchel,92.7536231884058,100.0,100.0,69,62.31558151904523,95.64344826200004,True,False,False,False,False
11,117,11163,270.22967779,48.08769819,10.93855503,30.65496286,31.27753304,280.24691358,35.68281938,71.21387283,84.04255319,73.17073171,77.19298246,20.92555332,32.99798793,15.62709591,20,5.517528689664672,3.624811237948543,30.65496286,Abrantes,Carabanchel,98.86363636363636,100.0,100.0,88,35.11256684243841,77.05972143573587,True,False,False,False,False
11,114,11097,166.81698412,49.03553931,10.24555461,28.61981372,47.63313609,279.33884298,35.79881657,63.5734072,80.5,61.9047619,92.68292683,17.49788673,27.64158918,12.00338123,39,7.091604049023387,5.499461014799725,28.61981372,Vista Alegre,Carabanchel,97.36842105263158,100.0,100.0,114,40.36200659894942,80.65949678982106,True,False,False,False,False
11,114,11098,180.72570607,46.67524547,13.40350877,26.73684211,40.41994751,199.47643979,50.1312336,67.05744431,75.51440329,85.71428571,87.27272727,16.0390516,24.05857741,10.66945607,128,7.934676428452161,16.131722717894032,26.73684211,Vista Alegre,Carabanchel,100.0,100.0,100.0,125,15.50551514831042,37.95879183070456,True,False,False,False,False
11,117,11165,462.75550271,44.72324274,11.74987393,22.13817448,39.86332574,188.41201717,53.07517084,51.25858124,96.84684685,66.66666667,69.8630137,27.77777778,46.34634635,20.92092092,11,4.317614784220176,2.5477029678984575,22.13817448,Abrantes,Carabanchel,100.0,100.0,100.0,71,50.514672125620926,79.94552738611534,True,False,False,False,False
11,115,11125,152.8837739,41.66422884,13.92479436,15.33490012,34.86590038,110.12658228,90.8045977,41.36212625,86.66666667,88.0,68.42105263,22.0081728,31.17338004,14.76941039,43,11.2045901933239,3.8377128710714428,15.33490012,Puerta Bonita,Carabanchel,98.88268156424581,100.0,100.0,179,39.5494097044947,73.74343822154822,True,False,False,False,False
11,115,11122,687.17114127,38.75644702,15.28895391,12.28968544,41.66666667,80.38277512,124.4047619,38.08080808,110.63829787,117.74193548,93.84615385,41.79970972,61.1030479,34.25253991,0,2.0053228624171924,0.0,12.28968544,Puerta Bonita,Carabanchel,35.483870967741936,70.96774193548387,96.7741935483871,31,112.55065748412305,187.1058185871807,True,False,False,False,False
11,115,11121,782.80088222,39.02940584,14.94002181,12.21374046,38.39285714,81.75182482,122.32142857,37.2754491,110.39370079,108.21917808,63.91752577,41.01731602,57.84632035,29.97835498,0,2.3607535989861703,0.0,12.21374046,Puerta Bonita,Carabanchel,8.108108108108109,40.54054054054054,83.78378378378379,37,164.52008828711763,206.60276914926868,True,False,False,False,False
11,114,11100,259.79848626,42.77244809,13.45108696,19.1576087,28.60520095,142.42424242,70.21276596,48.38709677,98.93048128,61.0738255,76.0,21.93258427,35.64044944,17.48314607,18,8.56433011627545,2.1017405629651322,19.1576087,Vista Alegre,Carabanchel,94.28571428571428,100.0,100.0,140,49.740439236262326,92.80114589854855,True,False,False,False,False
11,114,11095,185.05664851,52.99410266,7.81968721,39.55841766,21.39534884,505.88235294,19.76744186,90.03496503,69.23076923,26.13636364,67.74193548,9.07424381,17.50687443,6.41613199,10,5.895492049579106,1.6962112603839277,39.55841766,Vista Alegre,Carabanchel,86.02150537634408,96.7741935483871,100.0,93,44.040378575445835,111.75436508724792,True,False,False,False,False
11,115,11120,617.33966375,41.40104432,12.62745098,14.43137255,34.23913043,114.28571429,87.5,37.09677419,96.61733615,74.32432432,61.81818182,32.73716952,51.24416796,23.4836703,0,2.0831319863502697,0.0,14.43137255,Puerta Bonita,Carabanchel,5.88235294117647,67.64705882352942,100.0,34,139.43950005885796,164.10476672306297,True,False,False,False,False
11,115,11124,369.31841731,41.83428663,12.60140617,17.30665224,26.25,137.33905579,72.8125,42.66975309,100.30911901,72.22222222,93.05555556,26.03327966,38.91572732,19.53837896,16,5.044427552738996,3.1718167884703603,17.30665224,Puerta Bonita,Carabanchel,82.5,100.0,100.0,80,70.52351267770592,109.73358224482018,True,False,False,False,False
11,114,11096,32.80025668,53.16418938,9.9883856,41.81184669,28.05555556,418.60465116,23.88888889,107.46987952,68.69918699,68.75,116.66666667,10.27713626,17.55196305,7.50577367,18,26.40223241290004,0.6817605314013243,41.81184669,Vista Alegre,Carabanchel,32.38770685579196,55.319148936170215,74.94089834515366,423,141.01075490823658,246.43842477386852,False,False,False,False,False
11,114,11101,232.56123084,43.61004441,13.37209302,20.98837209,32.68698061,156.95652174,63.71191136,52.34720992,92.00680272,71.69811321,116.66666667,24.33679354,37.5432526,17.35870819,34,7.456100888903078,4.560024134142583,20.98837209,Vista Alegre,Carabanchel,94.9579831932773,100.0,100.0,119,42.05672360092727,80.72660118808068,True,False,False,False,False
11,115,11119,530.83389691,40.17826797,13.92663043,13.38315217,31.47208122,96.09756098,104.06091371,37.57009346,103.42205323,60.91954023,82.85714286,38.07924782,58.09267965,29.14707858,0,2.8050205698194177,0.0,13.38315217,Puerta Bonita,Carabanchel,74.4186046511628,100.0,100.0,43,77.82176109496515,114.23105243971527,True,False,False,False,False
11,114,11102,324.46293772,43.66899473,10.32644903,17.98800799,38.51851852,174.19354839,57.40740741,39.49814126,89.7707231,70.52631579,80.85106383,25.74061883,44.30546412,18.30151415,0,4.681582465720779,0.0,17.98800799,Vista Alegre,Carabanchel,50.0,83.78378378378379,100.0,74,98.23262228780857,160.60980354989192,True,False,False,False,False
11,114,11092,506.79613049,43.15923883,11.60092807,17.55607115,33.48017621,151.33333333,66.07929515,41.15720524,91.63179916,55.20833333,68.0,31.04776579,49.69183359,21.41756549,4,2.5611876687668174,1.5617754406595104,17.55607115,Vista Alegre,Carabanchel,67.5,97.5,100.0,40,77.58658623352412,132.73324688065074,True,False,False,False,False
11,115,11118,627.23061694,42.66919602,11.15384615,16.15384615,34.28571429,144.82758621,69.04761905,37.56613757,95.65217391,56.79012346,66.66666667,31.08728943,52.67993874,23.88973966,2,2.082168766525257,0.9605369325261848,16.15384615,Puerta Bonita,Carabanchel,97.05882352941177,100.0,100.0,34,60.62355950553622,93.55937657558182,True,False,False,False,False
11,114,11094,140.48645589,54.94807519,8.50234009,45.24180967,31.89655172,532.11009174,18.79310345,116.18887015,67.04225352,50.0,52.77777778,7.05426357,12.40310078,4.65116279,33,9.182379837212086,3.5938395693745684,45.24180967,Vista Alegre,Carabanchel,95.2054794520548,100.0,100.0,146,39.00671468001552,86.33089404582836,True,False,False,False,False
11,115,11116,506.99629649,40.89996912,13.07847082,15.09054326,32.0,115.38461538,86.66666667,39.21568627,108.16326531,70.37037037,102.38095238,33.86454183,50.49800797,24.80079681,0,1.9802905996470626,0.0,15.09054326,Puerta Bonita,Carabanchel,45.16129032258064,87.09677419354838,100.0,31,106.35790191625806,151.10699851475604,True,False,False,False,False
11,115,11117,690.7518483,38.89880179,13.19047619,10.71428571,31.11111111,81.22743682,123.11111111,31.41426783,116.53116531,80.48780488,82.75862069,38.60640301,57.90960452,30.32015066,19,3.074910338989801,6.179041957445192,10.71428571,Puerta Bonita,Carabanchel,100.0,100.0,100.0,50,38.37028990067613,82.65985784708054,True,False,False,False,False
11,114,11103,517.51237666,43.21687045,11.48400629,18.30099633,34.38395415,159.36073059,62.75071633,42.41971621,96.91176471,67.22689076,103.125,29.24037461,46.09781478,18.21019771,7,3.7139208387653313,1.8848005393478189,18.30099633,Vista Alegre,Carabanchel,86.66666666666667,98.33333333333333,100.0,60,44.38429362618325,111.0827980030885,True,False,False,False,False
11,114,11091,728.28235858,43.34075154,11.03533788,18.47489151,31.87919463,167.41573034,59.73154362,41.86455585,93.6967632,88.15789474,108.0,32.10332103,51.59901599,23.86223862,8,2.232650538394471,3.5831850360929787,18.47489151,Vista Alegre,Carabanchel,100.0,100.0,100.0,36,27.644402312063974,48.661409779753,True,False,False,False,False
11,115,11123,22.15961116,52.11097709,9.92647059,34.375,66.31016043,346.2962963,28.87700535,79.66942149,89.65517241,168.62745098,51.72413793,26.92307692,32.96703297,23.53479853,30,49.278843040979986,0.6087805262605736,34.375,Puerta Bonita,Carabanchel,30.241423125794153,51.334180432020325,68.36086404066074,787,147.58662879847083,285.19092431320047,False,False,False,False,False
11,114,11105,582.96449954,43.09922797,12.29428848,19.55469506,38.11881188,159.05511811,62.87128713,46.73295455,105.84795322,65.45454545,81.81818182,38.50574713,52.5862069,28.0651341,3,1.7908466138494248,1.6751853435127535,19.55469506,Vista Alegre,Carabanchel,,,,28,,,False,False,False,False,False
11,114,11088,558.96871473,41.39719319,12.40641711,14.43850267,40.74074074,116.37931034,85.92592593,36.69590643,104.48430493,66.38655462,81.15942029,32.67695583,52.04896221,23.94890899,1,3.3615477047162305,0.2974820195462365,14.43850267,Vista Alegre,Carabanchel,43.39622641509434,81.13207547169812,100.0,53,101.51130183423024,164.43583471358428,True,False,False,False,False
11,114,11093,229.65243681,52.49822892,8.76205788,35.85209003,39.9103139,409.17431193,24.43946188,80.55152395,74.43037975,35.29411765,103.22580645,14.93975904,26.42570281,11.00401606,4,5.4212357478231805,0.7378391544042597,35.85209003,Vista Alegre,Carabanchel,73.03370786516854,96.62921348314607,100.0,89,71.64585263620879,126.61155922877231,True,False,True,False,False
11,115,11115,542.56851351,42.20478584,10.93962778,15.660463,34.20289855,143.15352697,69.85507246,36.23995053,103.14070352,54.0,80.76923077,32.95761948,51.66816952,24.79711452,8,4.087962984888743,1.9569648819160543,15.660463,Puerta Bonita,Carabanchel,58.82352941176471,95.58823529411765,100.0,68,86.2349771497768,141.64616413273657,True,False,False,False,False
11,115,11114,519.19593318,41.73393018,11.73222912,15.18288475,35.90909091,129.41176471,77.27272727,36.82719547,100.18903592,75.30864198,95.83333333,34.36002738,52.29295003,24.91444216,3,2.8139665714274416,1.0661107457570789,15.18288475,Puerta Bonita,Carabanchel,77.77777777777779,100.0,100.0,45,60.468975516496734,119.10212130782938,True,False,False,False,False
11,114,11104,354.19210013,45.65035851,9.62343096,22.0083682,39.92395437,228.69565217,43.72623574,46.26682987,86.1047836,57.97101449,45.09803922,23.56846473,40.08298755,16.92946058,25,3.4021086285386484,7.348383820048266,22.0083682,Vista Alegre,Carabanchel,100.0,100.0,100.0,53,30.622248856609993,62.145940606073694,True,False,False,False,False
11,114,11110,759.85021561,41.04818693,12.18390805,14.17624521,35.13513514,116.35220126,85.94594595,35.79604579,102.31578947,82.71604938,87.75510204,32.75075988,54.78723404,22.94832827,2,1.7319202824050248,1.1547875617131218,14.17624521,Vista Alegre,Carabanchel,,,,29,,,False,False,False,False,False
11,114,11106,265.23994633,44.08571362,10.37735849,17.73584906,39.36170213,170.90909091,58.5106383,39.10761155,95.38461538,50.0,93.75,35.21126761,51.36150235,27.32394366,0,4.01523230089664,0.0,17.73584906,Vista Alegre,Carabanchel,67.6923076923077,98.46153846153847,100.0,65,77.69636413656812,133.05410149809933,True,False,False,False,False
11,114,11087,646.09170859,41.36850174,11.73380035,14.82778751,35.03937008,126.3681592,79.13385827,36.16852146,104.88599349,82.9787234,98.24561404,34.41860465,53.77906977,25.98837209,6,2.662160769350815,2.2538082857644763,14.82778751,Vista Alegre,Carabanchel,100.0,100.0,100.0,45,47.013157732453706,69.11414235924002,True,False,False,False,False
11,114,11089,570.33201301,43.47335107,11.30121567,17.91985592,38.19095477,158.56573705,63.06532663,41.28498728,96.25468165,57.40740741,88.88888889,32.42397138,49.10554562,24.28443649,21,3.920523395129991,5.35642767138843,17.91985592,Vista Alegre,Carabanchel,100.0,100.0,100.0,62,30.955963596141746,60.716008316107995,True,False,False,False,False
11,115,11113,363.07767588,41.09977138,10.83471531,14.7042565,24.43609023,135.71428571,73.68421053,34.29844098,113.80952381,75.0,86.66666667,38.98026316,57.29166667,30.48245614,4,5.023718397428064,0.7962229734150374,14.7042565,Puerta Bonita,Carabanchel,63.74999999999999,92.5,100.0,80,74.03557711500596,146.7882445055064,True,False,False,False,False
11,114,11086,500.58662706,42.1575319,11.69895678,15.4247392,40.57971014,131.84713376,75.84541063,37.21881391,94.04761905,90.76923077,122.72727273,36.27596439,55.78635015,25.59347181,14,2.692840613638225,5.1989709042173775,15.4247392,Vista Alegre,Carabanchel,100.0,100.0,100.0,45,24.16817121794891,40.79722857318964,True,False,False,False,False
11,114,11111,546.56447792,41.28059888,11.56848829,14.19446416,30.0,122.6993865,81.5,34.70363289,98.48197343,60.0,90.56603774,35.13323983,59.60729313,25.87657784,4,2.609024291934892,1.5331401905167925,14.19446416,Vista Alegre,Carabanchel,95.0,100.0,100.0,40,55.401128439276086,86.00970666388943,True,False,False,False,False
11,114,11107,517.65244798,47.22547569,10.21021021,25.82582583,41.27906977,252.94117647,39.53488372,56.33802817,88.9135255,61.42857143,72.5,31.03964099,44.5026178,24.30815258,13,2.5828140197288914,5.0332698756856535,25.82582583,Vista Alegre,Carabanchel,100.0,100.0,100.0,35,33.3206317474551,55.04019833678163,True,False,False,False,False
11,114,11109,500.34478678,42.50111441,12.08576998,16.95906433,45.21072797,140.32258065,71.26436782,40.93406593,96.4028777,77.38095238,69.35483871,35.74660633,54.81577246,27.34324499,2,3.0918679296175977,0.6468581600273463,16.95906433,Vista Alegre,Carabanchel,82.6086956521739,97.82608695652173,100.0,46,74.7718970849661,113.28242497791038,True,False,False,False,False
11,114,11108,568.12158669,42.17895093,13.94101877,17.7613941,37.35849057,127.40384615,78.49056604,46.41805692,97.48062016,76.31578947,85.29411765,33.42175066,48.74005305,26.25994695,9,2.654361382007648,3.390646074421402,17.7613941,Vista Alegre,Carabanchel,100.0,100.0,100.0,46,39.45218938704686,82.4025763884182,True,False,False,False,False
11,114,11112,262.40335342,44.75859927,10.16200295,22.01767305,40.46822742,216.66666667,46.15384615,47.44842562,108.37104072,68.35443038,102.85714286,29.52727273,44.21818182,22.4,12,5.240024496878229,2.290065629874261,22.01767305,Vista Alegre,Carabanchel,80.45977011494253,100.0,100.0,87,55.213693636350605,110.72522010196751,True,False,False,False,False
11,114,11083,591.84327447,41.79092883,12.97148114,15.5473781,33.13609467,119.85815603,83.43195266,39.8970399,96.70886076,53.52112676,92.85714286,38.68613139,59.12408759,26.73357664,7,1.8518416061685725,3.780020913604418,15.5473781,Vista Alegre,Carabanchel,,,,28,,,False,False,False,False,False
11,114,11082,527.42115158,41.9413852,11.86311787,14.98098859,38.07106599,126.28205128,79.18781726,36.69438669,93.9516129,60.71428571,54.71698113,38.67069486,56.72205438,32.9305136,3,2.5103278396026,1.1950630322750664,14.98098859,Vista Alegre,Carabanchel,84.0909090909091,100.0,100.0,44,63.63232044267414,115.52931696125734,True,False,False,False,False
11,114,11079,563.99449193,42.64439419,12.83018868,17.35849057,34.23913043,135.29411765,73.91304348,43.24324324,95.76719577,68.25396825,65.2173913,33.89513109,51.02996255,23.97003745,2,1.89363551468933,1.0561694605353449,17.35849057,Vista Alegre,Carabanchel,,,,27,,,False,False,False,False,False
11,113,11067,259.60260073,43.25616384,12.34504132,14.77272727,39.51048951,119.66527197,83.56643357,37.20765415,70.0,63.23529412,79.41176471,19.10631741,29.0190036,13.40523883,21,7.4999248641130425,2.8000280510121494,14.77272727,San Isidro,Carabanchel,56.666666666666664,87.5,100.0,120,84.53238994719369,154.74258615417273,True,False,False,False,False
11,114,11078,536.93618979,41.28309822,13.67164179,16.41791045,37.81818182,120.08733624,83.27272727,43.04013664,105.43859649,97.5308642,65.47619048,33.31360947,52.78106509,23.19526627,11,3.1474876012085358,3.494850939452898,16.41791045,Vista Alegre,Carabanchel,100.0,100.0,100.0,53,35.33263222602162,58.50965992292437,True,False,False,False,False
11,114,11085,574.17433002,42.82443743,12.47501,18.19272291,31.86813187,145.83333333,68.57142857,44.23298731,99.31034483,62.04379562,72.27722772,34.52522845,52.9996027,24.79141836,8,4.383686048615066,1.824948208261272,18.19272291,Vista Alegre,Carabanchel,88.23529411764706,100.0,100.0,68,52.11296876264019,103.15365401743641,True,False,False,False,False
11,113,11068,567.37670549,43.93387189,12.09439528,21.5339233,29.10958904,178.04878049,56.16438356,50.66666667,95.22776573,67.10526316,91.4893617,33.01610542,48.75549048,24.37774524,1,2.407571524850088,0.41535629977276245,21.5339233,San Isidro,Carabanchel,67.56756756756756,91.8918918918919,100.0,37,74.53591684601818,137.1239599968263,True,False,False,False,False
11,114,11080,682.18371802,40.91556696,12.61770245,14.92467043,31.86119874,118.28358209,84.54258675,38.01169591,106.02409639,72.93233083,105.19480519,36.67755483,57.0695287,29.39804013,9,3.1413825094132033,2.864980616983559,14.92467043,Vista Alegre,Carabanchel,100.0,100.0,100.0,51,45.42942878764371,79.08481080440922,True,False,False,False,False
11,113,11065,297.66499662,45.96280332,9.40594059,20.79207921,28.86904762,221.05263158,45.23809524,43.26241135,75.975039,46.30872483,110.25641026,14.50522434,23.29440688,10.57160418,32,5.465876130858922,5.854505157798268,20.79207921,San Isidro,Carabanchel,100.0,100.0,100.0,86,37.126131684010645,85.092872111661,True,False,False,False,False
11,114,11081,452.19512262,41.61264709,12.4301676,15.03724395,33.74613003,120.97378277,82.6625387,37.8690629,97.96696315,67.52136752,85.33333333,37.60407031,55.8279371,28.30712303,15,4.78112189152679,3.1373389635983413,15.03724395,Vista Alegre,Carabanchel,84.4155844155844,100.0,100.0,77,61.322120804360374,104.3525845232022,True,False,False,False,False
11,113,11069,614.39896214,43.14712427,11.30727196,19.04161412,44.15011038,168.40148699,59.38189845,43.57272179,111.62196679,71.32352941,77.41935484,32.61050876,51.33444537,26.10508757,2,3.9030013847373564,0.5124261569111858,19.04161412,San Isidro,Carabanchel,65.57377049180327,93.44262295081968,100.0,61,82.62767696086608,135.59068183345417,True,False,False,False,False
11,113,11070,387.75414691,41.02618894,12.24662162,14.82263514,29.34472934,121.03448276,82.62108262,37.1163868,108.57487923,74.45255474,65.95744681,35.06493506,51.78047759,25.34562212,6,6.155962531940859,0.9746648016241763,14.82263514,San Isidro,Carabanchel,67.0103092783505,97.9381443298969,100.0,97,86.07193386879874,130.016426677597,True,False,False,False,False
11,113,11075,186.42970427,49.86318742,9.8136646,34.53416149,29.49640288,351.89873418,28.41726619,79.6875,92.27467811,57.5,95.83333333,21.33168927,32.30579531,15.78298397,0,4.350165136930799,0.0,34.53416149,San Isidro,Carabanchel,62.16216216216216,98.64864864864865,100.0,74,86.81913593221742,131.14360811268267,True,False,True,False,False
11,113,11063,355.11961578,43.06532393,10.44715447,17.88617886,32.5,171.20622568,58.40909091,39.53488372,106.19883041,53.98773006,105.33333333,29.61321515,43.634166,20.10475423,41,6.989194315780069,5.8661983266699265,17.88617886,San Isidro,Carabanchel,91.07142857142857,100.0,100.0,112,33.68723173728987,93.22191544770043,True,False,False,False,False
11,113,11062,469.86428626,39.99868334,12.61073476,11.3079729,29.49308756,89.66942149,111.52073733,31.43835616,96.23655914,73.21428571,108.95522388,36.25580196,52.96544611,25.88963383,3,4.12672351718372,0.7269689833854797,11.3079729,San Isidro,Carabanchel,37.3134328358209,79.1044776119403,100.0,67,118.56601322527474,161.8174956691809,True,False,False,False,False
11,113,11074,457.9091329,41.97426997,12.06896552,16.63286004,28.65853659,137.81512605,72.56097561,40.25604552,102.59365994,78.33333333,56.52173913,38.32153691,56.82507583,28.31142568,9,2.159817153520123,4.167019409643811,16.63286004,San Isidro,Carabanchel,100.0,100.0,100.0,33,42.30050827099832,75.63113084219803,True,False,False,False,False
11,113,11061,294.98670875,40.70600935,11.74957118,11.32075472,31.06060606,96.35036496,103.78787879,29.98885173,98.45132743,44.70588235,87.23404255,33.58843537,54.08163265,24.65986395,4,3.9866202954903476,1.0033561522086234,11.32075472,San Isidro,Carabanchel,73.77049180327869,98.36065573770492,100.0,61,70.40540462198221,119.52098560508333,True,False,False,False,False
11,113,11072,566.79314184,42.28785896,13.09378806,15.77344702,41.31274131,120.46511628,83.01158301,40.58219178,95.31772575,62.5,84.28571429,32.86924939,50.54479419,21.42857143,10,2.91464359403127,3.430951221781772,15.77344702,San Isidro,Carabanchel,74.46808510638297,93.61702127659575,100.0,47,71.5427906919805,131.9108815981066,True,False,False,False,False
11,113,11060,144.6484526,44.58098583,12.94117647,20.0,27.73109244,154.54545455,64.70588235,49.12280702,70.14925373,68.47826087,76.59574468,8.25,14.75,4.66666667,28,8.295975369586769,3.3751305606148043,20.0,San Isidro,Carabanchel,95.48872180451127,100.0,100.0,133,50.87607261743025,94.72168845440225,True,False,False,False,False
11,113,11073,475.15231157,39.84853239,15.0887574,12.36686391,43.54066986,81.96078431,122.00956938,37.84665579,106.3973064,80.8988764,95.77464789,34.98233216,56.36042403,24.49941107,9,3.573590948930936,2.5184751496788995,12.36686391,San Isidro,Carabanchel,74.54545454545455,100.0,100.0,55,78.94207749907092,116.66616631761414,True,False,False,False,False
11,113,11059,476.51602159,40.55453508,13.07053942,13.83125864,33.0,105.82010582,94.5,36.80227058,99.05838041,71.62162162,115.68627451,32.04951857,42.84731774,21.04539202,0,3.05131398342192,0.0,13.83125864,San Isidro,Carabanchel,56.00000000000001,96.0,100.0,50,92.10538063757926,138.63489188659153,True,False,False,False,False
11,113,11071,389.20420493,42.33784142,12.7016129,17.13709677,36.47058824,134.92063492,74.11764706,42.52873563,96.88826025,79.46428571,75.28089888,25.56278139,39.41970985,18.30915458,21,5.136121282096694,4.088688495966994,17.13709677,San Isidro,Carabanchel,61.72839506172839,71.60493827160494,88.88888888888889,81,50.781345000078765,203.00406793900555,True,False,False,False,False
11,113,11058,448.7994577,43.85377494,11.84371184,20.75702076,22.35294118,175.25773196,57.05882353,48.36956522,87.75510204,95.12195122,81.25,25.06082725,38.19951338,15.20681265,13,1.8315530152775275,7.097801642411189,20.75702076,San Isidro,Carabanchel,,,,29,,,False,False,False,False,False
11,113,11057,511.23939544,39.52648569,13.80846325,13.437268,27.62430939,97.31182796,102.76243094,37.44897959,113.04347826,59.45945946,105.35714286,33.74908291,49.2296405,23.99119589,0,2.6660699706788256,0.0,13.437268,San Isidro,Carabanchel,0.0,15.909090909090908,75.0,44,178.21826735180076,217.3340336762173,True,False,False,False,False
11,113,11056,265.22877176,42.70816308,12.17054264,16.43410853,44.33962264,135.03184713,74.05660377,40.06514658,93.89473684,60.24096386,117.94871795,34.0,51.61538462,24.76923077,0,4.901429024425214,0.0,16.43410853,San Isidro,Carabanchel,49.382716049382715,83.9506172839506,100.0,81,102.0915843742118,159.93739400178444,True,False,False,False,False
11,116,11190,207.36791494,38.88259864,20.43478261,7.32919255,26.27118644,35.8662614,278.81355932,38.43508169,47.77636595,153.08641975,31.76470588,5.99876314,13.3580705,3.71057514,23,7.797734767730973,2.9495745476211757,7.32919255,Buenavista,Carabanchel,95.23809523809523,100.0,100.0,126,40.808960921715695,78.59056689033511,True,False,False,False,False
11,116,11197,38.89672111,38.32290687,19.8969736,7.53380554,23.93162393,37.86407767,264.1025641,37.79946761,56.74547983,136.50793651,56.62650602,8.09248555,13.80860629,3.33975594,42,40.02908185991387,1.0492371558004645,7.53380554,Buenavista,Carabanchel,53.97815912636506,80.18720748829952,93.13572542901716,641,91.56062731287305,177.9587356018572,False,False,False,False,False
11,116,11188,329.69519384,38.7795156,19.9280945,8.4232152,30.48780488,42.26804124,236.58536585,39.56989247,50.97402597,190.69767442,46.2962963,5.37084399,8.95140665,3.58056266,13,5.929719439377988,2.1923465575234142,8.4232152,Buenavista,Carabanchel,86.73469387755102,98.9795918367347,100.0,98,60.553832765118585,103.33950496384335,True,False,False,False,False
11,116,11187,141.32631995,36.55042581,17.14135021,6.64556962,19.84126984,38.76923077,257.93650794,31.21107266,91.89907039,108.43373494,95.91836735,25.33960293,39.81191223,12.06896552,21,13.543124881074892,1.5506022564515605,6.64556962,Buenavista,Carabanchel,76.036866359447,94.93087557603687,100.0,217,68.64326988199198,132.53043716589679,True,False,False,False,False
11,116,11191,269.73455316,35.99617878,25.04129501,6.80541791,20.38834951,27.176781,367.96116505,46.72806592,55.11278195,256.38297872,56.56565657,5.5664702,13.81794368,3.50360183,24,11.322242420459856,2.1197214393352684,6.80541791,Buenavista,Carabanchel,88.39779005524862,100.0,100.0,181,57.03485096907548,101.4565098942946,True,False,False,False,False
11,116,11192,205.47719828,37.15470943,19.368203,6.26618332,23.96694215,32.35294118,309.09090909,34.47075209,74.27184466,124.67532468,60.68376068,14.52859351,25.29623905,8.44925296,27,9.446303610510949,2.8582608725339895,6.26618332,Buenavista,Carabanchel,92.76315789473685,100.0,100.0,152,46.624429566264475,94.71604525587173,True,False,False,False,False
11,116,11196,138.53163326,42.67576861,16.27530364,13.03643725,22.98136646,80.09950249,124.8447205,41.46620848,49.48630137,70.27027027,47.72727273,2.75080906,4.77346278,0.97087379,5,8.922149915576076,0.5604030471704045,13.03643725,Buenavista,Carabanchel,67.6056338028169,95.77464788732394,100.0,142,75.80641516355153,132.9918273817734,True,False,False,False,False
11,116,11186,348.05571815,37.5677021,17.45953899,6.47376165,30.3030303,37.07865169,269.6969697,31.46357189,73.87892377,221.91780822,73.26732673,18.0399805,29.74158947,12.14041931,10,5.892734677350942,1.6970049641697875,6.47376165,Buenavista,Carabanchel,98.91304347826086,100.0,100.0,92,47.09034109752441,77.40638648149674,True,False,False,False,False
11,116,11189,219.32778342,37.98022973,15.31387445,6.237505,25.0,40.7310705,245.51282051,27.47196738,75.80645161,226.92307692,67.59259259,14.38791733,26.15262321,8.34658188,43,11.471414887835154,3.7484478087876756,6.237505,Buenavista,Carabanchel,94.53551912568307,100.0,100.0,183,39.889628977484,95.22803517875593,True,False,False,False,False
12,121,12016,372.83678187,43.45820151,15.58139535,18.25581395,37.2611465,117.1641791,85.35031847,51.14235501,63.03724928,101.9047619,73.23943662,13.3178923,19.45570353,9.32252461,55,4.632053713545475,11.873782862051874,18.25581395,Orcasitas,Usera,100.0,100.0,100.0,66,18.80091784927772,42.11664676886069,True,False,False,False,False
12,121,12005,206.22027106,46.56976143,12.56781193,23.59855335,47.89272031,187.76978417,53.25670498,56.6572238,76.05985037,41.30434783,100.0,11.92825112,22.95964126,6.7264574,20,5.406839949605284,3.6990183150252234,23.59855335,Orcasitas,Usera,100.0,100.0,100.0,88,43.08502063241352,68.5014136932793,True,False,False,False,False
12,122,12018,233.63006756,41.21494,15.47379032,17.33870968,19.47674419,112.05211726,89.24418605,48.8372093,95.16837482,55.0,82.17821782,19.5,31.75,14.65,17,8.560541975011745,1.9858555742875936,17.33870968,Orcasur,Usera,76.47058823529412,91.17647058823529,100.0,136,46.5086637274196,145.39725437088435,True,False,False,False,False
12,123,12037,312.18798597,42.39123969,13.252149,17.47851003,22.54098361,131.89189189,75.81967213,44.36401241,89.23679061,58.77192982,98.21428571,17.28307255,24.89331437,14.0113798,20,4.503696693048706,4.440796386415027,17.47851003,San Fermín,Usera,97.2972972972973,100.0,100.0,74,42.235615988988165,77.36069845269381,True,False,False,False,False
12,122,12023,235.63182394,41.67293084,13.58490566,15.72327044,28.4,115.74074074,86.4,41.45907473,95.47826087,44.61538462,72.36842105,28.41121495,36.32398754,24.85981308,8,6.811473820171015,1.1744888420930824,15.72327044,Orcasur,Usera,85.3211009174312,100.0,100.0,109,64.10215694547404,106.67508836029444,True,False,False,False,False
12,121,12013,170.72962607,44.94320283,11.64122137,24.04580153,30.55555556,206.55737705,48.41269841,55.48961424,92.02279202,60.9375,91.89189189,16.50943396,26.69811321,13.01886792,27,6.2086471128188725,4.348773494350102,24.04580153,Orcasitas,Usera,98.96907216494846,100.0,100.0,97,36.69766477531955,79.1794359650907,True,False,False,False,False
12,121,12014,208.54598512,46.66467442,11.95335277,26.14188533,18.58736059,218.69918699,45.72490706,61.53846154,66.31853786,35.9223301,96.875,12.79069767,20.25193798,8.52713178,38,4.948548874732692,7.679018831970748,26.14188533,Orcasitas,Usera,100.0,100.0,100.0,82,30.50000655921002,51.756869588665225,True,False,False,False,False
12,121,12015,74.84479223,46.12846041,12.06597222,23.69791667,33.6996337,196.4028777,50.91575092,55.67567568,68.18181818,76.47058824,89.74358974,13.25301205,23.0636833,7.65920826,108,15.525462298427922,6.956314596244639,23.69791667,Orcasitas,Usera,100.0,100.0,100.0,238,23.065653546461437,58.423562462371706,False,False,False,False,False
12,121,12006,296.35216791,45.78527485,12.94697904,22.07151665,48.04469274,170.47619048,58.65921788,53.88994307,75.08305648,56.66666667,71.42857143,12.51533742,21.59509202,8.58895706,18,2.750106421535756,6.545201254411155,22.07151665,Orcasitas,Usera,100.0,100.0,100.0,44,31.258072491518487,76.10429989389797,True,False,False,False,False
12,121,12003,242.56332888,46.32912298,12.93570875,22.92796282,46.28378378,177.24550898,56.41891892,55.9178744,75.42372881,41.46341463,111.36363636,13.14373559,26.36433513,8.76249039,41,5.363547763076395,7.644194069129244,22.92796282,Orcasitas,Usera,94.31818181818183,100.0,100.0,88,43.047191455702,87.15408937372132,True,False,False,False,False
12,122,12024,132.81557253,42.15453264,12.04379562,13.68613139,20.66666667,113.63636364,88.0,34.64373464,80.88888889,64.24581006,93.93939394,17.58839529,27.83318223,14.05258386,50,16.609498103019657,3.010325759988488,13.68613139,Orcasur,Usera,93.60902255639097,100.0,100.0,266,45.468175849511624,90.75354936198684,True,False,False,False,False
12,122,12022,445.48678149,42.03667642,13.37792642,17.11259755,48.20846906,127.91666667,78.17589577,43.86527666,107.14285714,74.31192661,83.33333333,34.62175594,50.30369961,29.210381,24,4.065216018173171,5.903745309649039,17.11259755,Orcasur,Usera,100.0,100.0,100.0,67,28.2490513115282,50.52902809905743,True,False,False,False,False
12,122,12020,179.60642437,39.23628293,16.54629022,14.24819435,26.26728111,86.11111111,116.12903226,44.4971537,102.69230769,63.54166667,81.39534884,27.64438676,38.87086308,22.3880597,60,8.579871267976424,6.993111915786482,14.24819435,Orcasur,Usera,100.0,100.0,100.0,137,39.13789416913467,76.31995518924002,True,False,False,False,False
12,122,12019,292.59244942,40.22099851,16.34980989,15.13307985,26.13065327,92.55813953,108.04020101,45.94894562,90.88983051,59.79381443,86.76470588,23.28358209,34.40298507,19.10447761,29,4.579749076378238,6.332224651690702,15.13307985,Orcasur,Usera,100.0,100.0,100.0,72,19.59846402718251,45.300014304738696,True,False,False,False,False
12,123,12034,242.13867684,40.83992057,14.75878986,13.69582993,23.88059701,92.79778393,107.76119403,39.77142857,85.97236982,75.16339869,89.36170213,26.51731161,36.41547862,21.54786151,18,10.138818102348635,1.7753548607238885,13.69582993,San Fermín,Usera,88.125,100.0,100.0,160,61.46600300627503,104.56801465439582,True,False,False,False,False
12,121,12007,276.30229232,44.79838381,13.59735974,21.05610561,42.00626959,154.85436893,64.57680251,53.03030303,80.65693431,52.88461538,72.85714286,14.75195822,24.41253264,8.94255875,34,5.54465179107389,6.132035208186602,21.05610561,Orcasitas,Usera,98.93617021276596,100.0,100.0,94,36.8385307293872,75.72173914609785,True,False,False,False,False
12,121,12012,173.79216306,45.28736052,12.5698324,24.48789572,23.57414449,194.81481481,51.33079848,58.87573964,79.78723404,84.31372549,52.94117647,12.78962002,24.28174235,10.00926784,46,6.208565340209897,7.409119092631608,24.48789572,Orcasitas,Usera,100.0,100.0,100.0,98,19.199715561051875,42.424627335021505,True,False,False,False,False
12,121,12002,333.99942079,45.82880756,12.27651967,22.88438617,42.70833333,186.40776699,53.64583333,54.22794118,81.33333333,51.89873418,80.0,13.57733176,23.61275089,9.20897285,23,2.5359325414238105,9.06964188688022,22.88438617,Orcasitas,Usera,100.0,100.0,100.0,40,23.597116548904935,62.39150574395415,True,False,False,False,False
12,121,12011,248.33100693,44.37928973,12.40234375,20.8984375,35.04672897,168.50393701,59.34579439,49.92679356,81.64893617,54.32098765,75.0,14.92248062,24.70930233,10.27131783,36,4.155743629316133,8.662709543977366,20.8984375,Orcasitas,Usera,100.0,100.0,100.0,70,19.816728750710695,66.4667475068893,True,False,False,False,False
12,121,12010,173.24451829,46.13926152,12.95180723,25.40160643,30.83003953,196.12403101,50.98814229,62.21498371,79.00874636,70.58823529,76.74418605,13.72745491,26.15230461,9.01803607,43,5.760644030028108,7.464443172648213,25.40160643,Orcasitas,Usera,100.0,100.0,100.0,95,28.851294598741507,60.88437723752286,True,False,False,False,False
12,121,12008,274.73192451,45.46390605,13.37579618,21.25796178,34.83146067,158.92857143,62.92134831,52.98416565,71.39874739,51.54639175,84.0,15.36624204,28.74203822,11.30573248,14,4.571729340369711,3.0622985215629224,21.25796178,Orcasitas,Usera,100.0,100.0,100.0,71,30.79188529498013,53.88922356149621,True,False,False,False,False
12,121,12009,246.1502168,45.86688435,12.64266901,23.7928007,36.16236162,188.19444444,53.13653137,57.32044199,81.0,60.86956522,93.33333333,15.39130435,28.60869565,11.65217391,104,4.671943884367499,22.260541345110745,23.7928007,Orcasitas,Usera,100.0,100.0,100.0,73,17.047618601613653,40.79914447874356,True,False,False,False,False
11,116,11193,34.42291982,40.95009023,13.06666667,14.88888889,42.3880597,113.94557823,87.76119403,38.8032079,103.13283208,111.65048544,65.71428571,29.04929577,40.0528169,17.12147887,55,66.00253617630906,0.8333013121356644,14.88888889,Buenavista,Carabanchel,42.843601895734594,69.19431279620854,86.7298578199052,1055,112.5586642601994,210.95193624174084,False,False,False,False,False
12,123,12033,251.00921335,43.47740015,12.53731343,18.28358209,31.02040816,145.83333333,68.57142857,44.55231931,80.0,72.05882353,75.86206897,24.26035503,38.90532544,17.67751479,8,5.386256472325883,1.4852616174337974,18.28358209,San Fermín,Usera,87.5,100.0,100.0,88,53.04732501138842,102.5389616233051,True,False,False,False,False
11,116,11200,372.01738076,39.46672361,17.88432268,8.59969559,17.69911504,48.08510638,207.96460177,36.02484472,55.30546624,123.52941176,50.70422535,5.39104024,13.28777525,3.03720577,0,3.540157175767415,0.0,8.59969559,Buenavista,Carabanchel,37.93103448275862,84.48275862068965,100.0,58,111.32970288192465,158.74337431996858,True,False,False,False,False
11,116,11198,9.38298074,39.94092831,18.15693431,11.1770073,40.0,61.55778894,162.44897959,41.51065203,59.52626159,192.10526316,60.68376068,7.53176044,11.20689655,4.40108893,417,234.89337827862119,1.7752735434941516,11.1770073,Buenavista,Carabanchel,37.19755384206328,49.1092794469556,59.266152618984314,3761,152.8372898644045,444.11538917305353,False,False,False,False,False
12,121,12001,41.27736122,45.72812036,13.58208955,23.88059701,23.125,175.82417582,56.875,59.90453461,70.32520325,43.5483871,72.4137931,5.49777117,15.15601783,2.37741456,15,16.30433681170453,0.9200006215053056,23.88059701,Orcasitas,Usera,73.13432835820896,94.77611940298507,100.0,268,74.31111410013517,134.63334586389914,False,False,False,False,False
12,123,12032,274.45507612,44.39776277,12.3833453,20.31586504,36.74911661,164.05797101,60.9540636,48.58666667,84.36578171,68.44919786,84.53608247,21.04322972,33.97642015,15.29117542,21,10.19839100055304,2.0591483498584444,20.31586504,San Fermín,Usera,86.79245283018868,100.0,100.0,159,63.37896752880104,106.31547888450523,True,False,False,False,False
12,123,12031,547.04738905,42.92206423,12.69487751,17.92873051,40.37267081,141.22807018,70.80745342,44.14125201,94.08099688,58.49056604,94.28571429,31.33997785,52.15946844,25.69213732,10,1.6506796633488847,6.058110620756111,17.92873051,San Fermín,Usera,,,,26,,,False,False,False,False,False
12,123,12030,670.43674712,39.97637542,15.29093369,15.69688769,37.06896552,102.65486726,97.4137931,44.90196078,115.6448203,104.54545455,82.66666667,30.75889859,48.48891874,24.3787777,6,2.220940314497965,2.701558416870953,15.69688769,San Fermín,Usera,100.0,100.0,100.0,36,42.70620553834472,70.85168357840251,True,False,False,False,False
11,117,11194,467.62513718,41.01714334,14.99148211,10.64735945,24.0,71.02272727,140.8,34.47880871,59.89010989,110.25641026,97.43589744,5.68278202,11.78965225,1.10262935,0,2.5212502627800077,0.0,10.64735945,Abrantes,Carabanchel,97.2972972972973,100.0,100.0,37,53.914013707518535,92.9776242572842,True,False,False,False,False
11,117,11182,466.97935355,44.58770904,11.16038433,18.25572801,25.10121457,163.57615894,61.13360324,41.67539267,65.22491349,89.81481481,77.14285714,8.96399706,16.09110948,6.02498163,13,2.914475110804094,4.460494430646671,18.25572801,Abrantes,Carabanchel,100.0,100.0,100.0,47,32.829572035624885,46.9461280477621,True,False,False,False,False
12,123,12029,906.88062776,41.40082986,13.85135135,16.75675676,39.51612903,120.97560976,82.66129032,44.1090555,107.89473684,91.54929577,85.50724638,35.50773369,55.4135844,25.89105582,0,1.639686585499044,0.0,16.75675676,San Fermín,Usera,,,,27,,,False,False,False,False,False
11,117,11201,242.84538919,40.99292925,14.35897436,10.18315018,28.77697842,70.91836735,141.00719424,32.52427184,63.49206349,137.20930233,85.36585366,11.30561634,19.11013858,7.36688549,65,5.6455681628537695,11.513455886987865,10.18315018,Abrantes,Carabanchel,100.0,100.0,100.0,91,21.903666359749643,49.239944151688775,True,False,False,False,False
12,123,12028,879.5873943,43.6897913,13.33333333,19.90049751,51.0,149.25373134,67.0,49.77645306,98.52071006,55.38461538,100.0,30.66271019,45.99406528,20.77151335,8,1.149402556877749,6.960137640315763,19.90049751,San Fermín,Usera,,,,18,,,False,False,False,False,False
11,115,11199,410.61964429,39.71397394,14.40085975,11.82160129,37.72727273,82.08955224,121.81818182,35.54260743,93.65303244,96.875,102.5974026,32.60638298,47.34042553,22.39361702,23,4.578446321598083,5.023538201485776,11.82160129,Puerta Bonita,Carabanchel,79.16666666666666,100.0,100.0,72,58.69034409134444,113.82129857138612,True,False,False,False,False
11,115,11185,203.18849703,43.58435375,13.32931242,19.60193004,38.46153846,147.05882353,68.0,49.14491449,80.94462541,121.4953271,64.0625,19.02761104,27.73109244,13.26530612,7,8.199283051887612,0.8537331807795662,19.60193004,Puerta Bonita,Carabanchel,68.70229007633588,96.18320610687023,100.0,131,73.50838387618889,132.64505527913929,True,False,False,False,False
11,114,11179,487.05279107,44.64843625,13.61361361,20.32032032,38.91625616,149.26470588,66.99507389,51.36363636,77.89757412,54.43037975,62.0,17.33067729,32.07171315,12.74900398,11,2.0613781881750204,5.336235758727282,20.32032032,Vista Alegre,Carabanchel,100.0,100.0,100.0,33,31.87326210208673,54.63002509754966,True,False,False,False,False
11,117,11167,484.23677361,43.72347234,12.75,21.25,35.68627451,166.66666667,60.0,51.51515152,95.55555556,87.69230769,94.0,28.57142857,45.41701073,18.82741536,5,2.5008426992800246,1.9993260677448708,21.25,Abrantes,Carabanchel,84.61538461538461,100.0,100.0,39,65.85024904986498,107.2252162909091,True,False,False,False,False
12,126,12080,576.10981053,40.55405474,14.02612152,14.25326519,32.66932271,101.6194332,98.4063745,39.42992874,105.70032573,87.20930233,89.33333333,37.58465011,56.65914221,30.47404063,1,3.0758025077684508,0.3251184032376376,14.25326519,Zofío,Usera,86.66666666666667,100.0,100.0,45,70.27550995887745,104.08780971273043,True,False,False,False,False
12,126,12079,524.5667348,40.12677859,14.93745401,15.37895511,36.84210526,102.95566502,97.1291866,43.50580781,110.44444444,113.23529412,57.69230769,35.39694101,51.56591406,26.87545521,6,2.6173981476397885,2.2923528105230906,15.37895511,Zofío,Usera,100.0,100.0,100.0,38,47.59801265708102,77.60244545172255,True,False,False,False,False
11,117,11168,348.12774535,46.63335201,11.7260788,26.07879925,38.48920863,222.4,44.96402878,60.78431373,87.28813559,67.56756757,85.36585366,25.8636788,34.92063492,18.02054155,6,3.0764568877784013,1.9502954921408875,26.07879925,Abrantes,Carabanchel,90.19607843137256,100.0,100.0,51,48.850294778439846,92.79736687992465,True,False,False,False,False
12,124,12044,762.46497228,41.0089154,13.7704918,14.86338798,32.72058824,107.93650794,92.64705882,40.12251149,95.21674141,74.73684211,92.68292683,39.42516269,53.47071584,33.40563991,0,2.4184717554828574,0.0,14.86338798,Almendrales,Usera,42.10526315789473,81.57894736842105,100.0,38,110.86528568352922,166.6448210554642,True,False,False,False,False
12,123,12027,57.94237817,41.16455708,13.20754717,12.31964484,28.37837838,93.27731092,107.20720721,34.27719821,78.93333333,99.06542056,74.02597403,21.13062569,35.56531284,14.16026345,183,31.445033107604477,5.819679037187733,12.31964484,San Fermín,Usera,85.94059405940594,95.44554455445544,99.8019801980198,505,26.6739910772248,115.66580294329711,False,False,False,False,False
12,124,12039,215.72064934,41.91136535,12.08609272,15.06622517,43.95604396,124.65753425,80.21978022,37.27272727,101.83486239,57.33333333,86.0,29.72085386,51.55993432,22.82430213,36,5.646191051914591,6.375979783360786,15.06622517,Almendrales,Usera,100.0,100.0,100.0,91,33.214590167542475,66.81137886639247,True,False,False,False,False
11,117,11169,603.42837561,40.88660431,13.80013596,14.64989803,35.73085847,106.15763547,94.19953596,39.76247031,100.09505703,75.625,101.70940171,36.56892484,54.90394338,25.8173239,7,4.916905004657066,1.4236598009052286,14.64989803,Abrantes,Carabanchel,59.74025974025974,98.7012987012987,100.0,77,92.58971011958657,139.76496075360885,True,False,False,False,False
12,124,12042,555.67903111,38.76179438,15.58538404,11.26025354,39.07284768,72.24880383,138.41059603,36.69724771,116.55629139,81.94444444,80.3030303,37.72189349,61.24260355,28.84615385,17,2.433059238007092,6.987088408880922,11.26025354,Almendrales,Usera,89.74358974358975,100.0,100.0,39,54.11987435335757,99.9677655759086,True,False,False,False,False
12,126,12078,474.81233216,42.87677908,11.80857676,16.71845867,34.57249071,141.57894737,70.63197026,39.91304348,95.24617997,60.91954023,65.67164179,36.4480198,53.27970297,27.97029703,0,3.4034499328413474,0.0,16.71845867,Zofío,Usera,91.07142857142857,100.0,100.0,56,61.963267979891,97.12062943531679,True,False,False,False,False
11,117,11171,764.64040619,38.81261106,16.97080292,12.1350365,29.32330827,71.50537634,139.84962406,41.05534106,100.25773196,64.93506494,86.44067797,35.72076156,57.57026292,25.02266546,2,1.4425081268096906,1.3864739912580464,12.1350365,Abrantes,Carabanchel,,,,23,,,False,False,False,False,False
12,124,12043,307.55655101,44.85836126,11.30254997,20.46864232,40.06734007,181.09756098,55.21885522,46.56565657,86.79245283,57.14285714,104.76190476,29.46428571,39.62912088,24.03846154,0,4.734088723653886,0.0,20.46864232,Almendrales,Usera,76.31578947368422,100.0,100.0,76,74.44231928264395,111.11485026201133,True,False,False,False,False
11,117,11170,630.29392437,41.16605511,13.51835273,15.66696509,28.0,115.89403974,86.28571429,41.2136536,99.74747475,76.66666667,75.0,35.37777778,57.42222222,25.6,0,1.7848815552604373,0.0,15.66696509,Abrantes,Carabanchel,,,,29,,,False,False,False,False,False
12,126,12077,186.01396026,44.79055242,11.15218731,21.3185459,23.98843931,191.16022099,52.31213873,48.08394161,88.3161512,59.16666667,106.66666667,23.72777437,32.25015328,20.47823421,113,8.768159108540356,12.88753985884401,21.3185459,Zofío,Usera,100.0,100.0,100.0,140,20.258039633372157,47.98786972128252,True,False,False,False,False
12,124,12041,268.18791258,41.20847181,12.49273678,14.1778036,43.03278689,113.48837209,88.1147541,36.37083994,104.87012987,55.76923077,95.38461538,28.88377445,50.92059839,23.36018412,24,6.4805306968558245,3.7034004038657113,14.1778036,Almendrales,Usera,99.05660377358491,100.0,100.0,106,33.50743214508628,73.70178925929429,True,False,False,False,False
12,124,12045,679.89408675,38.90134728,12.99672744,10.61243572,29.95594714,81.65467626,122.46696035,30.90575275,112.76041667,114.28571429,97.72727273,45.51371455,63.64481636,39.47001395,8,3.163728059874056,2.5286623403145687,10.61243572,Almendrales,Usera,43.13725490196079,72.54901960784314,98.0392156862745,51,103.26950614755759,172.71755122126893,True,False,False,False,False
11,117,11173,681.60458726,38.38778543,15.1354924,11.76470588,29.7752809,77.72925764,128.65168539,36.79927667,112.2840691,112.30769231,93.5483871,40.41994751,58.59580052,30.83989501,0,2.2359004450395235,0.0,11.76470588,Abrantes,Carabanchel,13.157894736842104,52.63157894736842,100.0,38,144.98688018364345,189.5387486174526,True,False,False,False,False
11,117,11177,265.67517908,42.49698876,13.36459555,18.24931614,29.12205567,136.5497076,73.23340471,46.22857143,100.0,45.96273292,86.91588785,27.68514928,44.78480031,18.72818922,88,9.707342661634396,9.065302737050358,18.24931614,Abrantes,Carabanchel,99.35897435897436,100.0,100.0,156,27.00454090791054,65.28342410410244,True,False,False,False,False
11,117,11174,566.56584292,42.23308798,11.85344828,14.87068966,34.7826087,125.45454545,79.71014493,36.47058824,101.18343195,50.76923077,92.10526316,34.65665236,48.39055794,25.64377682,0,1.6449985675103358,0.0,14.87068966,Abrantes,Carabanchel,,,,25,,,False,False,False,False,False
12,124,12046,580.40209363,40.47403382,12.44897959,11.68367347,38.4279476,93.85245902,106.55021834,31.80901143,92.61658031,97.72727273,91.80327869,45.8859162,61.5345785,37.91014639,0,3.4131510236791938,0.0,11.68367347,Almendrales,Usera,14.545454545454545,72.72727272727273,100.0,55,131.2340992273164,161.30327889455484,True,False,False,False,False
11,117,11178,263.75914166,40.72253839,13.26829268,15.6097561,28.75,117.64705882,85.0,40.60356653,117.6119403,81.66666667,93.18181818,34.30515063,54.03304179,25.65597668,18,3.9012865810680872,4.613862536361529,15.6097561,Abrantes,Carabanchel,100.0,100.0,100.0,67,27.413288748983835,62.70242323484427,True,False,False,False,False
11,117,11183,33.52872534,39.54508258,16.84460261,9.05496244,22.70742358,53.75586854,186.02620087,34.95197439,60.30795552,164.70588235,61.53846154,10.65670468,18.24616595,6.72434133,450,75.84541238466109,5.933120881692346,9.05496244,Abrantes,Carabanchel,98.27018121911037,100.0,100.0,1214,23.658557621928193,61.1206009594359,False,False,False,False,False
12,126,12075,135.09991064,40.69390753,13.08900524,13.87434555,29.81132075,106.0,94.33962264,36.91756272,106.36094675,53.73134328,102.63157895,37.2987013,56.93506494,31.11688312,148,14.248714087824233,10.386902220633965,13.87434555,Zofío,Usera,96.44444444444444,100.0,100.0,225,27.083257724804287,88.5594064871112,True,False,False,False,False
11,117,11176,286.15380185,43.56901169,11.5656963,18.80409127,27.19665272,162.58503401,61.50627615,43.61581921,87.5,51.61290323,57.40740741,27.04598597,45.67420109,21.12236945,36,4.483602844679626,8.029257105748929,18.80409127,Abrantes,Carabanchel,100.0,100.0,100.0,71,24.83885061775691,68.26157997012855,True,False,False,False,False
12,124,12051,335.42162939,41.83153106,13.25549451,16.27747253,38.39662447,122.79792746,81.43459916,41.91033138,101.96850394,74.44444444,93.65079365,24.70989761,42.8668942,18.97610922,30,4.367637241150041,6.868702308276114,16.27747253,Almendrales,Usera,100.0,100.0,100.0,69,23.444001364530127,48.157600495946475,True,False,False,False,False
12,125,12074,410.88073658,42.3740455,10.12416428,16.33237822,31.57894737,161.32075472,61.98830409,35.97402597,115.08379888,66.66666667,87.5,37.72511848,49.85781991,29.85781991,36,2.567655054299812,14.02057489759544,16.33237822,Moscardó,Usera,100.0,100.0,100.0,39,17.147198021767352,31.56189324803862,True,False,False,False,False
12,124,12047,552.59380513,41.61939818,11.14503817,11.3740458,38.25503356,102.05479452,97.98657718,29.06403941,80.28419183,82.08955224,54.90196078,47.87234043,64.89361702,39.51367781,0,2.3814961148715383,0.0,11.3740458,Almendrales,Usera,74.35897435897436,100.0,100.0,39,74.0618403767125,119.0358338051979,True,False,False,False,False
12,124,12048,344.09574446,39.56151964,13.62335432,11.104751,35.56701031,81.51260504,122.68041237,32.85171103,99.84802432,125.0,77.77777778,36.71030165,53.72794536,29.99430848,3,5.106136964103896,0.5875283058582207,11.104751,Almendrales,Usera,53.75,87.5,100.0,80,94.97097231458113,150.20997539098965,True,False,False,False,False
11,117,11175,326.78592299,42.77525189,12.00234192,16.8618267,38.54166667,140.48780488,71.18055556,40.60955519,93.31210191,75.0,93.84615385,30.45243619,49.12993039,21.63573086,25,5.275625045964215,4.7387749853687335,16.8618267,Abrantes,Carabanchel,82.92682926829268,98.78048780487805,100.0,82,57.10414084041676,112.32835001872598,True,False,False,False,False
12,125,12073,446.17617931,40.37178363,11.93785773,11.69255928,23.77622378,97.94520548,102.0979021,30.94218415,96.63157895,64.1025641,106.81818182,40.35656402,59.07617504,26.82333874,5,2.765723624909866,1.8078451349826932,11.69255928,Moscardó,Usera,100.0,100.0,100.0,45,48.44691631005135,77.67441205341548,True,False,False,False,False
12,125,12067,742.76297898,38.76639416,13.39693073,10.07880547,30.4526749,75.23219814,132.9218107,30.67750678,106.83856502,103.33333333,61.66666667,46.9379367,64.40608303,38.30661734,7,3.275607520623005,2.1370081598385857,10.07880547,Moscardó,Usera,100.0,100.0,100.0,52,41.99618075824784,70.18068961713027,True,False,False,False,False
12,125,12066,601.82665854,38.42362031,15.09433962,9.22431866,32.95454545,61.11111111,163.63636364,32.13296399,90.50131926,110.22727273,59.61538462,49.73958333,67.13541667,43.33333333,7,3.1902873905019913,2.1941596925844826,9.22431866,Moscardó,Usera,100.0,100.0,100.0,49,42.127817413765996,67.21990323566067,True,False,False,False,False
12,125,12069,560.72087812,43.3341148,10.76573161,16.90674754,41.70403587,157.04225352,63.67713004,38.30010493,91.36546185,81.81818182,78.26086957,34.41509434,50.86792453,27.77358491,2,2.363029542364763,0.8463711367732343,16.90674754,Moscardó,Usera,97.2972972972973,100.0,100.0,37,60.81546267240103,95.887802068295,True,False,False,False,False
12,124,12049,381.06214585,40.84892758,12.49326871,14.97038234,27.69784173,119.82758621,83.45323741,37.86191537,105.33536585,69.64285714,108.95522388,33.22683706,44.78168264,28.48775293,10,4.92832998614949,2.0290849087021083,14.97038234,Almendrales,Usera,78.48101265822784,100.0,100.0,79,61.57372662008662,110.2391585033918,True,False,False,False,False
12,125,12057,605.22481447,39.3525558,12.95279912,10.86717892,30.3030303,83.89830508,119.19191919,31.26801153,102.92397661,106.94444444,109.375,47.42888403,61.54266958,40.64551422,2,3.0203652531849268,0.662171569445461,10.86717892,Moscardó,Usera,100.0,100.0,100.0,49,56.541985285344786,82.39228880592246,True,False,False,False,False
12,125,12065,650.55492009,41.00190342,12.74104683,14.04958678,30.39215686,110.27027027,90.68627451,36.59454374,97.21706865,95.77464789,62.68656716,43.49315068,55.34246575,39.8630137,4,2.244237888146286,1.7823422468390608,14.04958678,Moscardó,Usera,100.0,100.0,100.0,39,51.075286588060315,80.09862921553231,True,False,False,False,False
12,124,12050,474.51904204,41.94773468,12.12121212,15.74440053,30.54393305,129.89130435,76.9874477,38.63013699,97.2972973,55.91397849,101.92307692,36.8970013,52.41199478,24.77183833,10,3.232746979781536,3.09334447222213,15.74440053,Almendrales,Usera,94.23076923076923,100.0,100.0,52,36.90116541818548,85.50904882834888,True,False,False,False,False
12,125,12056,488.08608359,39.17762719,12.1182266,11.5270936,35.8974359,95.12195122,105.12820513,30.96774194,118.30985915,121.42857143,75.29411765,42.30019493,58.9668616,32.40740741,4,4.204176412678506,0.9514348608058472,11.5270936,Moscardó,Usera,100.0,100.0,100.0,67,51.39156059153104,81.25957771210584,True,False,False,False,False
11,112,11184,170.67340412,49.54351712,8.4761046,26.60054103,30.16949153,313.82978723,31.86440678,54.02777778,70.61611374,33.84615385,100.0,13.33333333,19.63963964,7.83783784,52,6.503649503831373,7.995510823479373,26.60054103,Opañel,Carabanchel,95.1923076923077,100.0,100.0,104,46.426765795366286,86.43101805875087,True,False,False,False,False
12,124,12052,151.21948159,39.16479301,19.32575461,12.19129753,29.26045016,63.0831643,158.52090032,46.02175157,74.52547453,70.3125,75.42857143,14.25242718,20.97087379,9.08737864,78,17.02822925295067,4.580628956853166,12.19129753,Almendrales,Usera,99.63369963369964,100.0,100.0,273,32.76843603241862,66.06919708424492,True,False,False,False,False
12,125,12070,332.33978249,46.61793729,11.98003328,24.45923461,40.47619048,204.16666667,48.97959184,57.32984293,75.63218391,55.95238095,109.09090909,18.72937294,28.87788779,14.19141914,8,3.6468700525000446,2.1936619305960043,24.45923461,Moscardó,Usera,100.0,100.0,100.0,64,42.93297305521028,72.64126836390638,True,False,False,False,False
12,125,12055,565.45382178,42.63946831,10.59459459,15.56756757,32.98611111,146.93877551,68.05555556,35.43191801,94.03409091,58.71559633,80.0,32.76047261,49.40923738,26.1546724,24,3.2929302593511296,7.288341419271111,15.56756757,Moscardó,Usera,81.13207547169812,100.0,100.0,53,57.75398341251576,110.86192597819974,True,False,False,False,False
12,125,12064,269.5468644,43.95069914,9.72222222,16.93121693,39.0625,174.14965986,57.421875,36.33904418,87.96610169,48.11320755,88.37209302,29.69058591,45.16129032,20.6714944,35,5.635383677718064,6.2107572441584935,16.93121693,Moscardó,Usera,87.77777777777777,100.0,100.0,90,51.434866195987595,102.20582934943681,True,False,False,False,False
12,125,12071,332.40080492,42.1576305,12.05564142,15.91962906,36.89320388,132.05128205,75.72815534,38.84120172,100.57388809,75.0,85.8974359,29.0174002,44.62640737,21.3408393,26,5.878445452264686,4.422938038828519,15.91962906,Moscardó,Usera,100.0,100.0,100.0,93,36.66198576137822,65.65905263037057,True,False,False,False,False
12,125,12054,366.07429853,48.48333556,8.43913368,27.33383122,40.43715847,323.89380531,30.87431694,55.69767442,82.20338983,29.34782609,137.5,14.81481481,25.77777778,10.07407407,11,3.687775966318387,2.9828276176390447,27.33383122,Moscardó,Usera,100.0,100.0,100.0,58,40.028019430145555,76.21946091153042,True,False,False,False,False
12,125,12062,187.71474219,41.48234291,12.16049383,14.75308642,30.9623431,121.31979695,82.42677824,36.82432432,97.99331104,61.16504854,92.1875,24.81662592,36.18581907,19.25427873,38,8.71535171356856,4.360122373585844,14.75308642,Moscardó,Usera,99.29078014184397,100.0,100.0,141,35.150866276791554,74.7482508155547,True,False,False,False,False
12,125,12059,350.23176658,47.61580376,8.31367925,25.94339623,26.13636364,312.05673759,32.04545455,52.10762332,87.39495798,32.28346457,138.46153846,18.21386604,31.60987074,13.45475911,41,4.8596391372832946,8.43684044056827,25.94339623,Moscardó,Usera,100.0,100.0,100.0,80,24.08021056103679,52.436002944426704,True,False,False,False,False
12,125,12061,131.27884267,44.33160319,10.969928,19.4832698,34.7826087,177.60617761,56.30434783,43.78806334,95.24375743,45.29411765,91.35802469,21.47961328,34.63640185,15.09037411,157,18.121731968439175,8.663631063158386,19.4832698,Moscardó,Usera,98.95470383275261,100.0,100.0,287,27.922353053204784,74.16596279904853,True,False,False,False,False
11,113,11195,225.56304181,43.93544056,10.50420168,17.06932773,26.76923077,162.5,61.53846154,38.07106599,85.34946237,58.13953488,73.01587302,18.24817518,28.93639208,12.40875912,24,8.503166053325543,2.8224781039779563,17.06932773,San Isidro,Carabanchel,84.05797101449275,99.27536231884058,100.0,138,47.33773902142008,107.63251056681699,True,False,False,False,False
12,125,12053,145.64280343,49.16258628,7.8988126,30.20134228,29.23076923,382.35294118,26.15384615,61.55129274,86.76012461,45.86466165,98.21428571,10.75268817,18.27956989,5.1203277,35,13.409519413748376,2.610086082884936,30.20134228,Moscardó,Usera,76.85185185185185,88.42592592592592,97.22222222222221,216,51.428621065839785,155.88726145311088,True,False,True,False,False
11,113,11180,424.46633792,41.21956153,15.58255897,17.15511079,22.91666667,110.09174312,90.83333333,48.67162593,100.21276596,50.83333333,91.04477612,13.36633663,24.3281471,10.53748232,37,3.3312417821424614,11.10696923842128,17.15511079,San Isidro,Carabanchel,100.0,100.0,100.0,55,18.180134762753763,34.59306404962849,True,False,False,False,False
11,112,11181,480.73341726,49.6013043,8.24120603,32.26130653,32.39875389,391.46341463,25.54517134,68.07432432,104.84429066,34.24657534,140.90909091,15.61561562,25.02502503,9.20920921,11,2.078074800166971,5.293360950778173,32.26130653,Opañel,Carabanchel,100.0,100.0,100.0,32,42.28975806928331,70.81323210988819,True,False,False,False,False
12,121,12102,215.69827731,38.35340978,16.16201337,6.99960676,21.34831461,43.30900243,230.8988764,30.1432958,66.439523,167.15328467,59.83606557,10.56751468,19.56947162,7.31898239,0,11.845249910623545,0.0,6.99960676,Orcasitas,Usera,24.873096446700508,46.7005076142132,67.00507614213198,197,167.17577964460713,269.40845807156114,True,False,False,False,False
12,121,12101,192.96737449,40.20640066,13.10307018,8.16885965,28.18791946,62.34309623,160.40268456,27.01949861,71.5651135,134.42622951,70.76923077,9.87991266,16.64847162,6.38646288,3,9.49383285569532,0.3159946088792062,8.16885965,Orcasitas,Usera,45.63758389261745,64.42953020134227,83.89261744966443,149,109.33619025811464,220.1529468705419,True,False,False,False,False
12,122,12099,91.69996118,44.8197642,12.01272872,19.01352426,39.74895397,158.2781457,63.17991632,44.98269896,76.93877551,43.85964912,95.0,16.7192429,27.83911672,12.77602524,5,13.827704872383226,0.3615929068594767,19.01352426,Orcasur,Usera,56.05381165919282,65.91928251121077,75.7847533632287,223,90.44045922577317,265.7585381831289,False,False,False,False,False
12,123,12105,680.52184563,39.21380084,14.2599278,8.96510229,14.09395973,62.86919831,159.06040268,30.2507837,79.97179126,107.40740741,72.72727273,25.77751196,31.75837321,21.41148325,0,2.4569380259202362,0.0,8.96510229,San Fermín,Usera,76.92307692307693,100.0,100.0,39,79.60271415026355,108.95659828020435,True,False,False,False,False
12,121,12106,127.40754252,38.51363003,18.37469976,8.48678943,23.58490566,46.18736383,216.50943396,36.72687466,62.25577265,186.66666667,64.1025641,12.30585424,18.43886898,8.60215054,58,19.708409331784637,2.9429061992568215,8.48678943,Orcasitas,Usera,61.66134185303515,79.55271565495208,93.9297124600639,313,68.92512821903972,181.97373602496478,True,False,False,False,False
12,123,12109,324.11810525,38.83051862,15.21642124,8.07675145,23.75690608,53.07917889,188.39779006,30.36649215,75.40816327,147.10743802,65.59139785,25.04432624,37.76595745,20.16843972,16,6.960425732039669,2.2987099663099766,8.07675145,San Fermín,Usera,83.92857142857143,98.21428571428571,100.0,112,55.670262168144525,114.00288342014046,True,False,False,False,False
12,123,12104,65.27859933,40.64782453,12.40951396,10.91003102,23.22274882,87.91666667,113.74407583,30.41132839,81.96319018,105.0,98.4375,22.37044638,31.81118522,16.26475115,65,29.8566455146232,2.1770697571555475,10.91003102,San Fermín,Usera,75.36534446764091,96.65970772442589,100.0,479,69.2122337818472,126.57257220941624,False,False,False,False,False
12,123,12100,239.53499023,43.6236126,11.36363636,16.38755981,22.62773723,144.21052632,69.34306569,38.41059603,76.09329446,39.1025641,104.34782609,22.75698158,32.67973856,19.2513369,22,7.026113380616038,3.131176342911659,16.38755981,San Fermín,Usera,100.0,100.0,100.0,112,35.35739876803038,70.57435920347233,True,False,False,False,False
13,131,13003,246.77663265,39.40451552,17.43951613,15.72580645,29.48717949,90.1734104,110.8974359,49.62292609,106.54205607,88.67924528,114.0,25.42542543,35.13513514,17.61761762,20,4.048195281978068,4.9404731261450925,15.72580645,Entrevías,Puente de Vallecas,100.0,100.0,100.0,65,27.154655218172643,54.446874128905534,True,False,False,False,False
13,131,13005,284.9486348,41.70848651,14.92693111,19.41544885,26.88172043,130.06993007,76.88172043,52.30524642,106.2295082,73.21428571,104.54545455,20.22821577,31.32780083,14.52282158,38,3.3830658661421205,11.232415064780664,19.41544885,Entrevías,Puente de Vallecas,100.0,100.0,100.0,54,18.584351806388504,40.7008198142059,True,False,False,False,False
12,123,12103,73.57127326,38.41878315,17.15116279,9.71760797,24.78632479,56.65859564,176.4957265,36.74048836,78.78172589,137.32394366,82.88288288,15.40685667,28.45931433,11.15241636,59,32.906865584755,1.7929389187201514,9.71760797,San Fermín,Usera,38.06818181818182,53.59848484848485,68.75,528,140.07761234408437,296.2888249278918,False,False,False,False,False
13,131,13004,219.50136523,45.98631579,10.21220159,23.74005305,25.69832402,232.46753247,43.01675978,51.40562249,89.35361217,57.44680851,96.15384615,13.81578947,22.63157895,9.34210526,28,3.4623930434649957,8.086892403174122,23.74005305,Entrevías,Puente de Vallecas,98.18181818181819,100.0,100.0,55,22.2584927606777,69.20666482246679,True,False,False,False,False
12,122,12110,79.07592607,38.61621789,15.74394464,9.11188005,19.62025316,57.87545788,172.78481013,33.07751343,85.61253561,81.25,83.09859155,24.19724771,38.41743119,19.95412844,74,22.054752776896393,3.3552858537375765,9.11188005,Orcasur,Usera,79.21348314606742,98.59550561797754,100.0,356,60.477558495227086,124.95985951662325,False,False,False,False,False
13,131,13013,302.75428418,42.28766061,15.05981703,18.57846587,34.46969697,123.36448598,81.06060606,50.6892895,98.94514768,55.88235294,101.58730159,19.97206704,30.72625698,14.73463687,9,4.72990829470809,1.9027853055987087,18.57846587,Entrevías,Puente de Vallecas,100.0,100.0,100.0,75,39.41305621233328,63.7819387402961,True,False,False,False,False
13,131,13012,212.43481178,40.35238284,16.50909091,16.07272727,26.69683258,97.35682819,102.71493213,48.32793959,96.81528662,76.66666667,92.95774648,19.03388609,32.1557318,13.04974766,38,6.529061731344766,5.820131829596484,16.07272727,Entrevías,Puente de Vallecas,98.11320754716981,100.0,100.0,106,41.21098995767029,76.81060087024571,True,False,False,False,False
13,131,13002,130.09200725,43.14307221,14.15019763,19.13043478,28.09917355,135.19553073,73.96694215,49.94068802,85.27472527,49.51456311,87.27272727,9.49019608,17.96078431,6.43137255,54,9.800755841621157,5.509779130572421,19.13043478,Entrevías,Puente de Vallecas,89.80891719745223,100.0,100.0,157,42.3917031980915,99.78415422922765,True,False,False,False,False
13,131,13006,168.18211555,44.17633577,13.48788198,22.971549,23.39449541,170.3125,58.71559633,57.37976783,92.03821656,64.51612903,111.42857143,15.48117155,23.0125523,11.29707113,23,5.68431427369994,4.04622244523247,22.971549,Entrevías,Puente de Vallecas,94.5054945054945,100.0,100.0,91,35.36903306625694,86.05991924279859,True,False,False,False,False
13,131,13007,161.94109129,44.91698072,11.44967682,22.34533703,22.31404959,195.16129032,51.23966942,51.0460251,75.73529412,54.21686747,111.42857143,12.58034894,22.03856749,10.1010101,55,6.724667540165296,8.17884299431821,22.34533703,Entrevías,Puente de Vallecas,100.0,100.0,100.0,106,21.723052527048846,47.0569291323921,True,False,False,False,False
13,131,13011,308.00174655,39.78316876,18.60465116,16.06765328,29.60526316,86.36363636,115.78947368,53.07443366,99.35483871,60.60606061,79.66101695,18.13417191,32.38993711,12.05450734,25,3.097385033320593,8.071324595120942,16.06765328,Entrevías,Puente de Vallecas,93.87755102040816,100.0,100.0,49,33.96943626330236,86.24417293804329,True,False,False,False,False
13,131,13016,392.21684523,41.11520461,15.26315789,16.76691729,30.49327354,109.85221675,91.03139013,47.12389381,90.31578947,75.29411765,108.62068966,26.48809524,38.31845238,18.89880952,11,3.4266758716472125,3.210108108273535,16.76691729,Entrevías,Puente de Vallecas,92.72727272727272,100.0,100.0,55,55.3909424001953,91.68532136039897,True,False,False,False,False
13,131,13008,137.59912704,40.00749522,14.2243693,15.35158347,40.20979021,107.9245283,92.65734266,41.99695122,116.50165017,83.01886792,116.88311688,29.33049947,40.48884166,24.86716259,38,13.677412352973647,2.7783033090859695,15.35158347,Entrevías,Puente de Vallecas,90.49773755656109,100.0,100.0,221,51.35528102339034,96.82298177533758,True,False,False,False,False
13,131,13019,174.03170001,40.9695601,14.8005148,12.22651223,42.10526316,82.60869565,121.05263158,37.03703704,90.26845638,45.90163934,103.22580645,15.47314578,34.39897698,11.50895141,14,4.493434241994848,3.11565703335735,12.22651223,Entrevías,Puente de Vallecas,100.0,100.0,100.0,69,41.77717359999633,58.494513331531664,True,False,False,False,False
13,131,13010,255.9336976,43.69200705,13.41030195,18.91651865,46.00938967,141.05960265,70.89201878,47.76902887,88.14814815,50.74626866,120.0,21.25220459,35.71428571,15.60846561,12,4.430835058677855,2.7082930962410408,18.91651865,Entrevías,Puente de Vallecas,73.23943661971832,97.1830985915493,100.0,71,68.03564139431975,134.6840068449714,True,False,False,False,False
13,131,13017,265.19063097,41.0550157,15.99210267,17.47285291,22.59887006,109.25925926,91.52542373,50.29673591,98.820059,64.70588235,90.56603774,16.29048086,29.63689892,10.5986261,0,3.8425188561738235,0.0,17.47285291,Entrevías,Puente de Vallecas,48.38709677419355,91.93548387096774,100.0,62,101.44296235888689,148.5920828863057,True,False,False,False,False
13,131,13026,374.72242204,43.67987602,14.49126413,18.08838643,45.45454545,124.82269504,80.11363636,48.32317073,75.40106952,41.4893617,66.03773585,20.32520325,31.40243902,16.66666667,13,2.625943744278816,4.950601104202366,18.08838643,Entrevías,Puente de Vallecas,100.0,100.0,100.0,42,36.873194248838345,68.42040936011661,True,False,False,False,False
13,131,13021,250.51830973,42.02988676,14.58937198,16.1352657,34.73053892,110.59602649,90.41916168,44.35146444,84.79381443,51.85185185,84.31372549,17.27447217,31.57389635,12.66794626,10,4.159376618522226,2.4042064273450845,16.1352657,Entrevías,Puente de Vallecas,98.50746268656717,100.0,100.0,67,43.045549131323725,73.42540136537824,True,False,False,False,False
12,126,12084,561.92141288,42.11008946,14.95798319,19.07563025,37.88546256,127.52808989,78.41409692,51.59235669,112.73712737,72.46376812,65.51724138,32.60869565,51.33779264,25.08361204,0,2.1284115048420835,0.0,19.07563025,Zofío,Usera,69.44444444444444,94.44444444444444,100.0,36,84.39419424105196,128.0153657398465,True,False,False,False,False
12,126,12083,697.11504794,41.00377307,14.53651685,14.74719101,43.80952381,101.44927536,98.57142857,41.4101291,91.08159393,71.11111111,63.88888889,35.11450382,54.6148508,25.53782096,0,2.067090653473159,0.0,14.74719101,Zofío,Usera,58.82352941176471,88.23529411764706,100.0,34,87.12727069955824,148.94339292282388,True,False,False,False,False
12,127,12087,396.99089608,40.93828455,13.70488808,15.57788945,26.09970674,113.66666667,87.97653959,41.40826873,101.30039012,81.14754098,82.82828283,36.90909091,47.77272727,32.04545455,131,5.541688793626807,23.639003357723,15.57788945,Pradolongo,Usera,100.0,100.0,100.0,90,16.32233870392843,37.9320057120265,True,False,False,False,False
13,131,13018,179.70258262,41.34697065,15.30108588,17.07798618,35.83815029,111.61290323,89.59537572,47.88321168,109.48012232,53.03030303,127.27272727,21.62426614,38.25831703,16.24266145,26,5.687174803545591,4.571689968768088,17.07798618,Entrevías,Puente de Vallecas,95.65217391304348,100.0,100.0,92,50.87240239297738,92.60590306442899,True,False,False,False,False
12,126,12098,48.95807173,46.53930978,6.92002269,17.58366421,14.83870968,254.09836066,39.35483871,32.4567994,73.75979112,20.0729927,80.0,10.68400226,16.33691351,5.93555681,163,36.13295902846604,4.511116841318929,17.58366421,Zofío,Usera,84.69565217391303,98.95652173913044,100.0,575,43.84154308464604,113.49168717372204,False,False,False,False,False
12,126,12082,502.16339112,40.28372819,12.91139241,14.51476793,27.90697674,112.41830065,88.95348837,37.79069767,108.23244552,115.68627451,80.85106383,34.47986577,57.38255034,25.5033557,0,2.37372938983191,0.0,14.51476793,Zofío,Usera,52.5,100.0,100.0,40,97.18772816294388,131.62269527218479,True,False,False,False,False
12,126,12081,623.54409812,39.6307173,14.4284822,13.17926296,31.7535545,91.34199134,109.47867299,38.13632442,101.91637631,116.66666667,74.69879518,36.57780533,55.7966522,27.52634842,0,2.586825863424837,0.0,13.17926296,Zofío,Usera,61.36363636363637,100.0,100.0,44,87.38728787064406,131.40282049488653,True,False,False,False,False
13,131,13022,329.53108376,43.39405734,13.51616063,19.00097943,30.41237113,140.57971014,71.13402062,48.18577649,80.36649215,49.29577465,81.81818182,23.61516035,35.08260447,15.35471331,13,3.1226189294782176,4.163172098035116,19.00097943,Entrevías,Puente de Vallecas,88.0,100.0,100.0,50,63.04776667991209,100.37706456993622,True,False,False,False,False
13,131,13028,293.91035223,38.86129405,16.55251142,13.47031963,29.66101695,81.37931034,122.88135593,42.90375204,105.01672241,70.0,97.6744186,20.42648709,33.55780022,15.37598204,9,3.031536634396115,2.9687914366216486,13.47031963,Entrevías,Puente de Vallecas,100.0,100.0,100.0,49,33.664682695583096,75.993254094323,True,False,False,False,False
12,127,12086,18.98346279,43.47310137,13.14935065,19.48051948,27.91666667,148.14814815,67.5,48.43373494,84.03547672,51.72413793,65.51724138,27.99678198,34.99597747,24.61786002,716,65.4780436200806,10.934963239806075,19.48051948,Pradolongo,Usera,99.13793103448276,100.0,100.0,1044,19.0161213513787,56.99114618672428,False,False,False,False,False
12,127,12090,681.05049394,39.74786401,14.11764706,13.49480969,27.69230769,95.58823529,104.61538462,38.2183908,105.51181102,108.45070423,92.1875,40.12345679,56.24142661,33.05898491,0,2.140810428851863,0.0,13.49480969,Pradolongo,Usera,25.71428571428571,71.42857142857143,100.0,35,128.16233495133739,177.66220174573627,True,False,False,False,False
13,131,13030,230.41438307,43.694724,14.62793068,19.46992864,38.48167539,133.1010453,75.13089005,51.74013921,89.03508772,38.66666667,80.1980198,19.73617453,32.06494165,15.06849315,30,8.554153493961252,3.5070682354692724,19.46992864,Entrevías,Puente de Vallecas,97.79411764705883,100.0,100.0,136,43.39142240157585,73.50612914813075,True,False,False,False,False
13,131,13023,338.22474258,45.44948671,11.1757858,23.98137369,27.66990291,214.58333333,46.60194175,54.21903052,90.10238908,75.0,100.0,20.57803468,32.02312139,15.60693642,21,2.5574710868183597,8.211236525111689,23.98137369,Entrevías,Puente de Vallecas,87.5,100.0,100.0,40,49.442926117987724,101.03196486291313,True,False,False,False,False
13,131,13031,596.75473537,38.47038833,16.43410853,12.01550388,29.03225806,73.11320755,136.77419355,39.7616468,108.35214447,88.57142857,85.07462687,34.68917882,51.26630852,26.47735994,0,2.1834765989835314,0.0,12.01550388,Entrevías,Puente de Vallecas,69.44444444444444,100.0,100.0,36,81.14561892186123,119.12415425063355,True,False,False,False,False
12,127,12091,152.29574938,42.38586418,12.8,19.25,37.66233766,150.390625,66.49350649,47.16703458,104.97737557,145.16129032,83.11688312,38.70646766,54.07960199,30.49751244,78,13.198004593851726,5.909984304471011,19.25,Pradolongo,Usera,83.73205741626795,100.0,100.0,209,59.97099812440466,108.03002891907128,True,False,False,False,False
12,127,12092,500.111358,42.40000973,11.93390453,17.01346389,42.08633094,142.56410256,70.14388489,40.74074074,108.43806104,68.96551724,56.57894737,42.57907543,55.0486618,34.18491484,6,3.28726787285471,1.825223934303083,17.01346389,Pradolongo,Usera,94.33962264150944,100.0,100.0,53,46.79768049723595,86.98274097696773,True,False,False,False,False
13,132,13065,810.65654184,38.75512145,14.80484522,10.991476,39.18367347,74.24242424,134.69387755,34.76420798,109.10240202,78.51239669,95.09803922,41.66666667,57.18085106,33.7322695,7,2.782929494253153,2.5153350145791498,10.991476,San Diego,Puente de Vallecas,67.3913043478261,100.0,100.0,46,77.6580881488459,127.34782728230735,True,False,False,False,False
13,131,13024,245.02085475,43.59298798,12.32123212,18.59185919,31.95266272,150.89285714,66.27218935,44.74522293,83.09037901,65.38461538,61.9047619,24.04371585,41.74863388,19.89071038,58,3.734376002188449,15.531376585006537,18.59185919,Entrevías,Puente de Vallecas,100.0,100.0,100.0,59,26.725759053914334,80.71035084885058,True,False,False,False,False
13,131,13029,260.502137,42.74866282,14.74219317,18.95424837,36.39846743,128.57142857,77.77777778,50.82146769,93.02325581,53.53535354,103.03030303,21.25360231,32.20461095,16.85878963,30,5.3281712617278725,5.630449647046687,18.95424837,Entrevías,Puente de Vallecas,100.0,100.0,100.0,87,42.7727541777669,68.54210113915417,True,False,False,False,False
12,127,12089,634.85501136,40.21144492,14.44839858,12.88256228,40.33149171,89.16256158,112.15469613,37.61018609,101.38067061,68.18181818,113.20754717,45.97457627,60.73446328,37.21751412,1,2.23043053083099,0.44834393457994437,12.88256228,Pradolongo,Usera,48.64864864864865,86.48648648648648,100.0,37,101.02764027752349,155.22993254084318,True,False,False,False,False
13,132,13069,370.7306545,40.72393936,15.29933481,13.74722838,37.09677419,89.85507246,111.29032258,40.9375,93.35347432,52.54237288,92.10526316,31.53252481,49.06284454,24.80705623,8,2.446520105587459,3.269950646115389,13.74722838,San Diego,Puente de Vallecas,97.5,100.0,100.0,40,46.04532816339977,78.19378581356398,True,False,False,False,False
12,127,12088,654.84324757,38.99590686,14.0395124,10.29844472,33.87755102,73.35329341,136.32653061,32.16666667,97.58507135,68.0,98.05825243,48.10810811,62.91060291,40.45738046,0,3.6726346479471963,0.0,10.29844472,Pradolongo,Usera,22.413793103448278,55.172413793103445,86.20689655172413,58,142.25684809790187,203.2578909056953,True,False,False,False,False
13,131,13032,647.81333288,40.94750247,13.44843253,14.53884598,30.3125,108.10810811,92.5,38.86435331,100.37926675,71.03448276,75.0,33.60323887,49.57264957,27.17049033,0,3.431544068583712,0.0,14.53884598,Entrevías,Puente de Vallecas,16.071428571428573,62.5,100.0,56,136.93912304412635,173.6365623719802,True,False,False,False,False
12,122,12108,28.35240683,38.06583366,16.90885073,7.33157199,27.92792793,43.359375,230.63063063,31.99651264,74.05159332,108.88888889,48.27586207,19.85535832,32.28139382,12.03155819,65,53.64623923692803,1.2116413177245884,7.33157199,Orcasur,Usera,53.286384976525824,78.63849765258216,92.95774647887323,852,93.44125732724623,186.39084183836994,False,False,False,False,False
12,127,12093,570.50364337,40.33739251,12.56732496,11.57989228,27.90697674,92.14285714,108.52713178,31.83431953,94.47640967,83.33333333,87.5,44.8706512,61.77520071,37.91257806,2,3.929860967722363,0.5089238567030385,11.57989228,Pradolongo,Usera,53.125,93.75,100.0,64,92.11279529247324,144.8169158058788,True,False,False,False,False
13,132,13066,478.39327903,39.4732907,15.53748871,13.18879855,27.39726027,84.88372093,117.80821918,40.30418251,103.87596899,100.0,68.33333333,32.11091234,52.59391771,25.2236136,2,2.336988370745478,0.8558022902621539,13.18879855,San Diego,Puente de Vallecas,89.1891891891892,100.0,100.0,37,63.08460668066083,100.99116008311773,True,False,False,False,False
12,127,12096,569.03740005,39.7749759,12.86681716,10.5530474,37.43315508,82.01754386,121.92513369,30.58216654,94.13447783,96.7032967,107.69230769,50.72869955,67.3206278,44.45067265,20,3.1351190621985494,6.379343049885544,10.5530474,Pradolongo,Usera,98.0,100.0,100.0,50,43.80467690529499,79.30161668706461,True,False,False,False,False
13,131,13033,405.50653369,39.95182505,14.61126005,14.9463807,26.4573991,102.29357798,97.75784753,41.96003806,106.48330059,95.71428571,60.75949367,33.99602386,51.15970842,26.04373757,4,3.721271729659105,1.0749013484071557,14.9463807,Entrevías,Puente de Vallecas,50.0,80.64516129032258,98.38709677419355,62,101.61243064658493,160.1683384605978,True,False,False,False,False
13,132,13063,504.23367839,38.53823169,15.69468268,12.43567753,31.72413793,79.23497268,126.20689655,39.14081146,118.79895561,92.98245614,98.27586207,36.28620102,56.38841567,28.02385009,7,2.32828557536227,3.0065040448961393,12.43567753,San Diego,Puente de Vallecas,91.8918918918919,100.0,100.0,37,58.14049535452391,90.84856040365227,True,False,False,False,False
13,132,13062,642.58062863,38.42047146,16.367713,11.13602392,22.81879195,68.03652968,146.97986577,37.93814433,95.17102616,86.30136986,113.33333333,37.87991105,57.22757598,30.76352854,13,2.0993474435540134,6.192400424196638,11.13602392,San Diego,Puente de Vallecas,100.0,100.0,100.0,34,41.137934514543346,71.41095312251026,True,False,False,False,False
12,127,12094,608.59679553,39.02418821,14.07114625,11.26482213,34.38596491,80.05617978,124.9122807,33.93329804,107.35455543,94.69026549,87.27272727,45.97249509,61.92534381,36.50294695,0,4.181750575588783,0.0,11.26482213,Pradolongo,Usera,80.3030303030303,100.0,100.0,66,68.68551383985437,119.54123505531129,True,False,False,False,False
13,131,13034,540.01505818,40.08869918,14.42441054,13.45353675,31.44329897,93.26923077,107.21649485,38.65384615,98.0952381,95.89041096,78.57142857,30.56318681,47.18406593,20.74175824,0,2.696221110794522,0.0,13.45353675,Entrevías,Puente de Vallecas,0.0,37.77777777777778,97.77777777777777,45,161.75078361513096,187.6313347125004,True,False,False,False,False
13,132,13059,693.53766184,37.37116793,14.55431755,8.56545961,34.14634146,58.85167464,169.91869919,30.07246377,123.93509128,78.04878049,91.66666667,43.35856848,57.67377839,34.13626979,0,2.095055654433129,0.0,8.56545961,San Diego,Puente de Vallecas,12.121212121212121,51.515151515151516,96.96969696969697,33,145.2691970106832,190.24783558093222,True,False,False,False,False
13,132,13061,692.2865208,39.10396272,15.53884712,12.86549708,29.22077922,82.79569892,120.77922078,39.67327888,104.53460621,109.61538462,126.08695652,40.01657001,58.07787904,28.83181442,6,1.7434977624770327,3.441358015553541,12.86549708,San Diego,Puente de Vallecas,,,,28,,,False,False,False,False,False
12,127,12097,494.29531162,41.00722717,12.72994849,12.95069904,39.20454545,101.73410405,98.29545455,34.55445545,88.43283582,71.26436782,94.33962264,46.5303141,58.58290723,38.93352812,9,2.7695994030849356,3.2495674247962696,12.95069904,Pradolongo,Usera,95.34883720930233,100.0,100.0,43,45.68124779379064,85.21878491229484,True,False,False,False,False
13,132,13060,588.75245882,39.76706118,14.40117561,13.29904482,34.80662983,92.34693878,108.28729282,38.31300813,111.15879828,78.57142857,70.76923077,34.1587764,52.73124545,25.78295703,4,2.3320497085341647,1.7152293046593092,13.29904482,San Diego,Puente de Vallecas,84.21052631578947,100.0,100.0,38,69.18323226476616,103.35131727644381,True,False,False,False,False
13,132,13058,819.20715016,37.773767,15.44064093,10.26948288,35.46099291,66.50943396,150.35460993,34.60784314,119.82758621,118.18181818,89.0625,37.33719247,57.59768452,29.45007236,1,1.6869969942575826,0.5927692837651333,10.26948288,San Diego,Puente de Vallecas,,,,26,,,False,False,False,False,False
13,133,13074,235.63918248,48.06025,7.79156328,24.26799007,16.97341513,311.46496815,32.10633947,47.18772827,76.41752577,22.65625,107.14285714,10.79207921,16.63366337,7.67326733,21,8.572426645438071,2.449714750393977,24.26799007,Palomeras Bajas,Puente de Vallecas,94.61538461538461,100.0,100.0,130,51.53395988549106,90.72241767645994,True,False,False,False,False
13,132,13036,569.40300009,37.58085993,16.23994148,10.68032187,26.71232877,65.76576577,152.05479452,36.83683684,121.01769912,90.16393443,82.89473684,37.68953069,55.37906137,26.78700361,0,2.432372150785221,0.0,10.68032187,San Diego,Puente de Vallecas,55.00000000000001,95.0,100.0,40,93.28479476325789,136.64040906611183,True,False,False,False,False
13,132,13057,483.80309937,39.37125039,14.91274458,13.32628239,40.87301587,89.36170213,111.9047619,39.35151069,113.36477987,90.625,71.96261682,37.11447987,56.76947203,31.78254051,8,3.954087938805997,2.023222579722325,13.32628239,San Diego,Puente de Vallecas,93.22033898305084,100.0,100.0,59,36.67997955275564,91.60572804319759,True,False,False,False,False
12,124,12107,199.99665903,42.76767508,13.38895511,15.57409615,26.2755102,116.32047478,85.96938776,40.77181208,69.15799432,72.83950617,92.04545455,12.89432177,19.36119874,9.14826498,26,12.680211820790232,2.0504389333126833,15.57409615,Almendrales,Usera,98.0295566502463,100.0,100.0,203,45.660097459300225,81.78222850682323,True,False,False,False,False
13,131,13035,263.24286394,41.71984637,12.5795053,13.78091873,26.92307692,109.5505618,91.28205128,35.79654511,82.48686515,65.15837104,73.68421053,23.29007366,34.19852683,16.73097159,74,10.830303079445704,6.832680439058159,13.78091873,Entrevías,Puente de Vallecas,95.90643274853801,100.0,100.0,171,24.766826603858988,83.36341703644398,True,False,False,False,False
13,133,13090,319.17374636,39.87568802,13.27102804,12.24299065,29.77099237,92.25352113,108.39694656,34.25345044,109.73684211,55.69620253,109.09090909,33.70473538,49.67502321,22.46982358,3,3.3743376836980263,0.8890633603428274,12.24299065,Palomeras Bajas,Puente de Vallecas,96.29629629629629,100.0,100.0,54,59.882108307322156,95.12197218242518,True,False,False,False,False
13,132,13056,498.25783597,34.94782062,21.40294938,8.72857712,26.48401826,40.78212291,245.20547945,43.12606959,128.25520833,138.37209302,82.5136612,26.43224022,48.99249309,19.51797708,33,5.0797002711095445,6.496446293826684,8.72857712,San Diego,Puente de Vallecas,100.0,100.0,100.0,84,25.491689471703786,47.81568077720694,True,False,False,False,False
13,132,13055,551.5920234,39.64952171,14.77347341,13.06631648,44.22110553,88.44444444,113.06532663,38.58052775,108.93536122,78.82352941,100.0,35.58003889,54.30978613,29.03434867,37,2.7973573484919263,13.226769193412826,13.06631648,San Diego,Puente de Vallecas,84.0909090909091,100.0,100.0,44,41.09410164565479,114.74037465184263,True,False,False,False,False
13,132,13048,645.48140015,37.96757374,15.50614394,10.94207139,28.34224599,70.56603774,141.71122995,35.95863166,109.15141431,98.68421053,117.80821918,38.46153846,58.99363794,29.14979757,13,2.678620948020499,4.853243610152083,10.94207139,San Diego,Puente de Vallecas,80.95238095238095,100.0,100.0,42,57.897512096364395,103.9394486386072,True,False,False,False,False
13,133,13089,294.19692258,40.54102632,11.96013289,12.2923588,47.74774775,102.77777778,97.2972973,32.01754386,115.09433962,62.06896552,114.28571429,34.53947368,53.8377193,25.65789474,3,3.09996444560321,0.9677530347985143,12.2923588,Palomeras Bajas,Puente de Vallecas,94.11764705882352,100.0,100.0,51,56.5956867350066,86.5006040441545,True,False,False,False,False
13,132,13037,348.87453863,39.22164269,13.14083677,11.25515616,27.22513089,85.65022422,116.7539267,32.29329173,110.16393443,84.26966292,93.24324324,35.30099357,52.30859147,27.11864407,6,4.904341849390854,1.2234057462257106,11.25515616,San Diego,Puente de Vallecas,88.60759493670885,100.0,100.0,79,61.83034853530448,101.09997820877989,True,False,False,False,False
13,133,13087,346.73793274,45.44691958,10.83550914,23.23759791,34.83146067,214.45783133,46.62921348,51.68316832,89.13857678,62.79069767,48.57142857,22.04928664,40.59662776,17.50972763,19,2.2235813482950344,8.54477395871689,23.23759791,Palomeras Bajas,Puente de Vallecas,100.0,100.0,100.0,34,22.23374352183464,50.6834413240368,True,False,False,False,False
13,132,13047,505.48895176,40.33558521,13.52813853,12.60822511,36.4806867,93.2,107.29613734,35.38461538,101.32743363,67.79661017,102.4691358,35.63772776,49.35691318,26.31296892,0,3.691475339890087,0.0,12.60822511,San Diego,Puente de Vallecas,54.23728813559322,100.0,100.0,59,95.22951485689553,124.3448775659719,True,False,False,False,False
13,133,13088,125.77705494,49.86657713,8.21167883,30.38321168,45.34534535,370.0,27.02702703,62.85289747,90.65155807,38.80597015,66.66666667,22.2323049,37.02359347,15.42649728,50,8.76153445089416,5.706762928370068,30.38321168,Palomeras Bajas,Puente de Vallecas,97.8102189781022,100.0,100.0,137,35.788157258793575,79.26906536331174,True,False,False,False,False
13,133,13077,328.00318557,50.67369559,8.99508082,34.9964863,29.91967871,389.0625,25.70281124,78.54454203,80.31674208,36.45833333,80.0,12.31630511,18.82435269,8.39748076,0,4.3566650047334825,0.0,34.9964863,Palomeras Bajas,Puente de Vallecas,87.14285714285714,100.0,100.0,70,67.12412682199448,104.38056109844374,True,False,False,False,False
13,132,13038,297.62243432,37.75534213,15.83198708,10.01615509,25.80645161,63.26530612,158.06451613,34.8583878,113.98601399,62.71186441,87.87878788,40.92725819,59.87210232,31.65467626,17,4.2033121692488,4.044429563041037,10.01615509,San Diego,Puente de Vallecas,97.05882352941177,100.0,100.0,68,37.14943760168235,83.47744436640373,True,False,False,False,False
13,133,13078,355.21871207,48.2784652,9.80163361,31.03850642,21.42857143,316.66666667,31.57894737,69.03353057,88.47583643,47.22222222,69.64285714,19.14153132,31.0324826,13.225058,8,4.853347720886641,1.6483467618797583,31.03850642,Palomeras Bajas,Puente de Vallecas,70.51282051282051,91.02564102564102,100.0,78,79.43008865930213,139.1461920772605,True,False,True,False,False
13,133,13079,608.3648033,38.57463215,14.8478489,10.91290661,26.44230769,73.49823322,136.05769231,34.69964664,109.94065282,89.10891089,105.68181818,36.57648283,55.3069719,27.00312175,0,3.159288620210829,0.0,10.91290661,Palomeras Bajas,Puente de Vallecas,46.0,96.0,100.0,50,102.08974443726726,137.89980926735382,True,False,False,False,False
13,132,13049,480.84931732,41.19862197,12.85520974,15.0202977,33.03303303,116.84210526,85.58558559,38.64915572,108.203125,58.33333333,69.1588785,34.70852018,49.64125561,27.53363229,0,4.637627463921012,0.0,15.0202977,San Diego,Puente de Vallecas,40.0,58.666666666666664,78.66666666666666,75,122.77953331154076,236.61921009014497,True,False,False,False,False
13,132,13046,552.0738726,39.28290181,13.80231523,11.21994657,27.77777778,81.29032258,123.01587302,33.37292162,97.65258216,82.45614035,72.32142857,37.01901813,54.22379478,27.95223352,0,4.095466408033167,0.0,11.21994657,San Diego,Puente de Vallecas,0.0,23.4375,71.875,64,172.0694079036914,221.44276840579693,True,False,False,False,False
13,133,13086,178.37380821,41.34261944,14.10499684,13.40923466,46.69811321,95.06726457,105.18867925,37.95811518,86.94942904,60.3960396,135.18518519,29.40438871,48.84012539,20.81504702,37,8.941895763994385,4.137825017932432,13.40923466,Palomeras Bajas,Puente de Vallecas,95.23809523809523,100.0,100.0,147,42.97486241966894,85.37402349172021,True,False,False,False,False
13,133,13080,420.00009764,38.92611502,14.80815348,11.75059952,30.10204082,79.35222672,126.02040816,36.16326531,111.5716753,95.0,108.45070423,38.85578069,57.3897497,30.92967819,0,3.9952371664594777,0.0,11.75059952,Palomeras Bajas,Puente de Vallecas,28.125,54.6875,90.625,64,146.05364556775442,194.65409754534403,True,False,False,False,False
13,133,13084,456.662651,38.95707379,13.76380629,10.45029737,30.89430894,75.92592593,131.70731707,31.95067265,111.87648456,88.52459016,79.62962963,39.5250212,60.39016115,31.63698049,7,2.581774527493436,2.711313449511829,10.45029737,Palomeras Bajas,Puente de Vallecas,97.5,100.0,100.0,40,52.42026595029607,82.91961336487776,True,False,False,False,False
13,132,13039,323.97741402,39.44577281,12.08695652,10.52173913,29.75206612,87.05035971,114.87603306,29.21348315,105.54272517,103.44827586,92.10526316,37.60757315,53.61445783,27.28055077,7,3.5866697791693225,1.9516711687969248,10.52173913,San Diego,Puente de Vallecas,82.75862068965517,100.0,100.0,58,48.053859631987784,110.00224212319576,True,False,False,False,False
13,132,13050,510.49175287,37.92131209,15.40719002,10.63829787,26.20689655,69.04761905,144.82758621,35.21825397,112.65822785,67.56756757,79.45205479,41.05720492,56.6980449,32.0057929,0,2.7052346922912354,0.0,10.63829787,San Diego,Puente de Vallecas,11.627906976744185,30.23255813953488,51.162790697674424,43,196.4215754449236,248.12634212600665,True,False,False,False,False
13,132,13045,487.56885475,38.30776653,14.63126844,10.97345133,32.79569892,75.0,133.33333333,34.41712926,127.61732852,86.07594937,101.42857143,41.60327677,57.75307197,31.77296665,0,3.505145957033632,0.0,10.97345133,San Diego,Puente de Vallecas,0.0,8.928571428571429,42.857142857142854,56,206.8280637252696,255.07676342136335,True,False,False,False,False
13,132,13054,541.73259999,39.14897296,13.2885906,11.4541387,25.0,86.1952862,116.015625,32.87752675,112.64222503,80.67226891,85.71428571,38.34219858,54.92021277,29.25531915,4,4.164416171460753,0.9605187943060262,11.4541387,San Diego,Puente de Vallecas,17.46031746031746,33.33333333333333,61.904761904761905,63,174.03860290201996,249.13010237225595,True,False,False,False,False
13,131,13014,5.12221872,40.42962164,16.20689655,14.22413793,40.0,87.76595745,113.93939394,43.74225527,97.55201958,59.47712418,97.4137931,27.56710695,38.26161057,20.53685556,478,458.1998793665736,1.043212845583457,14.22413793,Entrevías,Puente de Vallecas,32.54639737991266,48.48526200873363,62.963973799126634,7328,155.34006514240457,358.75398123288795,False,False,False,False,False
13,133,13083,419.60422502,39.56566822,13.10702499,13.2484677,29.53736655,101.07913669,98.93238434,35.78745198,120.31029619,89.28571429,83.33333333,42.9304713,59.63602427,35.37097527,18,5.107193570017085,3.5244405275086894,13.2484677,Palomeras Bajas,Puente de Vallecas,92.7710843373494,100.0,100.0,83,36.12504563399152,84.63413024425006,True,False,False,False,False
13,132,13040,396.01882948,39.91973687,11.41636142,10.31746032,30.76923077,90.37433155,110.65088757,27.76911076,94.53717754,68.26923077,85.71428571,42.12432106,60.28968014,33.97706699,4,4.184144481692551,0.955989932350983,10.31746032,San Diego,Puente de Vallecas,57.57575757575758,84.84848484848484,100.0,66,79.14876591061878,154.50860614842748,True,False,False,False,False
13,132,13053,392.51339219,40.44980817,13.05483029,12.92428198,35.85858586,99.0,101.01010101,35.09700176,94.17808219,94.59459459,110.90909091,37.977965,55.21710953,31.36746598,5,3.931076061843476,1.2719163713294452,12.92428198,San Diego,Puente de Vallecas,54.6875,87.5,100.0,64,97.36190151171846,153.7713623266774,True,False,False,False,False
13,132,13044,485.39154575,38.94221657,12.99756296,10.19496344,22.31075697,78.4375,127.49003984,30.19566367,106.44104803,63.82978723,93.0,44.72727273,64.44444444,36.88888889,0,5.098976324744719,0.0,10.19496344,San Diego,Puente de Vallecas,49.39759036144578,83.13253012048193,98.79518072289156,83,100.1539065631174,155.23754076441494,True,False,False,False,False
13,132,13052,409.49223664,40.53939434,11.54150198,12.88537549,26.3803681,111.64383562,89.57055215,32.32217573,111.03752759,77.46478873,93.18181818,41.16260801,60.17282011,32.91437549,6,3.1087280444093848,1.9300498191825322,12.88537549,San Diego,Puente de Vallecas,98.0392156862745,100.0,100.0,51,52.99160122091868,83.04796806628673,True,False,False,False,False
13,132,13041,397.08086457,37.73951539,13.14454776,8.36855452,22.72727273,63.66559486,157.07070707,27.40980075,111.26279863,77.87610619,76.06837607,43.59400998,58.69384359,33.90183028,18,6.054182152192716,2.973151376603481,8.36855452,San Diego,Puente de Vallecas,94.79166666666666,100.0,100.0,96,46.10001510337256,95.2362243464511,True,False,False,False,False
13,132,13043,410.41737553,39.75252853,11.3471213,10.95584125,28.57142857,96.55172414,103.57142857,28.70503597,109.3373494,70.87378641,100.0,44.48753463,66.03878116,35.67867036,38,4.397961947061927,8.640365800660469,10.95584125,San Diego,Puente de Vallecas,100.0,100.0,100.0,71,26.519506028357622,54.233607661886985,True,False,False,False,False
13,132,13042,387.92839017,39.95183406,11.46616541,11.5914787,19.45945946,101.09289617,98.91891892,29.96742671,106.73400673,69.51219512,87.71929825,36.80598877,59.63817842,27.448534,1,4.13220594478133,0.2420014910590131,11.5914787,San Diego,Puente de Vallecas,81.81818181818183,100.0,100.0,66,67.0946829946224,113.18104806694078,True,False,False,False,False
13,133,13208,125.07737429,46.8902833,8.78787879,20.24242424,30.83832335,230.34482759,43.41317365,40.90520922,73.22485207,26.75438596,102.43902439,7.35382761,11.69379144,5.12356841,62,13.263789789705436,4.674380473680358,20.24242424,Palomeras Bajas,Puente de Vallecas,84.43396226415094,100.0,100.0,212,53.18982596196861,105.1254833357803,True,False,False,False,False
13,133,13203,316.07625984,46.5459081,8.47953216,20.02923977,17.51824818,236.20689655,42.33576642,39.87730061,80.44280443,22.00956938,68.57142857,6.4186725,12.76440554,3.86579139,0,4.337560817502197,0.0,20.02923977,Palomeras Bajas,Puente de Vallecas,61.904761904761905,100.0,100.0,63,85.77068613479807,127.89456020833468,True,False,False,False,False
13,133,13103,170.84050582,42.04028128,16.41468683,18.35853132,30.0,111.84210526,89.41176471,53.31125828,84.70948012,66.1971831,67.74193548,18.5026738,24.81283422,14.43850267,92,5.472940948773522,16.809974904007884,18.35853132,Palomeras Bajas,Puente de Vallecas,100.0,100.0,100.0,88,17.31202062432317,51.67707035102097,True,False,False,False,False
13,133,13209,336.83191109,47.15292867,7.42817099,19.3412754,23.1884058,260.37735849,38.4057971,36.55502392,72.15815486,27.36318408,106.25,9.72027972,16.01398601,6.85314685,5,4.245440983789459,1.1777339548686943,19.3412754,Palomeras Bajas,Puente de Vallecas,100.0,100.0,100.0,70,43.22671916172064,70.92225115074855,True,False,False,False,False
13,133,13204,277.72541144,47.03074708,6.84326711,18.83738043,20.703125,275.2688172,36.328125,34.55445545,70.89678511,25.40540541,88.0,7.09064327,11.11111111,3.28947368,7,4.92572859258705,1.4211095614432785,18.83738043,Palomeras Bajas,Puente de Vallecas,89.02439024390245,100.0,100.0,82,52.88972236952287,100.9204575620133,True,False,False,False,False
13,134,13108,510.63990102,43.01641183,11.59574468,16.38297872,24.67532468,141.28440367,70.77922078,38.8478582,91.51343706,38.20754717,83.56164384,20.85533263,32.68215417,13.93875396,18,3.7090716886878092,4.852966324403403,16.38297872,Palomeras Sureste,Puente de Vallecas,100.0,100.0,100.0,61,34.089540096709555,67.19612637621302,True,False,False,False,False
13,134,13211,242.29871863,43.86416937,11.2244898,15.91836735,16.66666667,141.81818182,70.51282051,37.25490196,76.2962963,33.33333333,52.38095238,8.31643002,18.66125761,5.47667343,4,4.0693570547543585,0.9829562621757837,15.91836735,Palomeras Sureste,Puente de Vallecas,85.5072463768116,100.0,100.0,69,57.92393115089094,107.96318742093399,True,False,False,False,False
13,134,13111,485.42369343,43.95922927,14.25061425,20.88452088,21.17647059,146.55172414,68.23529412,54.16666667,81.44329897,33.76623377,73.17073171,11.70731707,20.12195122,8.29268293,9,1.6892459331704972,5.327821025508203,20.88452088,Palomeras Sureste,Puente de Vallecas,,,,27,,,False,False,False,False,False
13,134,13110,425.149239,41.37303233,14.63157895,16.31578947,41.29032258,111.51079137,89.67741935,44.81707317,101.22699387,82.25806452,82.92682927,23.98331595,36.1835245,16.68404588,14,2.255678505405613,6.206558233564645,16.31578947,Palomeras Sureste,Puente de Vallecas,100.0,100.0,100.0,35,41.80791312574295,71.28264486379386,True,False,False,False,False
13,133,13104,117.41786288,43.95183996,12.10438645,17.60133259,36.90851735,145.41284404,68.76971609,42.25908373,74.14030261,73.55371901,111.66666667,14.40397351,23.50993377,9.38189845,61,15.432064215688046,3.952808849641006,17.60133259,Palomeras Bajas,Puente de Vallecas,93.60000000000001,100.0,100.0,250,31.775283927952064,92.42361228265445,True,False,False,False,False
13,134,13127,317.04654035,39.56568429,16.97264893,9.06706632,21.48760331,53.42163355,187.19008264,35.2077001,61.14285714,99.31034483,76.85950413,11.3179449,18.76396128,6.66418466,8,8.471942311822579,0.9442934932212671,9.06706632,Palomeras Sureste,Puente de Vallecas,78.67647058823529,100.0,100.0,136,63.86562480292869,117.11186250579362,True,False,False,False,False
13,134,13112,425.37896029,44.69311024,12.93781272,21.44388849,29.33333333,165.74585635,60.33333333,52.39651416,80.35363458,38.46153846,111.11111111,15.93172119,26.31578947,11.45092461,16,3.305288063728551,4.840727855335882,21.44388849,Palomeras Sureste,Puente de Vallecas,100.0,100.0,100.0,51,33.65384376310195,65.33639491101036,True,False,False,False,False
13,133,13205,327.51111579,45.47055293,9.08346972,19.96726678,17.21311475,219.81981982,45.49180328,40.94579008,81.00208768,44.52054795,75.75757576,6.18892508,11.31921824,3.58306189,6,3.749491057865137,1.600217178119167,19.96726678,Palomeras Bajas,Puente de Vallecas,100.0,100.0,100.0,60,38.32328910033499,62.65280617460887,True,False,False,False,False
13,133,13213,347.8226221,45.53977829,9.55315871,19.26040062,22.4,201.61290323,49.6,40.47619048,77.3512476,28.41530055,108.10810811,14.67889908,21.78899083,8.79204893,19,3.7605374605148625,5.052469281185853,19.26040062,Palomeras Bajas,Puente de Vallecas,100.0,100.0,100.0,58,25.516702946589056,60.53750761916933,True,False,False,False,False
13,133,13207,248.15799611,45.38061393,7.76322174,16.39980592,29.8816568,211.25,47.33727811,31.86180422,74.63687151,54.66101695,80.0,7.74068699,12.48185776,5.07982583,17,8.329370934625752,2.0409704566439544,16.39980592,Palomeras Bajas,Puente de Vallecas,85.15625,100.0,100.0,128,54.16462054611419,108.92321834259657,True,False,False,False,False
13,134,13109,378.92144151,46.06209015,9.32084309,20.28103044,35.1039261,217.5879397,45.95842956,42.04923486,77.65957447,36.32286996,103.27868852,12.5929368,19.93494424,7.94609665,18,5.679277455055239,3.1694172616937104,20.28103044,Palomeras Sureste,Puente de Vallecas,100.0,100.0,100.0,92,33.30510987809753,56.45333019796605,True,False,False,False,False
13,134,13116,146.4350689,45.39619822,11.13956466,24.07170294,21.80851064,216.09195402,46.27659574,54.34782609,78.16901408,52.72727273,92.59259259,12.4523507,18.93265565,8.89453621,8,5.374395668241418,1.4885394551938003,24.07170294,Palomeras Sureste,Puente de Vallecas,91.66666666666666,100.0,100.0,84,59.163166741809185,98.51024567245462,True,False,False,False,False
13,134,13118,469.80049814,45.81237084,11.31105398,23.3933162,25.27472527,206.81818182,48.35164835,53.1496063,73.97260274,50.79365079,130.43478261,9.20716113,13.81074169,6.39386189,5,1.6645363363810128,3.0038395021588156,23.3933162,Palomeras Sureste,Puente de Vallecas,,,,28,,,False,False,False,False,False
13,133,13210,320.48145037,42.85122657,14.20765027,17.90668348,19.95305164,126.03550296,79.342723,47.30650155,81.6647919,50.0,71.55963303,9.99583507,18.53394419,6.78883798,8,7.491853263983916,1.0678265734940287,17.90668348,Palomeras Bajas,Puente de Vallecas,79.6875,95.3125,100.0,128,55.76925377811075,125.91991299046907,True,False,False,False,False
13,135,13200,332.93480868,44.364682,11.25511596,20.60027285,19.53642384,183.03030303,54.63576159,46.74674675,77.44227353,59.64912281,133.33333333,13.19350474,22.32746955,9.13396482,24,4.439307520437274,5.4062485848324355,20.60027285,Portazgo,Puente de Vallecas,100.0,100.0,100.0,72,34.79266156531105,65.28695355089219,True,False,False,False,False
13,134,13117,498.29312529,40.8539439,15.8213892,15.38037486,45.51971326,97.21254355,102.86738351,45.3525641,93.48837209,80.0,90.32258065,25.87145969,40.41394336,18.95424837,20,3.68457822678803,5.428029687249895,15.38037486,Palomeras Sureste,Puente de Vallecas,100.0,100.0,100.0,58,23.845465127683823,49.30239737738115,True,False,False,False,False
13,134,13119,495.04343154,43.26517592,11.3372093,18.60465116,48.4375,164.1025641,60.9375,42.73858921,103.80549683,90.24390244,100.0,30.42537851,47.15212689,22.5666907,16,2.8017743729524534,5.71066683829345,18.60465116,Palomeras Sureste,Puente de Vallecas,100.0,100.0,100.0,43,25.61676404287544,58.20508721666284,True,False,False,False,False
13,134,13115,240.17953986,42.7639318,13.59381359,18.03011803,34.08577878,132.63473054,75.39503386,46.25,92.66055046,65.19337017,81.63265306,22.88135593,35.06860371,15.33494754,130,10.317281819527691,12.600217990938935,18.03011803,Palomeras Sureste,Puente de Vallecas,99.3975903614458,100.0,100.0,166,20.569977877214438,59.937419799321205,True,False,False,False,False
13,134,13125,557.83716606,41.24505259,14.24050633,15.82278481,37.5,111.11111111,90.0,42.98642534,104.62962963,51.35135135,88.13559322,26.53061224,39.8744113,19.78021978,4,2.283820579748724,1.7514510708367894,15.82278481,Palomeras Sureste,Puente de Vallecas,100.0,100.0,100.0,37,41.66916605847274,73.97045961071233,True,False,False,False,False
13,135,13150,313.6815646,41.62211733,14.47607511,17.5045427,26.98961938,120.92050209,82.69896194,47.01691897,93.28743546,80.73394495,97.2972973,21.66064982,33.81468111,15.70397112,33,5.298366839340592,6.22833431520325,17.5045427,Portazgo,Puente de Vallecas,100.0,100.0,100.0,84,31.548757334491313,62.371650770808536,True,False,False,False,False
13,134,13120,361.66470162,45.14782715,12.76119403,22.23880597,29.86577181,174.26900585,57.38255034,53.84615385,80.70539419,41.02564103,94.73684211,16.09792285,25.96439169,11.42433234,13,3.7272091912105143,3.487864333093118,22.23880597,Palomeras Sureste,Puente de Vallecas,100.0,100.0,100.0,60,31.173957096035746,50.01850808689401,True,False,False,False,False
13,135,13153,306.72912507,38.92509608,17.12877388,12.69254467,28.15533981,74.10071942,134.95145631,42.49341528,101.95035461,105.74712644,93.67088608,23.13341493,34.57772338,17.625459,20,5.328622068762568,3.7533155367208226,12.69254467,Portazgo,Puente de Vallecas,100.0,100.0,100.0,80,39.43950507187995,64.59427301267523,True,False,False,False,False
13,133,13091,621.06058003,41.9634375,13.43537415,14.28571429,51.78571429,106.32911392,94.04761905,38.35294118,89.30957684,60.81081081,81.39534884,28.5472973,44.76351351,21.19932432,17,1.9064162789732007,8.917254949772161,14.28571429,Palomeras Bajas,Puente de Vallecas,100.0,100.0,100.0,33,24.053425951266124,42.441852902771814,True,False,False,False,False
13,134,13124,517.37589683,42.590365,13.4469697,18.49747475,36.1774744,137.55868545,72.69624573,46.93877551,101.4953271,55.55555556,78.87323944,24.9375,39.375,18.0,42,3.0925290679616957,13.581117291706638,18.49747475,Palomeras Sureste,Puente de Vallecas,100.0,100.0,100.0,49,25.98148956532345,55.70436953576955,True,False,False,False,False
13,134,13121,202.82530536,42.20100584,14.72031403,19.43081452,29.7979798,132.0,75.75757576,51.86289121,100.29850746,48.52941176,106.81818182,28.59922179,36.96498054,24.51361868,13,5.06840109617198,2.564911449060046,19.43081452,Palomeras Sureste,Puente de Vallecas,100.0,100.0,100.0,83,36.637000423143924,66.77866944307337,True,False,False,False,False
13,133,13094,97.66405356,45.02156909,10.18387553,17.53889675,31.4516129,172.22222222,58.06451613,38.35616438,77.84222738,36.78756477,98.4375,16.58079625,26.37002342,12.31850117,133,21.860653148463854,6.083990221918228,17.53889675,Palomeras Bajas,Puente de Vallecas,96.82080924855492,100.0,100.0,346,24.839334853114252,74.1565181464583,False,False,False,False,False
13,134,13123,500.32632482,45.51175132,9.87091875,20.88078967,30.54545455,211.53846154,47.27272727,44.40789474,82.4,34.14634146,68.18181818,15.97588546,27.8824416,11.90655614,8,2.6522689976012908,3.0162853041057267,20.88078967,Palomeras Sureste,Puente de Vallecas,100.0,100.0,100.0,43,32.20684399306622,55.59983018648224,True,False,False,False,False
13,135,13155,277.34354665,40.56174959,14.6090535,14.23868313,32.94797688,97.46478873,102.60115607,40.54366686,99.19354839,65.03067485,70.54263566,27.17213115,40.0,19.42622951,64,8.797752929511217,7.274584830101121,14.23868313,Portazgo,Puente de Vallecas,100.0,100.0,100.0,141,27.339469636403617,53.25933627082678,True,False,False,False,False
13,135,13148,1077.58008634,41.8770589,12.8458498,16.07378129,42.21311475,125.12820513,79.91803279,40.6858202,99.81481481,110.9375,71.18644068,34.55497382,51.37434555,27.29057592,4,1.4179920540321573,2.820890278352214,16.07378129,Portazgo,Puente de Vallecas,,,,22,,,False,False,False,False,False
13,134,13199,273.7067331,51.04561795,7.29379686,30.12951602,19.90950226,413.08411215,24.2081448,59.80392157,66.30434783,14.95726496,85.71428571,8.97348742,15.4996601,5.71040109,36,5.374365414091075,6.698465256123341,30.12951602,Palomeras Sureste,Puente de Vallecas,100.0,100.0,100.0,88,29.606580476161586,52.523171512384195,True,False,False,False,False
13,134,13122,265.19905749,43.56471413,11.73245614,18.31140351,34.73053892,156.07476636,64.07185629,42.94670846,84.39306358,49.25373134,135.71428571,19.56521739,35.2173913,13.36956522,21,3.469092268651849,6.053456747104906,18.31140351,Palomeras Sureste,Puente de Vallecas,100.0,100.0,100.0,55,28.202187857606404,50.18724218336673,True,False,False,False,False
13,133,13092,213.05820277,42.68272596,11.63202123,14.77222468,32.93413174,126.99619772,78.74251497,35.87740385,85.50724638,53.80116959,77.27272727,20.15810277,30.74220466,15.54677207,14,10.687220536055278,1.3099757745962535,14.77222468,Palomeras Bajas,Puente de Vallecas,98.26589595375722,100.0,100.0,173,45.09454179866706,71.2068772553109,True,False,False,False,False
13,135,13156,633.21589446,45.39059796,11.97110423,23.63261094,50.21834061,197.4137931,50.65502183,55.28846154,95.61128527,75.92592593,96.96969697,25.10204082,34.3877551,16.93877551,9,1.5476554024692983,5.81524801040362,23.63261094,Portazgo,Puente de Vallecas,,,,26,,,False,False,False,False,False
13,133,13206,366.41868823,38.49686011,17.84646062,11.1665005,27.67857143,62.5698324,159.82142857,40.87078652,94.80164159,82.35294118,84.87394958,23.03509639,38.65546218,18.38853188,28,5.521007244439388,5.071538355288495,11.1665005,Palomeras Bajas,Puente de Vallecas,97.70114942528735,100.0,100.0,87,36.13066426184038,76.20405344031802,True,False,False,False,False
13,135,13154,248.87452812,45.08245103,13.28560064,22.75258552,38.11188811,171.25748503,58.39160839,56.34328358,83.56164384,59.7826087,102.08333333,20.37914692,32.30647709,14.21800948,12,5.086900654581234,2.359000266536141,22.75258552,Portazgo,Puente de Vallecas,97.53086419753086,100.0,100.0,81,42.729586939065065,79.67868284560662,True,False,False,False,False
13,135,13146,339.11254315,42.47982157,13.38645418,18.32669323,34.7826087,136.9047619,73.04347826,46.44107351,101.17370892,77.77777778,62.71186441,30.84853291,45.67803331,24.34575734,12,3.7185295132277374,3.2270820918088736,18.32669323,Portazgo,Puente de Vallecas,100.0,100.0,100.0,59,42.33385406591073,77.86310421595866,True,False,False,False,False
13,134,13140,337.1782331,46.44898301,8.96506262,20.36914964,33.65695793,227.20588235,44.01294498,41.51119403,83.24786325,24.37810945,100.0,18.88888889,32.09150327,13.20261438,13,4.537659462520418,2.8649130917328076,20.36914964,Palomeras Sureste,Puente de Vallecas,100.0,100.0,100.0,72,37.251254718485676,64.48007797496247,True,False,False,False,False
13,134,13131,509.03535899,42.53525259,15.08452536,20.41612484,24.20382166,135.34482759,73.88535032,55.04032258,90.76923077,79.06976744,75.6097561,19.17098446,26.16580311,13.86010363,0,1.5165940565246296,0.0,20.41612484,Palomeras Sureste,Puente de Vallecas,,,,24,,,False,False,False,False,False
13,135,13147,344.79092098,43.50237427,11.25827815,17.51287712,28.57142857,155.55555556,64.28571429,40.39256198,90.9270217,44.32989691,77.77777778,26.75438596,44.51754386,22.07602339,13,3.9676218738277576,3.2765219099516325,17.51287712,Portazgo,Puente de Vallecas,98.4375,100.0,100.0,64,48.1252931511114,78.56671423668517,True,False,False,False,False
13,134,13129,610.09025164,45.65227096,11.02941176,22.18137255,28.17679558,201.11111111,49.72375691,49.72477064,76.94805195,57.37704918,71.42857143,12.63669502,20.04860267,8.38396112,11,1.3489807414279593,8.15430469997369,22.18137255,Palomeras Sureste,Puente de Vallecas,,,,23,,,False,False,False,False,False
13,134,13139,515.11967974,42.65644105,13.7254902,17.39130435,47.54901961,126.70807453,78.92156863,45.17326733,90.56603774,80.64516129,77.77777778,24.08821035,38.67684478,17.47243427,5,2.2887885017446403,2.1845618309375134,17.39130435,Palomeras Sureste,Puente de Vallecas,86.48648648648648,100.0,100.0,37,79.55084135338858,102.90586632069706,True,False,False,False,False
13,134,13138,586.6726063,42.69393883,13.18359375,17.7734375,26.92307692,134.81481481,74.17582418,44.83734088,88.53333333,53.84615385,79.54545455,21.45631068,30.97087379,17.37864078,8,1.7556640431886554,4.55668043726083,17.7734375,Palomeras Sureste,Puente de Vallecas,,,,29,,,False,False,False,False,False
13,135,13157,476.09336198,42.28327008,14.16608514,18.07397069,32.81853282,127.5862069,78.37837838,47.57981462,98.16326531,52.80898876,94.02985075,30.40166205,46.53739612,23.54570637,12,3.033018553308094,3.9564545317112145,18.07397069,Portazgo,Puente de Vallecas,100.0,100.0,100.0,48,42.06552938136808,69.30079026306827,True,False,False,False,False
13,135,13158,234.27266463,43.50595937,12.42802303,17.80230326,32.61455526,143.24324324,69.81132075,43.32874828,81.07098381,61.0738255,87.05882353,19.40726577,33.12619503,13.81453155,20,8.929765678246309,2.23970042671128,17.80230326,Portazgo,Puente de Vallecas,89.5104895104895,100.0,100.0,143,49.26075314038863,100.81848686241099,True,False,False,False,False
13,134,13137,509.46250645,48.78701627,7.92019347,27.38814994,25.82781457,345.80152672,28.9183223,54.57943925,87.71929825,22.85714286,95.23809524,12.04819277,21.68674699,8.73493976,10,3.258335950139665,3.069051243648268,27.38814994,Palomeras Sureste,Puente de Vallecas,100.0,100.0,100.0,51,45.358977061107694,79.916221564133,True,False,False,False,False
13,135,13145,266.89899137,39.53988266,14.93055556,13.02083333,29.33333333,87.20930233,114.66666667,38.79518072,115.02590674,60.24096386,91.37931034,34.42622951,50.12942192,26.83347714,2,4.342466766403776,0.46056771590593076,13.02083333,Portazgo,Puente de Vallecas,84.72222222222221,100.0,100.0,72,55.849869015963684,107.16710236684816,True,False,False,False,False
13,134,13132,489.31454117,44.16816838,12.90877797,19.10499139,20.27027027,148.0,67.56756757,47.08860759,75.94654788,33.33333333,73.33333333,17.09401709,26.15384615,10.94017094,1,2.391100001223328,0.41821755655906606,19.10499139,Palomeras Sureste,Puente de Vallecas,100.0,100.0,100.0,37,50.20420799038177,72.30732243112271,True,False,False,False,False
13,134,13133,457.21868923,43.89551577,13.99253731,21.54850746,27.27272727,154.0,64.93506494,55.13748191,81.3648294,63.38028169,96.07843137,13.72912801,22.26345083,9.74025974,6,2.3577338927583296,2.544816452114771,21.54850746,Palomeras Sureste,Puente de Vallecas,100.0,100.0,100.0,38,34.2808076661868,54.5578115769203,True,False,False,False,False
13,135,13144,217.21690108,42.30976933,13.70299554,16.88973869,30.94339623,123.25581395,81.13207547,44.07713499,89.72125436,81.0,77.46478873,23.00380228,39.7338403,15.52598226,37,7.264628084609387,5.0931719516911045,16.88973869,Portazgo,Puente de Vallecas,99.15254237288136,100.0,100.0,118,34.481889693737344,74.64799935053686,True,False,False,False,False
13,134,13136,439.16677257,44.92748883,13.0941704,21.61434978,26.97095436,165.06849315,60.58091286,53.15934066,78.86977887,50.0,59.64912281,11.97497766,17.60500447,8.66845398,24,2.5480069756514077,9.419126489582828,21.61434978,Palomeras Sureste,Puente de Vallecas,100.0,100.0,100.0,41,21.128601467614924,34.07315659027782,True,False,False,False,False
13,134,13134,141.32294302,44.7535534,13.66459627,22.09405501,28.51405622,161.68831169,61.84738956,55.66298343,74.03846154,66.66666667,60.34482759,11.82700794,18.00529568,6.17828773,63,8.017098821992175,7.858204245553392,22.09405501,Palomeras Sureste,Puente de Vallecas,98.44961240310077,100.0,100.0,129,30.446490765789854,67.79485965756717,True,False,False,False,False
13,134,13135,368.53387754,46.84043185,11.38014528,24.21307506,31.5,212.76595745,47.0,55.26315789,76.1589404,44.64285714,115.0,9.04704463,17.37032569,5.54885404,8,2.249453986521652,3.5564186011070458,24.21307506,Palomeras Sureste,Puente de Vallecas,91.42857142857143,100.0,100.0,35,56.892060079047006,93.68250751034267,True,False,False,False,False
13,135,13198,163.27287987,46.34576114,11.37770898,23.06501548,28.18791946,202.72108844,49.32885906,52.53837072,73.21063395,30.8411215,78.84615385,14.51612903,24.57757296,9.83102919,50,7.97438007502964,6.270079871984802,23.06501548,Portazgo,Puente de Vallecas,100.0,100.0,100.0,123,31.505812162410255,64.2566897999449,True,False,False,False,False
13,135,13143,278.12758088,48.63610233,12.109375,29.03645833,45.73991031,239.78494624,41.70403587,69.91150442,71.21212121,58.69565217,104.16666667,23.05699482,30.31088083,17.0984456,0,2.775704579704445,0.0,29.03645833,Portazgo,Puente de Vallecas,79.48717948717949,100.0,100.0,39,78.90857051043315,110.07115895308529,True,False,True,False,False
13,135,13142,282.06335393,43.14101595,14.01028278,19.0874036,37.37373737,136.23853211,73.4006734,49.47166186,89.27272727,72.34042553,80.88235294,19.46394384,32.29100191,14.29483089,38,5.555489496034659,6.84008133344924,19.0874036,Portazgo,Puente de Vallecas,98.86363636363636,100.0,100.0,88,35.37220461090801,70.01098460106248,True,False,False,False,False
13,134,13128,11.4958418,48.80276831,9.15228807,26.78169542,30.81232493,292.62295082,34.17366947,56.08899297,79.03563941,22.92993631,94.44444444,15.54559043,24.28998505,11.13602392,163,116.38991061395397,1.4004650329240647,26.78169542,Palomeras Sureste,Puente de Vallecas,29.440258342303554,37.997847147470395,45.64047362755651,1858,225.19795613151996,423.5697264721265,False,False,False,False,False
13,135,13160,100.45358897,45.81433333,12.65822785,24.60099064,27.51677852,194.34782609,51.4541387,59.38596491,72.46596067,50.34965035,70.11494253,11.69398907,18.85245902,8.63387978,35,18.21736802803619,1.9212435048869656,24.60099064,Portazgo,Puente de Vallecas,75.51020408163265,96.5986394557823,100.0,294,61.104877748577124,131.13307621334732,True,False,False,False,False
13,136,13168,465.30116548,40.3114672,11.85185185,13.07407407,28.04532578,110.3125,90.65155807,33.20177602,111.58663883,65.14285714,87.25490196,35.14107732,54.59875412,27.81238549,15,5.865018621214678,2.557536636924337,13.07407407,Numancia,Puente de Vallecas,100.0,100.0,100.0,93,41.79404861888939,69.34677766132148,True,False,False,False,False
13,136,13169,458.35999361,41.67265833,12.24093264,14.57253886,34.22222222,119.04761905,84.0,36.63716814,89.91596639,65.16853933,98.24561404,33.91025641,47.62820513,27.43589744,0,3.403438392869184,0.0,14.57253886,Numancia,Puente de Vallecas,70.37037037037037,100.0,100.0,54,87.39554305235146,111.49157424015714,True,False,False,False,False
13,136,13170,576.17865492,43.17444815,11.10124334,16.3410302,40.76086957,147.2,67.93478261,37.82129743,87.3853211,44.70588235,76.31578947,34.71001757,54.13005272,28.64674868,4,1.975081843576481,2.0252325304944296,16.3410302,Numancia,Puente de Vallecas,100.0,100.0,100.0,32,38.42277429497733,70.62896855118117,True,False,False,False,False
13,135,13162,89.24205916,43.92473874,15.10416667,22.13541667,22.94117647,146.55172414,68.23529412,59.33609959,73.38129496,51.5625,40.38461538,10.03861004,15.7014157,6.69240669,38,8.706657010597082,4.364476509612046,22.13541667,Portazgo,Puente de Vallecas,96.47887323943662,100.0,100.0,142,40.78704146584846,82.66118444471181,False,False,False,False,False
13,136,13172,461.71875598,41.37858958,13.09352518,16.04316547,39.46188341,122.52747253,81.61434978,41.11675127,115.06550218,70.51282051,63.79310345,35.61741613,54.46109921,27.98001428,16,3.0343146815262205,5.273019340219588,16.04316547,Numancia,Puente de Vallecas,93.75,100.0,100.0,48,42.65817257711548,94.42892531993992,True,False,False,False,False
13,135,13161,168.12410633,52.94524906,10.77504726,39.22495274,45.30120482,364.03508772,27.46987952,100.0,74.58745875,48.48484848,72.5,10.9962406,19.92481203,8.7406015,40,6.3286581754240485,6.320455125121341,39.22495274,Portazgo,Puente de Vallecas,100.0,100.0,100.0,103,27.05816142960715,54.14475109151635,True,False,False,False,False
13,136,13171,527.04022926,41.06059736,13.34519573,15.56939502,24.0,116.66666667,85.71428571,40.67584481,108.07291667,44.92753623,84.61538462,32.95154185,44.66960352,25.28634361,4,2.153535796675473,1.8574104995956007,15.56939502,Numancia,Puente de Vallecas,79.41176470588235,100.0,100.0,34,66.74780289943351,107.80424464734806,True,False,False,False,False
13,136,13173,809.79776013,40.0870214,14.16666667,14.5,37.93103448,102.35294118,97.70114943,40.18691589,111.35802469,61.11111111,98.07692308,34.56790123,55.47325103,27.90123457,1,1.5003746118293813,0.6665002140903444,14.5,Numancia,Puente de Vallecas,,,,24,,,False,False,False,False,False
13,135,13163,421.98727202,47.82169335,10.041841,27.19665272,34.23076923,270.83333333,36.92307692,59.33333333,82.37082067,62.12121212,93.10344828,13.61746362,28.27442827,10.6029106,8,2.2796896110077816,3.5092496633624797,27.19665272,Portazgo,Puente de Vallecas,100.0,100.0,100.0,39,31.107595535912274,56.55020862511137,True,False,False,False,False
13,136,13166,95.28956003,43.29389608,11.27039051,18.83341572,31.2335958,167.10526316,59.84251969,43.06930693,101.13798009,44.29530201,71.95121951,28.92156863,47.45098039,23.87254902,64,21.40843130506934,2.989476393108977,18.83341572,Numancia,Puente de Vallecas,97.67441860465115,100.0,100.0,344,36.14694137560197,79.63657140318603,False,False,False,False,False
13,136,13196,462.14801865,41.05182815,12.19346049,14.03269755,29.61165049,115.08379888,86.89320388,35.54939982,100.55555556,91.66666667,88.88888889,37.95669824,55.54803789,28.82273342,6,3.198109567445134,1.8761083300823884,14.03269755,Numancia,Puente de Vallecas,77.35849056603774,100.0,100.0,53,69.89359055107168,111.68536759251919,True,False,False,False,False
13,136,13174,571.20027404,41.15094731,11.51769646,14.15716857,41.52542373,122.91666667,81.3559322,34.54398709,102.78232406,87.64044944,107.14285714,33.68857312,51.03611604,26.9982238,2,2.956931354471932,0.6763768786770409,14.15716857,Numancia,Puente de Vallecas,100.0,100.0,100.0,47,51.1861563313611,85.33551234245817,True,False,False,False,False
13,136,13177,728.36825301,40.7400698,12.88537549,13.75494071,43.67816092,106.74846626,93.67816092,36.31465517,110.90909091,65.38461538,85.71428571,31.1372549,50.2745098,22.03921569,6,1.7504881558761292,3.4276153082549516,13.75494071,Numancia,Puente de Vallecas,,,,27,,,False,False,False,False,False
13,135,13164,199.60672719,47.04547886,11.49425287,26.43678161,30.86956522,230.0,43.47826087,61.11111111,86.85121107,37.5,57.89473684,17.02857143,28.0,12.45714286,34,4.383619792452787,7.756147113519583,26.43678161,Portazgo,Puente de Vallecas,98.57142857142858,100.0,100.0,70,29.666780836649902,63.65669892217781,True,False,False,False,False
13,136,13176,724.51701684,39.84676183,13.81475667,13.50078493,40.69767442,97.72727273,102.3255814,37.58099352,115.34883721,79.01234568,83.33333333,34.44530644,50.89216447,28.23894492,5,1.7791162526800786,2.810384083933779,13.50078493,Numancia,Puente de Vallecas,96.66666666666667,100.0,100.0,30,61.26168370370478,88.24295989280527,True,False,False,False,False
13,136,13175,669.1096289,40.51380675,12.32198142,14.05572755,31.27753304,114.07035176,87.66519824,35.82842725,112.70125224,80.48780488,80.3030303,33.00613497,51.04294479,24.35582822,0,2.4360731479468893,0.0,14.05572755,Numancia,Puente de Vallecas,92.10526315789474,100.0,100.0,38,70.98561479625518,97.74728709690459,True,False,False,False,False
13,136,13195,445.59772109,41.60881504,11.09123435,12.25402504,29.19708029,110.48387097,90.51094891,30.45507585,86.71023965,68.85245902,65.0,24.69026549,40.88495575,19.55752212,6,2.5359196120512193,2.3660055987132824,12.25402504,Numancia,Puente de Vallecas,73.80952380952381,100.0,100.0,42,47.964934799618945,127.57500710085299,True,False,False,False,False
13,136,13197,362.98846075,39.91647624,11.98057205,12.8440367,26.05042017,107.20720721,93.27731092,33.02225413,115.30139104,89.01098901,104.6875,41.43085958,55.84623599,32.72824346,17,5.159943641599313,3.2946096276995163,12.8440367,Numancia,Puente de Vallecas,93.82716049382715,100.0,100.0,81,39.02554291793512,81.5795078438838,True,False,False,False,False
13,136,13192,546.32783784,40.95107276,12.75167785,13.75838926,31.2195122,107.89473684,92.68292683,36.07305936,100.54945055,62.5,100.0,33.97863818,50.80106809,27.30307076,4,2.7419433831453572,1.4588193266818996,13.75838926,Numancia,Puente de Vallecas,88.37209302325581,100.0,100.0,43,64.04118830854435,100.10630457985444,True,False,False,False,False
13,136,13194,479.75952176,39.25484865,12.44343891,11.08597285,25.0,89.09090909,112.24489796,30.76923077,118.41680129,56.63716814,92.30769231,38.90134529,57.39910314,30.21300448,0,3.7185296363537526,0.0,11.08597285,Numancia,Puente de Vallecas,41.66666666666667,88.33333333333333,100.0,60,111.72414435285847,151.6290998107225,True,False,False,False,False
13,136,13212,443.41870366,52.10483986,9.58429561,37.6443418,35.27607362,392.77108434,25.4601227,89.49671772,80.63241107,33.82352941,78.57142857,15.43778802,23.50230415,10.13824885,0,1.9575177881374093,0.0,37.6443418,Numancia,Puente de Vallecas,100.0,100.0,100.0,32,49.79881264099832,71.45360396898921,True,False,False,False,False
13,136,13178,68.16064596,46.52538815,11.86868687,25.0,29.96632997,210.63829787,47.47474747,58.4,74.82517483,38.38383838,91.4893617,12.27045075,19.36560935,8.76460768,22,17.5761245092383,1.251698005919134,25.0,Numancia,Puente de Vallecas,74.28571428571429,95.35714285714286,100.0,280,68.54443797835779,134.67743583666783,False,False,False,False,False
13,136,13179,222.57200455,47.37608629,12.55813953,27.59689922,30.8988764,219.75308642,45.50561798,67.0984456,64.25531915,55.10204082,100.0,9.2449923,16.64098613,5.85516179,35,2.915910297469639,12.0031127261947,27.59689922,Numancia,Puente de Vallecas,100.0,100.0,100.0,47,15.279283359860754,28.682487536473253,True,False,False,False,False
13,136,13193,490.38330386,41.12409485,12.21843003,12.83276451,31.38297872,105.02793296,95.21276596,33.42440801,89.96539792,66.66666667,68.85245902,31.30081301,48.37398374,24.59349593,4,3.0098904028164957,1.3289520429903403,12.83276451,Numancia,Puente de Vallecas,64.58333333333334,97.91666666666666,100.0,48,80.09510112372845,143.36691144625905,True,False,False,False,False
13,136,13183,278.4149766,48.0628253,7.77160983,25.61459159,31.26934985,329.59183673,30.34055728,50.11904762,91.78082192,23.77622378,100.0,14.38735178,24.11067194,9.72332016,30,4.543577416132884,6.602726717823488,25.61459159,Numancia,Puente de Vallecas,98.63013698630137,100.0,100.0,73,47.29413166529303,85.67188637852524,True,False,False,False,False
13,136,13180,425.21791117,44.74852799,13.9941691,23.22643343,21.75732218,165.97222222,60.25104603,59.2879257,71.80851064,62.68656716,94.0,10.90733591,20.17374517,6.94980695,20,2.4363978392995587,8.20883998392882,23.22643343,Numancia,Puente de Vallecas,100.0,100.0,100.0,40,21.467271717303134,37.783773665873525,True,False,False,False,False
13,136,13190,521.02421654,39.27081029,12.50544662,9.97821351,26.63755459,79.79094077,125.32751092,29.00505902,107.10128056,67.42424242,74.72527473,37.98617113,54.45116681,28.00345722,4,4.441252299891969,0.9006468738777345,9.97821351,Numancia,Puente de Vallecas,69.44444444444444,100.0,100.0,72,81.16862838456845,124.10830328570829,True,False,False,False,False
13,136,13182,95.88080491,51.28810102,8.78504673,35.42056075,31.13456464,403.19148936,24.80211082,79.22948074,84.82972136,25.64102564,140.0,11.67747915,21.31603336,7.8776645,68,11.253555923438013,6.042534507548409,35.42056075,Numancia,Puente de Vallecas,95.0,100.0,100.0,180,28.256676920915638,77.24310414464327,False,False,False,False,False
13,136,13201,181.75370293,45.23014795,11.11111111,23.3241506,25.19685039,209.91735537,47.63779528,52.5210084,89.38992042,63.88888889,97.14285714,13.24200913,23.56164384,10.1369863,23,6.024636540169224,3.817657687172936,23.3241506,Numancia,Puente de Vallecas,100.0,100.0,100.0,96,29.729085158853614,61.136184234819424,True,False,False,False,False
13,136,13189,535.42864923,39.74954893,12.57716049,13.34876543,27.74566474,106.13496933,94.21965318,35.0,115.73033708,88.57142857,73.68421053,37.0030581,56.11620795,28.66972477,10,2.4429025265868813,4.093491202029895,13.34876543,Numancia,Puente de Vallecas,86.48648648648648,100.0,100.0,37,63.04484832197877,103.30327802483434,True,False,False,False,False
13,136,13202,296.5913918,53.11958165,7.7073808,38.27563684,38.22525597,496.61016949,20.13651877,85.12696493,88.81278539,25.18518519,95.0,14.83409239,23.35718933,10.14964216,3,5.182213788050423,0.5789031720222828,38.27563684,Numancia,Puente de Vallecas,65.06024096385542,100.0,100.0,83,80.08423621459255,129.85123085337193,True,False,True,False,False
13,136,13191,402.97922882,45.17638743,11.47227533,23.99617591,30.27888446,209.16666667,47.80876494,54.96296296,107.05521472,52.71317829,97.18309859,21.56116135,34.93574488,15.9447882,24,5.213668223421639,4.60328486039513,23.99617591,Numancia,Puente de Vallecas,100.0,100.0,100.0,82,26.637693952161506,60.049570945395644,True,False,False,False,False
13,136,13181,132.67120002,44.82731686,11.19293078,23.4904271,29.15360502,209.86842105,47.64890282,53.10033822,92.82608696,53.33333333,79.24528302,16.4244186,24.92732558,11.99127907,29,10.371504891671048,2.7961226748577994,23.4904271,Numancia,Puente de Vallecas,100.0,100.0,100.0,166,34.72386891411518,69.7287598260503,True,False,False,False,False
13,136,13185,557.95203996,40.61019792,12.62419638,14.26066628,30.32786885,112.96296296,88.52459016,36.77058353,103.08441558,76.34408602,109.43396226,31.44835545,48.99019042,21.00403924,21,3.1060017275060368,6.761103773390991,14.26066628,Numancia,Puente de Vallecas,100.0,100.0,100.0,51,33.23240457787647,49.61823052100538,True,False,False,False,False
13,136,13187,379.22671197,39.90166536,12.32063335,11.47946561,37.06896552,93.17269076,107.32758621,31.23376623,107.26783311,81.14754098,95.58823529,32.13935231,45.19136408,23.01275761,13,5.374094006759896,2.4190123923488738,11.47946561,Numancia,Puente de Vallecas,97.72727272727273,100.0,100.0,88,56.645067851580464,90.52816516743272,True,False,False,False,False
13,136,13184,129.22313995,43.47308347,12.96395912,21.51694459,21.5,165.97510373,60.25,52.6272578,98.3713355,66.66666667,106.06060606,16.85393258,30.06955591,12.25254147,32,14.463353860525428,2.212488217365477,21.51694459,Numancia,Puente de Vallecas,86.14718614718615,100.0,100.0,231,54.91968326551152,108.37985420228377,True,False,False,False,False
13,136,13186,171.80941829,42.04201535,12.54834551,16.45896003,36.03133159,131.16438356,76.24020888,40.85956416,104.20271941,56.875,81.18811881,28.64450128,41.85848252,21.0571185,49,13.654664705936145,3.5885172617016394,16.45896003,Numancia,Puente de Vallecas,86.69724770642202,96.3302752293578,100.0,218,56.273476434536775,108.78481078082432,True,False,False,False,False
13,135,13214,255.00161801,39.46540336,16.96359411,16.57629744,13.55140187,97.71689498,102.3364486,50.46620047,103.31753555,81.17647059,86.95652174,16.50114591,26.43239114,11.61191749,2,5.131854583505312,0.38972265629434505,16.57629744,Portazgo,Puente de Vallecas,68.29268292682927,95.1219512195122,100.0,82,87.47210158964145,139.5763430251326,True,False,False,False,False
13,134,13216,34.73325432,36.04533478,16.61178192,4.8298573,8.33333333,29.07488987,343.93939394,27.29389846,98.7962963,103.41880342,116.40625,12.65365148,21.40274765,6.97758496,258,79.63549786599043,3.239761248609998,4.8298573,Palomeras Sureste,Puente de Vallecas,61.14599686028257,76.68759811616954,89.32496075353218,1274,71.45691778447011,202.08328466490363,False,False,False,False,False
13,132,13218,380.79536398,35.24235319,23.31460674,8.14606742,19.82758621,34.93975904,286.20689655,45.90163934,102.91060291,90.47619048,93.87755102,13.85041551,34.69529086,9.76454294,27,3.79206369614304,7.120133564070159,8.14606742,San Diego,Puente de Vallecas,100.0,100.0,100.0,62,18.055860853937478,40.27666154949893,True,False,False,False,False
13,134,13215,323.62751695,39.95098006,16.13162119,13.16211878,25.6097561,81.5920398,122.56097561,41.43019296,89.87068966,72.22222222,119.64285714,27.75119617,47.28867624,20.33492823,10,3.874825020503762,2.5807616981630592,13.16211878,Palomeras Sureste,Puente de Vallecas,100.0,100.0,100.0,63,36.49513118226547,64.03982501124472,True,False,False,False,False
13,133,13219,548.08550633,42.11096544,15.3369481,17.89310612,35.93073593,116.66666667,85.71428571,49.76798144,93.2735426,67.44186047,82.25806452,21.50537634,33.02611367,17.51152074,0,2.3755432806732295,0.0,17.89310612,Palomeras Bajas,Puente de Vallecas,44.73684210526316,92.10526315789474,100.0,38,104.42808185444687,142.50908040925708,True,False,False,False,False
14,141,14002,95.39489687,44.29566619,10.82251082,18.47041847,42.578125,170.66666667,58.59375,41.42857143,88.82466281,55.95238095,90.90909091,18.19484241,34.45558739,12.24928367,54,14.633906485107364,3.690060480771469,18.47041847,Pavones,Moratalaz,90.29535864978902,99.15611814345992,100.0,237,36.44729478358989,94.79275881397604,False,False,False,False,False
14,145,14055,90.45046878,47.87895213,10.76280042,26.3322884,40.07936508,244.66019417,40.87301587,58.97009967,75.51020408,63.23529412,87.5,18.00208117,28.82414152,11.65452653,25,10.6245994410824,2.3530298849038846,26.3322884,Fontarrón,Moratalaz,89.7590361445783,100.0,100.0,166,50.18646975427427,100.63344045362031,False,False,False,False,False
14,145,14056,332.45297843,45.02911125,11.18012422,20.49689441,38.18181818,183.33333333,54.54545455,46.36363636,82.1192053,82.69230769,46.66666667,23.36217553,33.99258344,15.94561187,19,2.433426837734154,7.807919147341838,20.49689441,Fontarrón,Moratalaz,100.0,100.0,100.0,39,20.424318838015004,32.29868780954772,True,False,False,False,False
14,145,14054,164.4424776,43.32788153,13.99825022,18.81014873,37.20930233,134.375,74.41860465,48.828125,92.48120301,43.83561644,97.91666667,19.33797909,34.14634146,13.67595819,46,6.981164579600946,6.5891585100876435,18.81014873,Fontarrón,Moratalaz,100.0,100.0,100.0,112,30.31390905537782,59.55237741742754,True,False,False,False,False
14,145,14053,183.00671337,43.28487047,14.22271224,18.08158765,32.92682927,127.13178295,78.65853659,47.71986971,74.92877493,53.62318841,60.86956522,21.95389682,39.51701427,16.90450055,11,4.977959459546597,2.209740776193847,18.08158765,Fontarrón,Moratalaz,100.0,100.0,100.0,79,37.759333945369605,74.16361907703549,True,False,False,False,False
14,145,14052,202.7089663,43.95289053,11.70634921,19.44444444,48.46938776,166.10169492,60.20408163,45.24495677,103.51906158,70.49180328,133.33333333,22.28796844,37.77120316,13.80670611,26,5.002245428627331,5.197665802482361,19.44444444,Fontarrón,Moratalaz,100.0,100.0,100.0,83,27.47019111686125,71.02655486735112,True,False,False,False,False
14,145,14051,352.83828964,43.51974977,11.90926276,18.05293006,40.83769634,151.58730159,65.96858639,42.78002699,92.96875,91.04477612,78.57142857,22.39925023,38.23805061,17.61949391,20,3.0240482151221624,6.6136511646829215,18.05293006,Fontarrón,Moratalaz,100.0,100.0,100.0,48,24.586421604137037,39.930631013472926,True,False,False,False,False
14,141,14003,68.82168332,46.75514019,11.94786387,24.6198407,43.82352941,206.06060606,48.52941176,57.64840183,88.79310345,46.31578947,68.62745098,18.83537024,31.34435658,13.2278936,125,20.211653260885107,6.18455098088923,24.6198407,Pavones,Moratalaz,96.88473520249221,100.0,100.0,321,29.206631935579587,79.2940004028952,False,False,False,False,False
14,145,14057,269.49356643,44.37974767,12.48826291,20.46948357,43.57798165,163.90977444,61.00917431,49.15966387,86.4229765,58.82352941,122.22222222,16.5735568,29.98137803,10.05586592,26,3.985252836298685,6.524052818728453,20.46948357,Fontarrón,Moratalaz,100.0,100.0,100.0,65,39.250103184358395,64.83617953038693,True,False,False,False,False
14,145,14059,222.77175846,44.80109811,12.30551627,21.57001414,41.31147541,175.28735632,57.04918033,51.22994652,85.14851485,54.08163265,77.19298246,20.7428171,34.19761738,15.06657323,54,6.4056593612520825,8.430045519848699,21.57001414,Fontarrón,Moratalaz,100.0,100.0,100.0,104,26.250288014983123,61.795524172038135,True,False,False,False,False
14,145,14058,240.91051643,45.06375791,13.48684211,22.25877193,45.81280788,165.04065041,60.591133,55.63139932,84.85804416,90.69767442,40.81632653,17.99345692,30.97055616,12.97709924,33,3.806392570980698,8.66962600011005,22.25877193,Fontarrón,Moratalaz,100.0,100.0,100.0,60,20.100351390726523,37.462939634137086,True,False,False,False,False
14,145,14046,147.82975471,46.79189054,10.16799293,24.40318302,39.85507246,240.0,41.66666667,52.83783784,79.17675545,67.1875,88.88888889,16.72504378,31.26094571,9.89492119,43,7.725102447857447,5.566269222996004,24.40318302,Fontarrón,Moratalaz,100.0,100.0,100.0,121,26.74715388652082,53.80597178725778,True,False,False,False,False
14,145,14050,314.12444366,44.52422297,12.39388795,21.30730051,49.80079681,171.91780822,58.16733068,50.83226633,95.25,80.35714286,91.83673469,21.62162162,38.26013514,15.625,21,3.769206834780441,5.571463949980677,21.30730051,Fontarrón,Moratalaz,100.0,100.0,100.0,58,26.080218376407544,43.47380262480331,True,False,False,False,False
13,136,13217,267.92366366,39.97244881,13.05890703,11.78140525,24.69879518,90.2173913,110.84337349,33.05004721,100.18903592,64.44444444,88.52459016,28.6115007,48.24684432,21.59887798,18,5.322411542646295,3.3819256282182244,11.78140525,Numancia,Puente de Vallecas,97.67441860465115,100.0,100.0,86,39.705451647539576,73.75607511873325,True,False,False,False,False
14,145,14049,349.70053127,45.20175656,12.80991736,21.81818182,51.51515152,170.32258065,58.71212121,52.97092288,86.11764706,40.22988506,67.79661017,20.90163934,37.95081967,15.24590164,15,3.4886993038608036,4.299596695937681,21.81818182,Fontarrón,Moratalaz,100.0,100.0,100.0,55,45.20003982224571,68.30455370231306,True,False,False,False,False
14,145,14045,335.38646199,47.8420303,10.65400844,25.42194093,56.43153527,238.61386139,41.90871369,56.43564356,78.76106195,53.03030303,51.28205128,15.56948798,27.48171369,10.86729363,17,2.8534246562466357,5.957753243206925,25.42194093,Fontarrón,Moratalaz,100.0,100.0,100.0,44,26.569118844706736,43.23426856609882,True,False,False,False,False
14,141,14005,193.20846955,49.56633807,11.15297664,30.89675961,40.0,277.02702703,36.09756098,72.56176853,71.26948775,51.2195122,107.31707317,9.94764398,20.11967091,7.03066567,96,6.919986494875314,13.87285944432031,30.89675961,Pavones,Moratalaz,100.0,100.0,100.0,113,18.097582711874818,37.172904223065025,True,False,False,False,False
14,141,14004,242.94495662,49.65766301,8.82103478,28.07463953,43.20241692,318.26923077,31.41993958,58.46774194,70.25171625,56.31067961,130.43478261,12.33108108,19.93243243,7.85472973,54,4.873531916410805,11.08025984567045,28.07463953,Pavones,Moratalaz,100.0,100.0,100.0,77,26.38004738497271,68.48153949040848,True,False,False,False,False
14,141,14088,217.33908659,53.22378206,8.25496343,40.02089864,15.92689295,484.81012658,20.62663185,93.33333333,64.45182724,25.25252525,95.65217391,5.00521376,9.38477581,2.71115746,18,4.412459880384694,4.079357203907471,40.02089864,Pavones,Moratalaz,100.0,100.0,100.0,75,27.738064099479967,60.98667751591225,True,False,False,False,False
14,141,14079,40.37065429,50.33746325,4.67412772,40.28966425,39.05228758,861.97183099,11.60130719,81.69856459,175.90759076,352.63157895,76.19047619,30.24934383,33.53018373,4.39632546,40,37.750193221332246,1.0595972255155615,40.28966425,Pavones,Moratalaz,70.95709570957096,89.76897689768977,95.21452145214522,606,70.75826055349502,150.51534514120127,False,False,False,False,False
14,146,14060,113.44667394,50.80371755,9.16905444,30.22922636,42.65402844,329.6875,30.33175355,65.01182033,69.87951807,55.0,45.83333333,10.55634807,18.54493581,7.56062767,65,6.179114606555728,10.519306427985377,30.22922636,Vinateros,Moratalaz,100.0,100.0,100.0,102,27.171098000310796,70.09781912533573,True,False,False,False,False
14,145,14048,379.24615409,45.90906222,9.89304813,20.85561497,51.70940171,210.81081081,47.43589744,44.4015444,90.44117647,63.15789474,161.9047619,21.68888889,37.86666667,16.44444444,12,2.9664110970822692,4.045292310227357,20.85561497,Fontarrón,Moratalaz,100.0,100.0,100.0,46,34.898407467266075,61.271702159955865,True,False,False,False,False
14,145,14047,360.32710397,42.59899257,12.98917569,15.40383014,44.32432432,118.58974359,84.32432432,39.65116279,89.84547461,57.8313253,107.14285714,21.80016515,38.89347647,13.7076796,12,3.3608351596539907,3.5705410798057233,15.40383014,Fontarrón,Moratalaz,100.0,100.0,100.0,55,35.62474792896953,62.39751375729881,True,False,False,False,False
14,141,14092,108.52144515,40.92512652,12.25266362,10.65449011,12.14285714,86.95652174,115.0,29.71372162,78.03163445,99.16666667,93.18181818,4.6969697,12.12121212,2.95454545,50,12.163494488262112,4.110660801322389,10.65449011,Pavones,Moratalaz,88.02083333333334,100.0,100.0,192,52.22583327700704,104.86001261020384,True,False,False,False,False
14,146,14062,251.35781225,47.03165748,12.45059289,24.50592885,36.69354839,196.82539683,50.80645161,58.62068966,65.71428571,47.14285714,65.95744681,13.68110236,24.31102362,9.2519685,40,4.042046638177348,9.895976860384994,24.50592885,Vinateros,Moratalaz,100.0,100.0,100.0,63,21.43239604001676,44.10437600440269,True,False,False,False,False
14,146,14065,327.45945559,49.40655317,9.93520518,26.67386609,56.27530364,268.47826087,37.24696356,57.75127768,75.74850299,29.57746479,84.0,15.46723953,26.63802363,10.09667025,9,2.843100066635766,3.165558646920817,26.67386609,Vinateros,Moratalaz,100.0,100.0,100.0,43,40.07581814506003,63.38840549237585,True,False,False,False,False
14,146,14063,173.45781526,52.07562046,9.87791343,37.73584906,36.47058824,382.02247191,26.17647059,90.88983051,68.57142857,43.75,65.51724138,9.35093509,18.04180418,4.84048405,45,5.240467249125056,8.587020557663662,37.73584906,Vinateros,Moratalaz,100.0,100.0,100.0,87,25.440322324656513,63.32957892160612,True,False,False,False,False
14,146,14067,360.07116997,43.56109455,12.09677419,18.22580645,38.64306785,150.66666667,66.37168142,43.51851852,88.9212828,65.83333333,90.0,20.56623932,36.53846154,14.26282051,77,5.198972192517591,14.810619704952282,18.22580645,Vinateros,Moratalaz,100.0,100.0,100.0,85,16.463635686008672,33.79580955863146,True,False,False,False,False
14,145,14044,324.72881742,48.11076962,11.70431211,27.82340862,42.06642066,237.71929825,42.06642066,65.36502547,72.72727273,40.0,87.87878788,14.67889908,23.13965341,9.37818552,28,3.020982270063798,9.268508550170566,27.82340862,Fontarrón,Moratalaz,100.0,100.0,100.0,50,19.62332782414132,58.99002703150144,True,False,False,False,False
14,146,14061,238.75832286,51.56127012,9.28742994,34.50760608,34.57076566,371.55172414,26.91415313,77.92022792,68.75,48.88888889,97.14285714,11.07569721,17.37051793,7.17131474,12,5.256361265158466,2.282948106999687,34.50760608,Vinateros,Moratalaz,98.80952380952381,100.0,100.0,84,58.79793241725585,84.45254793908231,True,False,False,False,False
14,144,14034,407.28841615,51.0128586,10.2622577,35.00570125,47.23127036,341.11111111,29.31596091,82.70833333,75.82417582,65.0,68.96551724,11.76470588,17.53393665,8.37104072,9,2.170452104560502,4.146601521908461,35.00570125,Media Legua,Moratalaz,100.0,100.0,100.0,38,20.965533565018433,50.557761139962906,True,False,False,False,False
14,146,14064,400.21851023,48.3559455,9.08119658,26.22863248,51.7311609,288.82352941,34.62321792,54.58298927,82.6546003,51.87969925,96.0,18.2010582,30.42328042,11.85185185,50,4.722420257197039,10.587791275839809,26.22863248,Vinateros,Moratalaz,100.0,100.0,100.0,78,17.629389508280422,38.956335437331546,True,False,False,False,False
14,142,14089,152.34265062,40.42056025,14.25891182,11.19449656,25.69832402,78.50877193,127.37430168,34.1442953,81.98473282,67.5862069,76.31578947,13.60248447,23.91304348,9.56521739,20,10.568281393547728,1.892455287215444,11.19449656,Horcajo,Moratalaz,100.0,100.0,100.0,172,40.19581808875323,73.6505350580753,True,False,False,False,False
14,146,14069,317.98118269,46.64814385,11.51685393,22.89325843,50.0,198.7804878,50.30674847,52.46252677,84.2209073,38.38383838,74.50980392,19.20391061,35.19553073,12.84916201,50,4.503411138561167,11.10269492648964,22.89325843,Vinateros,Moratalaz,100.0,100.0,100.0,71,20.79435500330183,35.706452763720705,True,False,False,False,False
14,146,14075,353.5675063,47.59118467,10.6870229,25.84514722,48.10126582,241.83673469,41.35021097,57.56013746,78.52760736,50.0,75.86206897,22.13822894,35.85313175,14.25485961,12,2.6190189525230143,4.581868332201216,25.84514722,Vinateros,Moratalaz,100.0,100.0,100.0,40,28.070305959277526,48.49537015491757,True,False,False,False,False
14,146,14071,309.03253682,47.22110821,9.16179337,23.97660819,48.7804878,261.70212766,38.21138211,49.56268222,89.50276243,40.90909091,145.83333333,17.19806763,31.20772947,11.01449275,31,3.3491619058629456,9.25604699663289,23.97660819,Vinateros,Moratalaz,100.0,100.0,100.0,53,17.02254975018373,32.05197666376427,True,False,False,False,False
14,142,14091,127.36728421,46.26546555,8.47838293,18.41661988,15.54878049,217.21854305,46.03658537,36.78955453,67.78350515,27.69784173,47.82608696,3.97759104,7.45098039,2.18487395,112,14.014587899331723,7.991672734475529,18.41661988,Horcajo,Moratalaz,95.81395348837209,100.0,100.0,215,32.7473018281508,85.58051662733328,True,False,False,False,False
14,144,14033,256.34057001,47.93210505,9.78552279,26.00536193,44.32989691,265.75342466,37.62886598,55.85774059,80.37735849,60.0,95.23809524,18.99070385,30.27888446,12.61620186,29,2.9374983443436156,9.872345989859632,26.00536193,Media Legua,Moratalaz,100.0,100.0,100.0,45,22.016414331531326,34.271768252232704,True,False,False,False,False
14,143,14024,449.64646591,54.00122767,8.39363242,39.14616498,43.8077634,466.37931034,21.44177449,90.62068966,69.78922717,37.6344086,82.35294118,6.8443804,13.11239193,3.8184438,15,3.086869585866883,4.85929177853089,39.14616498,Marroquina,Moratalaz,100.0,100.0,100.0,50,21.927363435934865,41.1539686000789,True,False,False,False,False
14,146,14073,449.25606084,47.34666319,10.03824092,24.1873805,47.03557312,240.95238095,41.50197628,52.03488372,80.10471204,55.2238806,60.0,15.18026565,27.89373814,9.39278937,24,2.3461007916599277,10.229739525819507,24.1873805,Vinateros,Moratalaz,100.0,100.0,100.0,37,16.980874535940718,34.37101509359609,True,False,False,False,False
14,146,14070,194.72402432,46.67257556,9.95525727,21.92393736,53.06122449,220.2247191,45.40816327,46.79802956,79.6460177,45.07042254,100.0,20.0,32.55555556,10.44444444,77,4.621925841569163,16.65972208110076,21.92393736,Vinateros,Moratalaz,100.0,100.0,100.0,73,17.12392034631382,31.608443053294764,True,False,False,False,False
14,143,14086,112.19228657,44.25383739,9.02255639,14.88721805,24.24242424,165.0,60.60606061,31.4229249,86.71586716,32.45283019,82.53968254,5.02237693,10.34311288,3.18249627,51,17.92458342293781,2.8452544082411473,14.88721805,Marroquina,Moratalaz,81.18466898954703,97.21254355400697,100.0,287,47.47954191041136,118.55114908646793,True,False,False,False,False
14,146,14076,425.15903732,48.72775144,11.77156177,29.48717949,52.56916996,250.4950495,39.92094862,70.23809524,75.0,42.55319149,80.55555556,14.15420023,22.66973533,8.86075949,18,2.0439410284481325,8.806516308186517,29.48717949,Vinateros,Moratalaz,100.0,100.0,100.0,34,23.05397710695152,42.79625538403591,True,False,False,False,False
14,145,14043,36.71937364,50.8768801,11.04218362,30.76923077,52.82258065,278.65168539,35.88709677,71.85501066,65.14084507,37.09677419,91.66666667,7.78739184,20.02472188,4.57354759,145,22.031966232299276,6.581346325205749,30.76923077,Fontarrón,Moratalaz,87.42857142857143,94.28571428571428,100.0,350,34.90377472324546,120.54662681241095,False,False,False,False,False
14,144,14035,356.65328899,44.96234881,12.66846361,22.50673854,47.30538922,177.65957447,56.28742515,54.26195426,90.11857708,69.6969697,84.84848485,21.08753316,35.94164456,11.67108753,21,2.1140979861457843,9.933314414761416,22.50673854,Media Legua,Moratalaz,100.0,100.0,100.0,34,18.513266190334438,39.526348401522284,True,False,False,False,False
14,143,14022,353.05339441,54.07533293,10.37851038,38.94993895,49.21630094,375.29411765,26.64576803,97.34939759,59.00383142,68.18181818,100.0,6.82926829,15.24390244,4.87804878,16,2.3225948623714525,6.888846720199591,38.94993895,Marroquina,Moratalaz,100.0,100.0,100.0,37,28.69696694772563,52.69319843320261,True,False,False,False,False
14,144,14036,258.96998566,43.54682122,12.21566976,18.19713564,42.12962963,148.96551724,67.12962963,43.70460048,92.54079254,59.15492958,80.39215686,20.30075188,37.17627402,13.11612364,34,4.62215726251131,7.355872608611141,18.19713564,Media Legua,Moratalaz,100.0,100.0,100.0,75,22.25898694877994,46.065438143835785,True,False,False,False,False
14,146,14072,305.92826865,49.32402778,9.9219621,26.30992196,57.62711864,265.16853933,37.71186441,56.81818182,69.23076923,40.32258065,69.6969697,14.22222222,25.88888889,8.66666667,16,2.9418413879559213,5.4387704468041616,26.30992196,Vinateros,Moratalaz,100.0,100.0,100.0,50,20.663448294949468,47.99928066040343,True,False,False,False,False
14,143,14012,306.29177602,50.56888633,11.79277437,32.7198364,50.625,277.4566474,36.04166667,80.22113022,69.93736952,36.55913978,93.22033898,17.25304465,23.00405954,9.67523681,12,4.825464200144568,2.4868073831405666,32.7198364,Marroquina,Moratalaz,100.0,100.0,100.0,76,31.774852516571244,64.85115037280369,True,False,False,False,False
14,144,14037,262.08869998,45.59235785,8.52557673,21.36409228,43.19248826,250.58823529,39.90610329,42.6323319,94.16666667,61.29032258,76.66666667,21.66998012,34.89065606,15.20874751,28,3.8383951695736926,7.294715307572094,21.36409228,Media Legua,Moratalaz,100.0,100.0,100.0,64,24.532939259329595,47.74058601753408,True,False,False,False,False
14,142,14093,209.51210249,42.83419858,11.8656183,12.72337384,19.66292135,107.22891566,93.25842697,32.60663507,63.56589147,77.41935484,97.22222222,4.19928826,11.67259786,1.99288256,22,6.706056515493821,3.2806165514965038,12.72337384,Horcajo,Moratalaz,99.06542056074767,100.0,100.0,107,34.974237661235,70.31294200974338,True,False,False,False,False
14,143,14025,234.14584069,49.45943599,11.05308964,30.28720627,39.36781609,274.01574803,36.49425287,70.47477745,69.34673367,32.3943662,78.94736842,14.35986159,25.77854671,9.16955017,33,4.937093892380243,6.68409406815843,30.28720627,Marroquina,Moratalaz,100.0,100.0,100.0,78,23.531875440521958,52.233606461293924,True,False,False,False,False
14,143,14026,417.42927215,46.88762472,10.31390135,22.86995516,45.58823529,221.73913043,45.09803922,49.66442953,82.26299694,35.21126761,139.13043478,18.93095768,32.07126949,12.69487751,19,2.1512626447403087,8.832022461996312,22.86995516,Marroquina,Moratalaz,100.0,100.0,100.0,33,23.55248819207959,42.01709147418368,True,False,False,False,False
14,146,14077,434.31519409,47.1950152,10.71190951,23.81902861,56.1452514,222.36024845,44.97206704,52.74390244,77.93851718,74.69879518,84.7826087,14.47455387,25.1817581,9.91407799,30,3.4839183351011767,8.610994034430709,23.81902861,Vinateros,Moratalaz,100.0,100.0,100.0,55,25.419923288972534,63.84945410716412,True,False,False,False,False
14,143,14013,158.99698411,53.90401658,8.81742739,39.52282158,48.03149606,448.23529412,22.30971129,93.57429719,69.96587031,60.71428571,51.72413793,7.56476684,14.92227979,4.87046632,106,6.069297475937338,17.464953797412843,39.52282158,Marroquina,Moratalaz,100.0,100.0,100.0,97,14.575870471178701,31.59885091225205,True,False,False,False,False
14,144,14032,373.13438497,53.89085319,8.02997859,38.75802998,51.65745856,482.66666667,20.71823204,87.92756539,76.8683274,36.20689655,68.96551724,6.27659574,13.5106383,2.76595745,9,2.519199617814925,3.57256326031294,38.75802998,Media Legua,Moratalaz,100.0,100.0,100.0,40,40.06676056330329,64.53282731771765,True,False,False,False,False
14,144,14038,303.71752343,43.39630645,10.38506418,18.43640607,40.50632911,177.52808989,56.32911392,40.49180328,107.4829932,43.93939394,85.71428571,25.69124424,39.63133641,16.58986175,28,2.857918733855423,9.797339465362304,18.43640607,Media Legua,Moratalaz,100.0,100.0,100.0,46,19.055089542520584,37.83618915843249,True,False,False,False,False
14,144,14031,306.56080827,52.20438052,10.70615034,34.96583144,55.04885993,326.59574468,30.61889251,84.06708595,65.625,35.0877193,45.71428571,10.64552661,18.45979615,7.92751982,30,2.8803420925807166,10.415429499598337,34.96583144,Media Legua,Moratalaz,100.0,100.0,100.0,45,26.874203243916458,44.92255487538348,True,False,False,False,False
14,143,14014,457.04822044,53.02558484,9.9009901,37.78877888,53.27510917,381.66666667,26.20087336,91.16719243,67.72486772,48.71794872,142.10526316,5.60131796,9.88467875,3.13014827,10,1.327838946983136,7.5310338070141,37.78877888,Marroquina,Moratalaz,,,,21,,,False,False,False,False,False
14,143,14021,507.22159519,53.16868222,9.16201117,36.31284916,50.15384615,396.34146341,25.23076923,83.40163934,61.58940397,47.69230769,104.54545455,9.88888889,20.0,6.33333333,8,1.7743724016038003,4.5086364016759095,36.31284916,Marroquina,Moratalaz,,,,28,,,False,False,False,False,False
14,143,14027,268.60104236,47.93802532,9.04109589,24.20091324,47.16981132,267.67676768,37.35849057,49.79480164,73.63420428,34.06593407,89.28571429,16.99819168,31.37432188,11.21157324,28,4.11763107944379,6.800026388906663,24.20091324,Marroquina,Moratalaz,100.0,100.0,100.0,67,22.065051551944485,51.59608971713308,True,False,False,False,False
14,143,14085,382.03804562,51.10450076,7.79220779,33.15508021,19.35483871,425.49019608,23.50230415,69.34023286,72.54464286,23.75690608,58.33333333,4.19207317,8.53658537,2.28658537,13,3.4342129404100685,3.7854379520355868,33.15508021,Marroquina,Moratalaz,100.0,100.0,100.0,54,34.14549492491349,60.75762391743419,True,False,False,False,False
14,144,14039,308.3535851,46.36176517,9.45229682,20.93639576,34.59915612,221.4953271,45.14767932,43.65482234,81.14942529,36.20689655,79.41176471,20.05277045,34.30079156,14.16007036,84,3.6873253788768,22.78073979616828,20.93639576,Media Legua,Moratalaz,100.0,100.0,100.0,59,15.994289606884076,32.65077582062599,True,False,False,False,False
14,144,14041,243.86644034,57.76113171,7.08762887,49.87113402,35.91731266,703.63636364,14.2118863,132.33532934,56.80751174,39.58333333,83.33333333,3.19693095,6.77749361,1.15089514,38,3.2066732876530573,11.850287382351928,49.87113402,Media Legua,Moratalaz,100.0,100.0,100.0,52,18.85212980740004,38.27002718230796,True,False,False,False,False
14,143,14081,281.10003008,43.99928905,6.1500615,7.62607626,16.12903226,124.0,80.64516129,15.97717546,73.51485149,37.70491803,46.66666667,2.58302583,6.02706027,1.59901599,1,2.892208868736298,0.3457564945635939,7.62607626,Marroquina,Moratalaz,100.0,100.0,100.0,46,53.025167923560225,78.01615989344299,True,False,False,False,False
14,144,14042,176.44066014,51.64265472,12.59469697,41.09848485,29.03225806,326.31578947,30.64516129,115.95092025,77.81818182,56.4516129,77.27272727,4.1509434,9.1509434,2.45283019,19,6.007685525303636,3.1626156062886994,41.09848485,Media Legua,Moratalaz,90.52631578947368,100.0,100.0,95,44.355171062539384,90.00194677076924,True,False,False,False,False
14,143,14080,474.16091473,50.13466727,8.68778281,31.58371041,14.61318052,363.54166667,27.50716332,67.42424242,75.53191489,24.375,78.26086957,2.89330922,7.68535262,1.53707052,2,2.3325414761914227,0.8574338421907091,31.58371041,Marroquina,Moratalaz,100.0,100.0,100.0,38,60.983813666805524,91.26396672999735,True,False,False,False,False
14,143,14095,438.07945499,48.21696306,6.49867374,23.74005305,16.20111732,365.30612245,27.37430168,43.3460076,83.27526132,21.80451128,64.70588235,3.95778364,7.65171504,2.50659631,1,1.7302797274797017,0.577941233500195,23.74005305,Marroquina,Moratalaz,,,,25,,,False,False,False,False,False
14,143,14015,107.16321832,52.49977869,8.598351,38.04475854,50.15479876,442.46575342,22.6006192,87.41721854,91.13924051,41.50943396,120.0,9.25058548,16.8618267,6.08899297,179,7.96915222763982,22.461611334159876,38.04475854,Marroquina,Moratalaz,100.0,100.0,100.0,126,12.030144897264886,36.545450585573626,True,False,False,False,False
14,143,14016,488.17006921,50.70251511,10.13888889,32.5,50.0,320.54794521,31.1965812,74.33414044,69.26229508,41.30434783,157.89473684,8.37912088,15.24725275,4.80769231,4,1.4912835626704803,2.6822531275253216,32.5,Marroquina,Moratalaz,,,,24,,,False,False,False,False,False
14,143,14017,581.40617391,51.32475062,9.97506234,33.29177057,52.05992509,333.75,29.96254682,76.26373626,69.14498141,56.09756098,114.28571429,12.77915633,20.84367246,8.43672457,2,1.3862941884188287,1.4426952206163024,33.29177057,Marroquina,Moratalaz,,,,22,,,False,False,False,False,False
14,143,14087,548.80955859,46.28429896,9.38251804,21.49157979,17.53731343,229.05982906,43.65671642,44.66357309,74.84787018,40.29850746,82.85714286,2.95763389,8.15347722,2.07833733,3,2.27947924816937,1.3160900685581032,21.49157979,Marroquina,Moratalaz,100.0,100.0,100.0,39,40.81117739077772,71.61158135442885,True,False,False,False,False
14,143,14010,589.85691748,50.51423096,9.42760943,35.85858586,15.25821596,380.35714286,26.29107981,82.76923077,81.56424581,20.42253521,100.0,6.86192469,12.88702929,3.0125523,6,2.025915039064144,2.9616246902296823,35.85858586,Marroquina,Moratalaz,100.0,100.0,100.0,32,31.48354369992413,54.577151349592995,True,False,False,False,False
14,143,14018,421.96654105,52.72134755,10.72727273,36.54545455,50.99502488,340.6779661,29.35323383,89.65517241,62.46498599,56.36363636,87.80487805,9.52813067,16.6969147,6.44283122,18,2.611581471032062,6.8923754436374685,36.54545455,Marroquina,Moratalaz,100.0,100.0,100.0,42,28.01170770290051,55.185762845048885,True,False,False,False,False
14,143,14028,366.79148377,45.39258408,9.91983968,21.14228457,31.27962085,213.13131313,46.91943128,45.05813953,88.49315068,44.61538462,100.0,19.60199005,38.10945274,12.43781095,8,2.739976374780897,2.919733204137471,21.14228457,Marroquina,Moratalaz,100.0,100.0,100.0,45,28.72010619815771,51.69249186453048,True,False,False,False,False
14,143,14020,342.7759768,53.177075,10.00719942,38.94888409,49.35304991,389.20863309,25.69316081,95.90973202,71.67070218,46.25,65.95744681,7.78571429,13.5,4.92857143,11,4.08430022742387,2.693239817714903,38.94888409,Marroquina,Moratalaz,86.36363636363636,100.0,100.0,66,60.86963751671509,101.78874304552043,True,False,False,False,False
14,144,14030,216.89831922,51.24007993,9.31943593,35.80625383,26.36986301,384.21052632,26.02739726,82.23463687,73.4496124,42.97520661,112.19512195,7.32153752,15.49725442,4.63697376,82,7.556536195754587,10.851532749365937,35.80625383,Media Legua,Moratalaz,100.0,100.0,100.0,124,27.29507091598404,63.95975219843804,True,False,False,False,False
14,143,14029,256.25800126,46.80551969,11.04972376,24.97237569,32.74336283,226.0,44.24778761,56.30397237,80.9375,36.92307692,79.48717949,15.31728665,26.69584245,10.50328228,40,3.566717899527801,11.214792177787768,24.97237569,Marroquina,Moratalaz,100.0,100.0,100.0,54,20.324620950465704,43.74116995243903,True,False,False,False,False
14,144,14084,210.50450383,48.92736042,7.99614644,29.09441233,28.80794702,363.85542169,27.48344371,58.95865237,87.10601719,30.0,96.0,10.22944551,16.34799235,6.78776291,26,4.969014823823817,5.232425525346323,29.09441233,Media Legua,Moratalaz,100.0,100.0,100.0,79,34.70066029630026,62.24838000045413,True,False,False,False,False
14,144,14040,119.84624053,48.1534123,9.92626205,29.72206466,20.03816794,299.42857143,33.39694656,65.69548872,83.13253012,40.99378882,77.04918033,10.49069374,17.20248167,7.05019741,97,14.79395592311335,6.556731715582035,29.72206466,Media Legua,Moratalaz,97.00854700854701,100.0,100.0,234,37.1542944542541,82.74405958606816,True,False,False,False,False
14,142,14090,36.43869483,39.87995247,14.45859873,10.50955414,23.63636364,72.68722467,137.57575758,33.27674024,87.57961783,69.23076923,87.3015873,14.4486692,25.60202788,9.94930292,96,43.305612545914975,2.2168027273189024,10.50955414,Horcajo,Moratalaz,77.18794835007174,93.2568149210904,98.13486370157818,697,58.54883155940573,138.74844040263463,False,False,False,False,False
14,143,14094,17.04555899,49.63920676,8.50927703,26.7434421,33.01435407,314.28571429,31.81818182,54.44664032,64.82084691,25.12077295,110.81081081,4.46713465,9.38098277,2.29738354,599,91.93010339709956,6.5158199312859555,26.7434421,Marroquina,Moratalaz,81.15646258503402,87.68707482993197,92.92517006802721,1470,36.09490305387978,173.93505938739818,False,False,False,False,False
14,144,14083,61.76504989,43.83776356,15.32615579,22.03926536,20.40229885,143.80165289,69.54022989,59.6562184,81.46788991,39.85507246,72.52747253,12.48423707,19.60907945,8.57503153,14,25.677952219807317,0.5452148162033247,22.03926536,Media Legua,Moratalaz,37.80487804878049,65.3658536585366,85.85365853658537,410,123.49988860125137,210.86902189514825,False,False,False,False,False
14,144,14082,130.05125445,38.5298104,18.35786212,13.78776143,24.71910112,75.10548523,133.14606742,47.37442922,107.58293839,71.28712871,102.5,15.44342508,23.08868502,10.85626911,16,10.057573112653973,1.590841032999257,13.78776143,Media Legua,Moratalaz,62.34567901234568,87.65432098765432,96.91358024691358,162,80.17997026706634,156.29093098259608,True,False,False,False,False
15,151,15008,69.17380338,47.45050458,9.25836161,24.5273873,46.24505929,264.92146597,37.74703557,51.06227106,87.24279835,47.85714286,73.4375,17.00385356,29.33526012,10.69364162,103,30.01136121651537,3.432033597440382,24.5273873,Ventas,Ciudad Lineal,82.04592901878914,94.78079331941545,99.37369519832986,479,45.5559710680108,127.38765174952074,False,False,False,False,False
15,151,15006,580.5135094,46.3351804,10.60498221,21.06761566,42.56756757,198.65771812,50.33783784,46.35416667,73.59855335,40.33613445,102.04081633,19.10511364,33.87784091,11.07954545,5,2.4254388178506607,2.061482632833767,21.06761566,Ventas,Ciudad Lineal,100.0,100.0,100.0,40,46.85372044227707,72.08142035977318,True,False,False,False,False
15,151,15009,475.96649069,42.83055112,11.25175809,14.76793249,41.9047619,131.25,76.19047619,35.17110266,92.32175503,49.54954955,74.0,24.01960784,46.07843137,16.03641457,17,3.000211208024631,5.66626774626076,14.76793249,Ventas,Ciudad Lineal,100.0,100.0,100.0,46,32.97230514032661,74.60791344917229,True,False,False,False,False
15,151,15010,331.31304545,42.8927681,11.56862745,14.80392157,38.41059603,127.96610169,78.14569536,35.81890812,96.59685864,37.34939759,86.11111111,25.2446184,45.00978474,17.31898239,23,3.084695921406355,7.456164427874623,14.80392157,Ventas,Ciudad Lineal,100.0,100.0,100.0,50,25.3164842361506,47.55656486628984,True,False,False,False,False
15,151,15003,196.20563131,48.19719927,7.22891566,27.15477294,37.88395904,375.64102564,26.62116041,52.40112994,98.31932773,47.36842105,104.0,18.54912764,30.85399449,11.29476584,12,5.5502994115486874,2.1620455240723073,27.15477294,Ventas,Ciudad Lineal,96.55172413793103,100.0,100.0,87,49.37485134201982,85.26668508099358,True,False,False,False,False
15,151,15012,337.30153094,44.87366989,11.03896104,19.48051948,43.33333333,176.47058824,56.66666667,43.92523364,86.62790698,63.07692308,86.20689655,17.84946237,32.47311828,12.68817204,25,2.7571769312947874,9.06724545539406,19.48051948,Ventas,Ciudad Lineal,100.0,100.0,100.0,43,24.5854745116301,42.29175953826546,True,False,False,False,False
15,151,15011,504.79042508,42.51272852,10.38359788,15.47619048,37.17948718,149.04458599,67.09401709,34.87957181,95.97902098,75.0,59.3220339,24.52459016,47.80327869,17.90163934,11,3.021055717825732,3.64111126289215,15.47619048,Ventas,Ciudad Lineal,100.0,100.0,100.0,49,26.271735762187213,49.604280177190276,True,False,False,False,False
15,151,15002,196.92263228,46.83571844,10.73219659,24.57372116,39.18367347,228.97196262,43.67346939,54.57364341,86.95652174,62.26415094,78.78787879,19.93987976,33.16633267,13.72745491,29,5.0679801931396575,5.7222007377330035,24.57372116,Ventas,Ciudad Lineal,100.0,100.0,100.0,80,32.915826694347196,60.12449278464994,True,False,False,False,False
15,151,15005,5.11785078,49.43264115,8.81642512,28.98550725,37.5,328.76712329,30.41666667,60.77669903,75.17006803,41.66666667,100.0,12.32057416,18.66028708,6.22009569,69,163.3498192349762,0.4224063443911411,28.98550725,Ventas,Ciudad Lineal,19.320351279114163,33.56242840778923,46.620847651775485,2619,213.39663708035968,428.04066711795684,False,False,False,False,False
15,151,15001,181.92007521,46.06715813,9.39716312,23.84751773,29.73977695,253.77358491,39.40520446,49.80079681,102.41935484,47.88732394,96.66666667,15.90106007,26.59010601,10.42402827,4,6.2225128189470995,0.6428271208731448,23.84751773,Ventas,Ciudad Lineal,79.04761904761905,100.0,100.0,105,72.08019653752828,113.37996496802124,True,False,False,False,False
15,152,15069,105.16046912,43.80835029,9.83350676,13.68366285,17.4904943,139.15343915,71.86311787,30.74829932,67.04545455,59.90338164,66.66666667,4.56668396,9.44473275,2.07576544,51,18.324376223694117,2.7831779580062896,13.68366285,Pueblo Nuevo,Ciudad Lineal,62.88659793814433,80.41237113402062,95.53264604810997,291,64.12360719696805,181.07723156655626,True,False,False,False,False
15,152,15066,364.56943293,48.41639004,11.71548117,28.87029289,54.58937198,246.42857143,40.57971014,68.30985915,85.2173913,56.41025641,54.83870968,17.28907331,24.4813278,10.09681881,12,1.98316132592614,6.050944944882876,28.87029289,Pueblo Nuevo,Ciudad Lineal,100.0,100.0,100.0,31,22.170396929019663,40.459936974511194,True,False,False,False,False
15,152,15068,217.15805926,49.20869039,6.89346464,25.51477171,28.77192982,370.12987013,27.01754386,47.94701987,72.76887872,25.2173913,108.69565217,5.78291815,12.1886121,3.38078292,32,5.17595342216779,6.1824358509388935,25.51477171,Pueblo Nuevo,Ciudad Lineal,100.0,100.0,100.0,82,38.250636528481635,68.59218344970914,True,False,False,False,False
15,152,15067,88.09839599,49.35643018,11.16928447,33.2460733,33.59580052,297.65625,33.59580052,79.90580848,85.1744186,78.43137255,125.0,19.34084996,27.75368604,13.52992194,40,13.087638963895623,3.0563190282331667,33.2460733,Pueblo Nuevo,Ciudad Lineal,74.88151658767772,93.36492890995261,100.0,211,59.25745944598091,139.45912662805094,False,False,False,False,False
15,151,15018,595.56141343,47.57542227,11.05937136,27.47380675,47.45762712,248.42105263,40.25423729,62.68939394,94.11764706,68.88888889,100.0,22.38979118,37.81902552,15.54524362,10,1.4473738233614992,6.909065120975577,27.47380675,Ventas,Ciudad Lineal,,,,22,,,False,False,False,False,False
15,151,15017,552.90606303,48.15318474,7.92316927,27.01080432,44.44444444,340.90909091,29.33333333,53.6900369,97.81021898,46.34146341,60.0,20.26221692,37.54469607,13.94517282,6,1.5174367873567096,3.954036207631203,27.01080432,Ventas,Ciudad Lineal,,,,24,,,False,False,False,False,False
15,151,15016,520.86487657,42.56289562,10.85043988,15.90909091,43.31797235,146.62162162,68.20276498,36.53653654,112.10191083,57.74647887,107.5,31.75182482,48.17518248,22.04379562,9,2.630240704689999,3.4217400650640237,15.90909091,Ventas,Ciudad Lineal,100.0,100.0,100.0,45,34.19717678407876,58.878779963119655,True,False,False,False,False
15,151,15019,638.65059752,44.20832646,10.69868996,20.63318777,42.85714286,192.85714286,51.85185185,45.62798092,104.88599349,73.17073171,96.55172414,22.99349241,44.2516269,13.23210412,0,1.4436688912126758,0.0,20.63318777,Ventas,Ciudad Lineal,,,,20,,,False,False,False,False,False
15,151,15026,523.60700509,44.519433,11.77062374,20.72434608,42.23300971,176.06837607,56.7961165,48.13710879,95.05813953,49.05660377,48.14814815,24.5,40.7,15.9,0,1.9098292999872404,0.0,20.72434608,Ventas,Ciudad Lineal,33.33333333333333,87.87878787878788,100.0,33,123.19080241610973,151.0307792470481,True,False,False,False,False
15,152,15065,64.52833251,47.53389908,10.64584812,24.05961675,37.75811209,226.0,44.24778761,53.15217391,74.57305503,33.33333333,88.0952381,10.30345801,19.40719831,5.151729,124,21.95934630346428,5.646798328438306,24.05961675,Pueblo Nuevo,Ciudad Lineal,89.54802259887006,98.87005649717514,100.0,354,36.103369532022896,101.42020646212049,False,False,False,False,False
15,151,15020,501.12613134,43.27710467,11.82608696,18.95652174,31.19266055,160.29411765,62.3853211,44.47236181,101.51898734,63.88888889,49.09090909,29.67128028,46.62629758,21.19377163,20,2.306804470402884,8.670002272237229,18.95652174,Ventas,Ciudad Lineal,90.2439024390244,100.0,100.0,41,23.317034544697865,93.01980487966313,True,False,False,False,False
15,151,15027,428.87440652,44.40557632,12.39583333,20.20833333,43.29896907,163.02521008,61.34020619,48.37712519,89.73607038,53.62318841,73.33333333,15.78400831,31.25649013,10.28037383,0,2.245412608785851,0.0,20.20833333,Ventas,Ciudad Lineal,42.10526315789473,84.21052631578947,100.0,38,103.77879711356726,158.56765297520926,True,False,False,False,False
15,151,15013,267.13468143,44.44343981,10.90555015,17.624148,35.35911602,161.60714286,61.87845304,39.91825613,79.46210269,47.31182796,68.29268293,22.91262136,38.05825243,16.11650485,5,3.8557329752237997,1.2967702981842988,17.624148,Ventas,Ciudad Lineal,96.72131147540983,100.0,100.0,61,55.076480442408666,87.56423101351409,True,False,False,False,False
15,151,15015,491.64785773,44.83115575,10.17369727,18.36228288,50.67567568,180.48780488,55.40540541,39.93055556,94.59459459,46.0,81.81818182,24.84548826,44.25216316,20.14833127,9,1.6454866776679449,5.469506451887651,18.36228288,Ventas,Ciudad Lineal,,,,22,,,False,False,False,False,False
15,151,15021,561.08630087,46.29815299,10.0,23.125,40.0,231.25,43.24324324,49.53271028,95.25547445,44.26229508,131.25,20.14925373,41.91542289,13.68159204,24,1.4329346461638124,16.748844801995478,23.125,Ventas,Ciudad Lineal,,,,24,,,False,False,False,False,False
15,151,15028,714.4238469,47.14516416,9.10931174,23.58299595,51.07296137,258.88888889,38.62660944,48.57142857,79.72972973,35.21126761,72.97297297,16.51651652,28.72872873,10.81081081,0,1.3983295831101183,0.0,23.58299595,Ventas,Ciudad Lineal,,,,17,,,False,False,False,False,False
15,152,15070,308.20080841,44.92676036,13.17829457,20.52223582,28.42942346,155.72755418,64.21471173,50.83076923,67.5257732,69.36416185,79.06976744,10.60113729,22.58326564,6.74248578,13,7.98829831993604,1.627380385576798,20.52223582,Pueblo Nuevo,Ciudad Lineal,100.0,100.0,100.0,124,41.967979117578054,75.92483539279446,True,False,False,False,False
15,152,15061,172.27788424,44.86977524,11.32971506,23.06648575,25.58823529,203.59281437,49.11764706,52.43019648,99.3814433,73.86363636,148.64864865,21.87079408,40.51144011,15.07402423,82,8.625599313483878,9.506585805790255,23.06648575,Pueblo Nuevo,Ciudad Lineal,99.27536231884058,100.0,100.0,138,20.97227347347377,55.26527126989751,True,False,False,False,False
15,151,15025,517.64689267,46.59632655,9.78816654,23.22863404,37.73584906,237.31343284,42.13836478,49.29116685,94.69214437,35.0,71.11111111,18.61818182,31.78181818,12.29090909,0,2.656250852624288,0.0,23.22863404,Ventas,Ciudad Lineal,34.146341463414636,82.92682926829268,100.0,41,116.43764039259881,160.9363492195916,True,False,False,False,False
15,152,15060,619.78146498,43.28495276,12.27236738,18.36896279,32.32758621,149.67741935,66.81034483,44.17808219,86.7803838,78.94736842,61.11111111,27.24409449,45.82677165,16.14173228,0,2.0491093583093196,0.0,18.36896279,Pueblo Nuevo,Ciudad Lineal,100.0,100.0,100.0,33,55.89731388821779,86.62477942306231,True,False,False,False,False
15,152,15071,371.95746418,43.76789771,11.28378378,18.64864865,36.5942029,165.26946108,60.50724638,42.71938284,96.03024575,60.22727273,98.03921569,23.68775236,43.06864065,16.6218035,52,3.9950804677956424,13.016008167838466,18.64864865,Pueblo Nuevo,Ciudad Lineal,100.0,100.0,100.0,65,17.593524377445828,39.850430735644146,True,False,False,False,False
15,152,15062,331.90723966,42.66725865,13.78776143,17.58326878,36.56387665,127.52808989,78.41409692,45.71106095,87.51322751,76.97841727,98.03921569,19.17755573,32.74404304,12.56725596,54,7.839539754159663,6.8881594702479285,17.58326878,Pueblo Nuevo,Ciudad Lineal,87.2,100.0,100.0,125,39.87342473341038,109.89216327071072,True,False,False,False,False
15,152,15059,576.4107272,43.78844668,11.43724696,19.63562753,34.02061856,171.68141593,58.24742268,45.08076358,95.68965517,64.1509434,97.05882353,21.02615694,41.85110664,15.09054326,0,1.724464783692945,0.0,19.63562753,Pueblo Nuevo,Ciudad Lineal,,,,28,,,False,False,False,False,False
15,151,15029,586.70625807,47.51508544,7.18954248,23.9379085,49.48805461,332.95454545,30.03412969,45.19572954,104.11622276,47.76119403,100.0,18.71440195,33.84865745,13.0187144,1,2.094744999039506,0.4773850757292775,23.9379085,Ventas,Ciudad Lineal,91.17647058823529,100.0,100.0,34,56.88377109070069,95.5833810863789,True,False,False,False,False
15,151,15014,270.46486035,43.05602128,10.73279053,16.58031088,41.07142857,154.48275862,64.73214286,37.57637475,92.54901961,62.06896552,107.31707317,20.02934703,40.13206163,14.38004402,36,5.039471664642142,7.143605995958387,16.58031088,Ventas,Ciudad Lineal,100.0,100.0,100.0,84,24.241200112487494,46.43755269442854,True,False,False,False,False
15,151,15022,639.57784643,44.15971235,9.5276221,18.57485989,34.9137931,194.95798319,51.29310345,39.08685969,102.70880361,53.75,105.88235294,21.99203187,40.79681275,17.4501992,2,1.9622318174352587,1.0192475640386396,18.57485989,Ventas,Ciudad Lineal,80.0,96.66666666666667,100.0,30,57.42366765596045,120.95596826766612,True,False,False,False,False
15,152,15074,308.07735414,44.01120392,12.69762846,19.81225296,39.1521197,156.0311284,64.08977556,48.16983895,89.72222222,60.50420168,110.95890411,20.19607843,39.41176471,13.87254902,47,6.621713581242854,7.09786061015016,19.81225296,Pueblo Nuevo,Ciudad Lineal,100.0,100.0,100.0,109,25.930794434389277,66.42634081706441,True,False,False,False,False
15,152,15058,581.62010027,42.02984286,11.34644478,16.18759455,29.90654206,142.66666667,70.09345794,37.99582463,99.58333333,83.11688312,93.75,26.46616541,46.61654135,19.09774436,2,2.286716018567357,0.8746166921299713,16.18759455,Pueblo Nuevo,Ciudad Lineal,47.22222222222222,94.44444444444444,100.0,36,100.52992773593164,137.25709052933746,True,False,False,False,False
15,152,15052,680.02114301,42.81005492,9.89643268,16.570771,28.47222222,167.44186047,59.72222222,35.99374022,97.83281734,60.78431373,67.74193548,26.201373,47.94050343,17.6201373,5,1.2852541556571875,3.890281138552986,16.570771,Pueblo Nuevo,Ciudad Lineal,,,,20,,,False,False,False,False,False
15,152,15053,635.04076679,42.54637258,12.05673759,18.38061466,28.93890675,152.45098039,65.59485531,43.75531011,101.88679245,71.59090909,90.47619048,27.82659637,47.15875806,18.98066784,2,2.6880164065955694,0.7440430776734146,18.38061466,Pueblo Nuevo,Ciudad Lineal,100.0,100.0,100.0,44,47.278769475026884,76.84118667455346,True,False,False,False,False
15,152,15057,617.91588734,44.08544129,11.82586095,19.88304094,30.39215686,168.13186813,59.47712418,46.43196955,87.01067616,61.72839506,63.23529412,23.09677419,43.87096774,14.83870968,5,2.508432024083838,1.9932770559434094,19.88304094,Pueblo Nuevo,Ciudad Lineal,100.0,100.0,100.0,40,37.64418027126676,69.6180368675529,True,False,False,False,False
15,151,15023,391.82078292,45.13999057,10.01778305,21.75459395,36.78474114,217.15976331,46.04904632,46.56820156,108.89292196,51.58730159,85.71428571,19.81132075,34.31603774,14.20990566,15,4.328509548075209,3.4653960753465736,21.75459395,Ventas,Ciudad Lineal,85.71428571428571,98.57142857142858,100.0,70,52.48602011752298,104.55095486022155,True,False,False,False,False
15,151,15024,249.19833049,44.96556916,11.18262269,20.59533387,38.671875,184.17266187,54.296875,46.58018868,83.94793926,41.0,67.30769231,18.99841017,31.08108108,13.11605723,8,5.048187913383662,1.5847270619206844,20.59533387,Ventas,Ciudad Lineal,42.10526315789473,94.73684210526315,100.0,76,106.83193486361759,144.7870419825013,True,False,False,False,False
15,152,15075,436.99884565,47.32574788,9.4017094,25.11505588,45.28795812,267.13286713,37.43455497,52.71084337,83.42541436,50.96153846,80.39215686,20.71661238,35.89576547,15.24429967,19,3.5125950909995067,5.409106232791996,25.11505588,Pueblo Nuevo,Ciudad Lineal,100.0,100.0,100.0,55,34.664190456940744,62.62987510304979,True,False,False,False,False
15,152,15054,366.50035829,43.5065281,10.76331686,18.45140033,35.41666667,171.42857143,58.33333333,41.27230411,98.30769231,58.65384615,68.49315068,27.87779596,47.46317512,19.85815603,13,5.00135936712683,2.5992933212212286,18.45140033,Pueblo Nuevo,Ciudad Lineal,93.82716049382715,100.0,100.0,81,44.19423039332469,86.35565295248881,True,False,False,False,False
15,151,15032,423.24235044,46.97267521,10.46057767,25.44886807,31.59509202,243.28358209,41.10429448,56.02923264,87.44292237,34.86238532,83.33333333,11.73271173,19.73581974,7.07070707,1,3.040811012070004,0.32885963515347155,25.44886807,Ventas,Ciudad Lineal,100.0,100.0,100.0,42,60.78629363704085,83.5671401434706,True,False,False,False,False
15,151,15030,320.33813212,49.81472843,8.77616747,33.09178744,38.19951338,377.06422018,26.52068127,72.02216066,105.11363636,43.75,91.89189189,12.14057508,23.00319489,6.38977636,4,3.908370170318908,1.0234445115708206,33.09178744,Ventas,Ciudad Lineal,95.58823529411765,100.0,100.0,68,48.842611859251306,86.99577920531497,True,False,False,False,False
15,152,15076,356.69215855,46.78242402,12.94117647,23.63636364,53.39366516,182.6446281,54.75113122,57.67284992,83.02469136,37.5,81.08108108,22.52922423,35.60042508,15.51540914,8,2.638129203149441,3.0324519323956807,23.63636364,Pueblo Nuevo,Ciudad Lineal,100.0,100.0,100.0,44,33.04685507382368,67.53720645454256,True,False,False,False,False
15,151,15042,321.43188164,45.81899946,9.19978225,20.84921067,26.89295039,226.62721893,44.12532637,42.95719844,86.23188406,34.63687151,100.0,16.08884074,28.38569881,10.29252438,36,5.743051966663773,6.268444062314997,20.84921067,Ventas,Ciudad Lineal,100.0,100.0,100.0,92,32.650360565022126,63.12670075473813,True,False,False,False,False
15,151,15035,471.27512907,45.80425771,10.03184713,23.32802548,31.39931741,232.53968254,43.00341297,50.05973716,95.1048951,33.70786517,154.83870968,17.39130435,26.48221344,11.14624506,0,2.684206999205393,0.0,23.32802548,Ventas,Ciudad Lineal,86.36363636363636,100.0,100.0,44,67.82429156001285,102.09002311582594,True,False,False,False,False
15,151,15031,244.23787018,47.69278752,9.06779661,25.50847458,51.49501661,281.30841121,35.54817276,52.84974093,105.86666667,38.96103896,109.67741935,15.59865093,26.306914,10.62394604,8,4.855921807422078,1.64747298602962,25.50847458,Ventas,Ciudad Lineal,100.0,100.0,100.0,82,42.45452241545172,66.32115536267499,True,False,False,False,False
15,151,15041,415.96046605,42.37821373,10.48767698,15.25957001,35.05154639,145.5,68.72852234,34.67514124,107.32064422,46.04316547,94.91525424,25.0650026,44.77379095,16.53666147,5,4.623035497281885,1.0815404733404603,15.25957001,Ventas,Ciudad Lineal,76.71232876712328,97.26027397260275,100.0,73,60.90505024185253,131.4616314603711,True,False,False,False,False
15,152,15051,468.21853742,44.38167619,9.65816603,20.0759631,27.56756757,207.86516854,48.10810811,42.31660232,96.50986343,61.65413534,77.77777778,19.50431034,37.28448276,14.6012931,8,3.9639609534059486,2.0181833509551024,20.0759631,Pueblo Nuevo,Ciudad Lineal,100.0,100.0,100.0,63,31.949992175707003,54.7562198138949,True,False,False,False,False
15,152,15073,136.68438372,41.20227753,13.68421053,16.76691729,34.97757848,122.52747253,81.61434978,43.78378378,108.80361174,65.71428571,71.42857143,27.30654762,47.39583333,18.75,35,9.832871637559247,3.5594891594341846,16.76691729,Pueblo Nuevo,Ciudad Lineal,96.15384615384616,100.0,100.0,156,39.3670224231782,80.36333790624793,True,False,False,False,False
15,151,15038,479.45258464,44.71518182,9.96404725,19.51720596,30.78947368,195.87628866,51.05263158,41.80626366,93.65303244,43.90243902,98.18181818,22.52298264,38.10010215,14.75995914,14,4.083824058365745,3.428159440738122,19.51720596,Ventas,Ciudad Lineal,93.84615384615384,100.0,100.0,65,54.42885723582532,88.87398372878714,True,False,False,False,False
15,152,15050,420.3092883,43.98194536,10.2393617,19.54787234,33.33333333,190.90909091,52.38095238,42.42424242,98.8700565,59.80392157,86.66666667,25.0164582,44.50296248,17.97235023,6,3.6140053105503576,1.6602078537306555,19.54787234,Pueblo Nuevo,Ciudad Lineal,98.21428571428571,100.0,100.0,56,40.7641992747822,84.36904994527296,True,False,False,False,False
15,152,15077,352.54771979,47.42569973,10.82802548,26.93357598,38.51351351,248.7394958,40.2027027,60.67251462,86.3760218,56.41025641,72.09302326,20.91974752,38.23264202,15.32912534,18,3.1456734443766847,5.722145136259273,26.93357598,Pueblo Nuevo,Ciudad Lineal,100.0,100.0,100.0,48,35.95193127636262,67.39894757355596,True,False,False,False,False
15,152,15078,274.4165377,43.16245688,10.11351909,17.23426213,30.53892216,170.40816327,58.68263473,37.64204545,108.28402367,52.17391304,85.29411765,32.44353183,50.71868583,22.48459959,18,3.5493487680316584,5.071352852704344,17.23426213,Pueblo Nuevo,Ciudad Lineal,100.0,100.0,100.0,56,35.11098280903338,65.82180840013785,True,False,False,False,False
15,152,15049,524.31160159,41.38320113,11.80203046,14.91116751,28.93617021,126.34408602,79.14893617,36.45021645,105.88235294,60.3960396,78.26086957,29.22690132,49.21433061,19.48460088,17,3.0344550743746184,5.602323838491361,14.91116751,Pueblo Nuevo,Ciudad Lineal,100.0,100.0,100.0,48,29.623707948854694,62.69584015142609,True,False,False,False,False
15,152,15056,209.44909487,45.44631218,9.99359385,22.22934017,34.29394813,222.43589744,44.95677233,47.54253308,93.06569343,39.39393939,84.44444444,24.93654822,45.30456853,18.08375635,79,7.524501363963719,10.499034577672637,22.22934017,Pueblo Nuevo,Ciudad Lineal,100.0,100.0,100.0,121,32.09860635617503,60.91218761457712,True,False,False,False,False
15,151,15033,322.59973101,44.10905674,10.19677996,19.8568873,37.83783784,194.73684211,51.35135135,42.96675192,109.09090909,40.4494382,96.07843137,26.53664303,40.36643026,17.55319149,35,5.244889680118691,6.6731622845512275,19.8568873,Ventas,Ciudad Lineal,100.0,100.0,100.0,84,26.145499613445715,59.33820314880868,True,False,False,False,False
15,151,15034,320.72476541,44.75127127,10.95477387,19.89949749,31.81818182,181.65137615,55.05050505,44.62209302,85.94594595,38.0952381,87.09677419,23.22322322,41.54154154,17.31731732,63,3.1148202687654383,20.22588610705622,19.89949749,Ventas,Ciudad Lineal,86.27450980392157,100.0,100.0,51,43.66148187968602,101.23113799662106,True,False,False,False,False
15,151,15036,497.01278518,45.89329448,9.1563786,21.91358025,30.98591549,239.3258427,41.78403756,45.07462687,93.08357349,33.33333333,103.7037037,20.85889571,35.78732106,13.90593047,5,1.9677562210915458,2.540965159407002,21.91358025,Ventas,Ciudad Lineal,100.0,100.0,100.0,30,47.079693799312935,74.6160116884637,True,False,False,False,False
15,151,15037,500.12163352,43.28680575,9.89399293,18.44522968,36.39846743,186.42857143,53.63984674,39.54635108,118.53448276,43.39622642,151.61290323,28.05049088,43.61851332,20.12622721,7,2.851306371141124,2.4550150313024846,18.44522968,Ventas,Ciudad Lineal,97.77777777777777,100.0,100.0,45,43.51348871309338,79.29605638088546,True,False,False,False,False
15,151,15039,556.7386223,44.7174025,10.04915347,19.71600218,36.84210526,196.19565217,50.96952909,42.37947123,98.15100154,42.85714286,66.66666667,26.12710483,44.10646388,18.41390549,10,3.306758191848856,3.0241098440913987,19.71600218,Ventas,Ciudad Lineal,100.0,100.0,100.0,54,45.587897548035386,78.03540419898631,True,False,False,False,False
15,152,15081,899.00349516,41.22979896,12.96199896,14.10723581,40.22140221,108.83534137,91.88191882,37.11634547,103.33817126,64.96350365,83.78378378,32.9015544,58.39378238,23.41968912,4,2.1468214644119916,1.8632196790968776,14.10723581,Pueblo Nuevo,Ciudad Lineal,100.0,100.0,100.0,34,44.33627690467658,82.1100992112616,True,False,False,False,False
15,152,15079,342.54337949,43.12899398,11.60822249,18.50060459,26.79738562,159.375,62.74509804,43.07958478,102.80701754,73.33333333,50.0,26.5060241,44.81927711,19.75903614,20,2.42305077167053,8.254057337069892,18.50060459,Pueblo Nuevo,Ciudad Lineal,100.0,100.0,100.0,41,26.122138120534316,55.22993843970779,True,False,False,False,False
15,151,15040,486.6921381,42.86084042,9.56659619,19.08033827,32.68698061,199.44751381,50.13850416,40.14814815,132.75862069,86.41975309,80.32786885,30.02624672,47.19160105,19.63254593,6,3.9141786991206406,1.532888623952698,19.08033827,Ventas,Ciudad Lineal,80.95238095238095,100.0,100.0,63,71.72422254766077,108.04240329787314,True,False,False,False,False
15,151,15043,486.15428021,44.93086885,9.32145305,21.17888965,29.77346278,227.20588235,44.01294498,43.88560158,100.79207921,59.74025974,58.18181818,26.16120219,41.8715847,17.96448087,3,3.0113897163768586,0.9962177873176236,21.17888965,Ventas,Ciudad Lineal,95.83333333333334,100.0,100.0,48,55.32203001700513,92.20746052932651,True,False,False,False,False
15,152,15083,476.8964449,42.03818424,12.24234853,16.17738913,37.83783784,132.14285714,75.67567568,39.70331588,100.70052539,60.46511628,107.54716981,30.27295285,51.79900744,22.02233251,15,3.38018875426955,4.437622005887497,16.17738913,Pueblo Nuevo,Ciudad Lineal,100.0,100.0,100.0,55,33.095390918177905,50.239429608504494,True,False,False,False,False
15,152,15044,403.87735069,47.24046309,9.7972973,25.87837838,36.81462141,264.13793103,37.85900783,55.46218487,94.28571429,33.01886792,102.5,19.59731544,35.36912752,14.29530201,11,3.689238818275187,2.9816448708904075,25.87837838,Pueblo Nuevo,Ciudad Lineal,100.0,100.0,100.0,60,28.45069142054151,49.96537380692293,True,False,False,False,False
15,153,15113,454.61409087,44.04354471,10.27266963,18.38934686,35.51724138,179.01234568,55.86206897,40.17777778,94.6366782,39.02439024,106.66666667,22.92191436,38.97984887,15.302267,13,3.493072546311741,3.721651877435645,18.38934686,Quintana,Ciudad Lineal,92.72727272727272,100.0,100.0,55,41.54367581294978,93.91644027755898,True,False,False,False,False
15,152,15080,286.00596529,41.58292767,13.22751323,16.50793651,27.56410256,124.8,80.12820513,42.31927711,105.57275542,55.55555556,107.89473684,26.41509434,46.5408805,18.44863732,11,3.3355947629506213,3.297762702526116,16.50793651,Pueblo Nuevo,Ciudad Lineal,100.0,100.0,100.0,52,42.119984145948365,74.16601229756839,True,False,False,False,False
15,152,15045,397.10695822,46.77964622,9.33977456,26.16747182,34.76923077,280.17241379,35.69230769,55.05617978,96.80589681,43.83561644,89.18918919,21.51394422,35.85657371,15.05976096,10,3.1603576165664755,3.164198870273534,26.16747182,Pueblo Nuevo,Ciudad Lineal,100.0,100.0,100.0,50,29.858040212923353,55.14533804746431,True,False,False,False,False
15,154,15115,297.19412037,45.86592876,9.50131234,22.57217848,33.48837209,237.56906077,42.09302326,47.2179289,94.58646617,51.9379845,82.45614035,15.23660946,26.57306292,10.1924077,29,6.470518318413094,4.481866609893518,22.57217848,La Concepción,Ciudad Lineal,100.0,100.0,100.0,104,28.57751524546236,56.2835264717501,True,False,False,False,False
15,153,15109,397.97277724,45.3343397,9.15726609,21.43331121,25.3869969,234.05797101,42.7244582,44.07265774,94.7858473,36.44067797,88.88888889,17.97235023,33.96971692,10.66491113,26,3.816843982533367,6.811910604410644,21.43331121,Quintana,Ciudad Lineal,98.36065573770492,100.0,100.0,61,33.6287391978915,76.48114238882391,True,False,False,False,False
15,152,15046,537.3831053,45.47459974,8.88030888,20.72072072,30.1242236,233.33333333,42.85714286,42.04753199,89.2733564,53.46534653,80.0,23.09172547,42.71969211,16.86978833,11,2.901096042305397,3.7916704030448765,20.72072072,Pueblo Nuevo,Ciudad Lineal,100.0,100.0,100.0,44,30.590601914523496,55.99325406400528,True,False,False,False,False
15,152,15084,596.72780793,43.25037896,11.94280908,17.99831791,33.64485981,150.70422535,66.35514019,42.73709484,91.49425287,50.70422535,97.72727273,33.72287145,49.58263773,25.04173623,1,2.0076155059066796,0.49810334551504665,17.99831791,Pueblo Nuevo,Ciudad Lineal,87.5,100.0,100.0,32,60.846053555064756,107.03497150431328,True,False,False,False,False
15,152,15082,400.69875761,48.47219623,10.75757576,30.83333333,28.5012285,286.61971831,34.88943489,71.20622568,85.33653846,40.25974026,140.0,20.45283019,33.20754717,13.73584906,8,3.306723504451025,2.4193132535065534,30.83333333,Pueblo Nuevo,Ciudad Lineal,100.0,100.0,100.0,53,33.060037810541985,54.206693688147254,True,False,False,False,False
15,154,15114,295.65324993,44.86501396,9.43600868,20.39045553,37.76595745,216.09195402,46.27659574,42.50386399,108.70967742,30.0,106.66666667,19.97851772,34.80128894,11.27819549,14,3.1489591276761884,4.445913532809638,20.39045553,La Concepción,Ciudad Lineal,100.0,100.0,100.0,50,24.668368729491046,48.92057365487023,True,False,False,False,False
15,152,15047,460.10795618,44.93838959,9.30232558,21.22093023,30.59360731,228.125,43.83561644,43.93305439,101.40449438,52.7027027,106.89655172,26.42237223,43.49083896,17.55062681,3,2.2538188833286124,1.3310741258718048,21.22093023,Pueblo Nuevo,Ciudad Lineal,100.0,100.0,100.0,38,39.85707493394011,67.1759536906146,True,False,False,False,False
15,154,15116,507.21080298,45.56902845,9.15197313,21.07472712,43.02788845,230.27522936,43.42629482,43.32129964,103.17848411,51.08695652,93.75,17.57322176,31.12970711,11.46443515,36,2.356022373708159,15.279990717295,21.07472712,La Concepción,Ciudad Lineal,100.0,100.0,100.0,37,16.511770377676644,34.299811201768044,True,False,False,False,False
15,153,15112,451.39280591,43.58012791,11.69590643,17.47888239,35.31598513,149.44444444,66.91449814,41.19266055,97.10669078,35.38461538,83.63636364,23.32041344,39.27648579,15.82687339,3,3.4293856253954895,0.8747922595185045,17.47888239,Quintana,Ciudad Lineal,83.92857142857143,100.0,100.0,56,57.09142761963862,108.64820975342315,True,False,False,False,False
15,152,15088,505.65250237,41.11951497,12.59426848,14.1025641,33.68983957,111.9760479,89.30481283,36.41975309,100.41237113,67.85714286,74.57627119,35.47904192,56.66167665,26.19760479,0,2.6421306999225505,0.0,14.1025641,Pueblo Nuevo,Ciudad Lineal,88.63636363636364,100.0,100.0,44,64.96703776911963,99.25797449931103,True,False,False,False,False
15,153,15111,730.61552787,45.51651258,10.68783069,23.17460317,31.96347032,216.83168317,46.11872146,51.2,90.54878049,29.50819672,90.32258065,17.50524109,30.39832285,11.00628931,0,1.3057483226198217,0.0,23.17460317,Quintana,Ciudad Lineal,,,,20,,,False,False,False,False,False
15,152,15048,509.31592753,43.72280041,10.38251366,20.42349727,31.10367893,196.71052632,50.8361204,44.52122409,113.71308017,64.19753086,89.13043478,29.43166441,47.02300406,21.44790257,10,2.901931630459169,3.4459805651650424,20.42349727,Pueblo Nuevo,Ciudad Lineal,100.0,100.0,100.0,47,27.76697678824754,45.656983625173,True,False,False,False,False
15,153,15108,386.55983562,46.88227431,8.00821355,23.81930185,42.67241379,297.43589744,33.62068966,46.68674699,102.43902439,50.90909091,48.48484848,18.93551689,39.30399181,10.84953941,23,2.527422432372191,9.10018036771662,23.81930185,Quintana,Ciudad Lineal,100.0,100.0,100.0,42,23.243952549770768,63.101610099213886,True,False,False,False,False
15,152,15085,610.17440382,43.42422906,10.52967454,18.44288449,37.37024221,175.15151515,57.09342561,40.79065588,102.36363636,65.55555556,93.75,30.90101523,51.64974619,24.42893401,1,2.5828680950088083,0.38716649988143886,18.44288449,Pueblo Nuevo,Ciudad Lineal,85.36585365853658,100.0,100.0,41,75.21931999117189,108.89308977125404,True,False,False,False,False
15,153,15105,475.03147,46.11215751,8.39440373,21.65223185,37.53846154,257.93650794,38.76923077,42.95238095,101.53550864,34.375,89.47368421,20.71475844,36.06882859,14.62607545,28,3.1808418924019595,8.802700966333246,21.65223185,Quintana,Ciudad Lineal,100.0,100.0,100.0,51,23.7234946831661,61.85611617273401,True,False,False,False,False
15,152,15087,636.40249938,41.36500203,10.75561607,14.15929204,24.51923077,131.64556962,75.96153846,33.18223028,103.50553506,58.2278481,82.69230769,36.17886179,59.3495935,26.2195122,3,2.319286931536107,1.293501014992157,14.15929204,Pueblo Nuevo,Ciudad Lineal,100.0,100.0,100.0,39,61.4378140891712,82.00854654606069,True,False,False,False,False
15,153,15106,551.9655292,43.76776616,10.94182825,19.59833795,33.56890459,179.11392405,55.83038869,43.96809571,108.09128631,45.05494505,86.0,24.69050894,42.434663,17.12517194,9,2.6342224705916326,3.4165679248718304,19.59833795,Quintana,Ciudad Lineal,100.0,100.0,100.0,43,36.08739530618562,81.25515125523589,True,False,False,False,False
15,153,15100,469.90441497,44.41530803,10.82872928,19.44751381,38.63636364,179.59183673,55.68181818,43.42313788,98.42767296,52.72727273,85.29411765,28.27282728,48.73487349,21.45214521,4,1.934435964102015,2.0677862044696016,19.44751381,Quintana,Ciudad Lineal,90.625,100.0,100.0,32,41.25249133933781,90.28504896879261,True,False,False,False,False
15,152,15086,376.38305887,44.92972566,11.15075825,22.12310437,32.66129032,198.4,50.40322581,49.86631016,93.78238342,37.68115942,118.91891892,27.07964602,41.4159292,20.79646018,16,3.0022605252409704,5.329317647646782,22.12310437,Pueblo Nuevo,Ciudad Lineal,100.0,100.0,100.0,46,25.02300253837888,56.25295519419049,True,False,False,False,False
15,153,15110,234.49874261,43.89864148,10.11673152,19.34408004,31.6091954,191.20879121,52.29885057,41.76516942,106.00649351,52.84552846,81.3559322,24.26916713,40.15444015,17.53998897,80,7.731384739400386,10.347434864068667,19.34408004,Quintana,Ciudad Lineal,88.6178861788618,100.0,100.0,123,43.12388317377798,101.14009172281293,True,False,False,False,False
15,152,15089,553.72763724,43.02445576,11.84407796,18.06596702,43.56846473,152.53164557,65.56016598,42.67379679,105.94713656,72.5,64.28571429,29.44237918,49.21933086,23.64312268,2,2.4289919981235935,0.8233868211772655,18.06596702,Pueblo Nuevo,Ciudad Lineal,100.0,100.0,100.0,38,55.30153231566525,79.63499167014085,True,False,False,False,False
15,153,15103,573.66396833,44.01204989,9.72818312,17.31044349,37.60330579,177.94117647,56.19834711,37.05882353,98.44357977,37.5,106.81818182,21.6678546,39.77191732,12.75837491,3,2.445682625131505,1.2266513934279144,17.31044349,Quintana,Ciudad Lineal,55.26315789473685,100.0,100.0,38,84.98058097074596,134.03733686199215,True,False,False,False,False
15,152,15090,241.89744118,49.07776127,7.60928225,26.98327037,33.8,354.60992908,28.2,52.88778878,83.081571,25.13368984,83.72093023,11.96351931,22.90772532,9.06652361,114,7.70574500858414,14.794156810665923,26.98327037,Pueblo Nuevo,Ciudad Lineal,100.0,100.0,100.0,123,21.15008510674824,55.6525352625928,True,False,False,False,False
15,153,15099,460.66794001,43.01252853,10.64730792,17.42286751,31.25,163.63636364,61.11111111,39.02439024,108.59649123,52.08333333,87.93103448,31.71171171,52.07207207,20.66066066,13,3.6143170717649804,3.596806738832049,17.42286751,Quintana,Ciudad Lineal,96.55172413793103,100.0,100.0,58,38.293963738459254,81.9895252590043,True,False,False,False,False
15,153,15101,506.72018198,42.61902326,11.90276614,17.43503772,35.09615385,146.47887324,68.26923077,41.51838671,105.10948905,46.51162791,69.3877551,29.31893688,46.42857143,21.01328904,4,2.376064823968298,1.6834557540898847,17.43503772,Quintana,Ciudad Lineal,76.92307692307693,100.0,100.0,39,64.18899983667703,114.96078328819267,True,False,False,False,False
15,153,15102,585.24023701,43.88539837,11.54545455,17.36363636,33.5078534,150.39370079,66.4921466,40.66496164,90.73170732,36.19047619,97.56097561,20.32520325,35.86269196,14.81481481,2,1.891530913279321,1.0573446016447217,17.36363636,Quintana,Ciudad Lineal,66.66666666666666,100.0,100.0,30,66.34901096172358,140.20871794742703,True,False,False,False,False
15,153,15098,531.61567268,43.14661777,10.70826307,18.38111298,30.73394495,171.65354331,58.25688073,41.02259215,107.14285714,62.5,88.37209302,29.25398156,48.7007544,17.68650461,0,2.2441023869635774,0.0,18.38111298,Quintana,Ciudad Lineal,27.77777777777778,77.77777777777779,100.0,36,125.68323495596056,160.18561005665114,True,False,False,False,False
15,153,15097,450.14982057,43.35906101,10.83333333,18.75,33.88888889,173.07692308,57.77777778,42.01183432,103.61445783,61.01694915,110.71428571,27.71458118,46.53567735,19.13133402,0,2.148173687570207,0.0,18.75,Quintana,Ciudad Lineal,40.625,84.375,100.0,32,112.78529388169835,152.64699454575214,True,False,False,False,False
15,153,15093,283.50480287,45.01487734,11.70909091,21.30909091,34.81228669,181.98757764,54.94880546,49.29424539,86.43724696,40.4040404,104.25531915,21.28427128,35.78643579,13.78066378,19,4.8888060660407895,3.8864294765096283,21.30909091,Quintana,Ciudad Lineal,86.25,100.0,100.0,80,46.744383060176375,110.38357561429623,True,False,False,False,False
15,153,15096,407.00904203,44.94094251,11.81948424,21.84813754,38.36065574,184.84848485,54.09836066,50.75593952,87.07070707,69.33333333,72.34042553,24.27253371,39.53158268,17.67210788,4,3.461839552684896,1.1554550518950895,21.84813754,Quintana,Ciudad Lineal,73.21428571428571,100.0,100.0,56,62.343451054681594,128.24784905658785,True,False,False,False,False
15,153,15095,592.87977026,44.08685567,10.69574247,19.21079958,37.2972973,179.61165049,55.67567568,42.66666667,108.33333333,56.14035088,65.625,30.30927835,46.28865979,20.0,4,1.6360821344497356,2.4448650320023955,19.21079958,Quintana,Ciudad Lineal,,,,26,,,False,False,False,False,False
15,153,15094,227.86844197,45.85721973,9.02255639,21.25768968,30.22508039,235.60606061,42.4437299,43.43137255,87.84530387,36.36363636,71.11111111,19.86394558,35.6462585,11.63265306,5,6.451090757774793,0.7750627277990234,21.25768968,Quintana,Ciudad Lineal,90.19607843137256,100.0,100.0,102,56.37425090419946,99.00425853345432,True,False,False,False,False
15,153,15092,153.59391643,47.5194956,9.5801301,25.01478415,34.51536643,261.11111111,38.29787234,52.89330922,79.54545455,51.66666667,49.12280702,16.71554252,28.38709677,7.85923754,25,11.10070007725439,2.252110211609592,25.01478415,Quintana,Ciudad Lineal,64.97175141242938,94.35028248587571,100.0,177,75.41984420514451,141.9968450788539,True,False,False,False,False
15,152,15179,234.84067404,51.44530673,8.37004405,35.9030837,28.2208589,428.94736842,23.31288344,79.44664032,87.87128713,26.57342657,100.0,10.61493411,18.00878477,7.83308931,31,5.816709586596149,5.329473568946174,35.9030837,Pueblo Nuevo,Ciudad Lineal,100.0,100.0,100.0,95,30.09131602332101,63.5679178938091,True,False,False,False,False
15,152,15177,225.00434549,49.94315873,9.72886762,30.38277512,51.18110236,312.29508197,32.02099738,66.97736352,76.29107981,75.75757576,93.75,11.19047619,20.47619048,7.22222222,29,5.599891847730991,5.178671443761981,30.38277512,Pueblo Nuevo,Ciudad Lineal,100.0,100.0,100.0,91,35.98103618612306,63.258264282238294,True,False,False,False,False
15,152,15181,76.68326715,48.37128338,9.49771689,26.57534247,21.64948454,279.80769231,35.73883162,56.42857143,67.06443914,38.88888889,100.0,4.35967302,10.626703,1.99818347,55,14.357760708216874,3.830680920077166,26.57534247,Pueblo Nuevo,Ciudad Lineal,95.15418502202643,100.0,100.0,227,45.04079262154033,89.70788364034706,False,False,False,False,False
15,154,15121,893.46062499,46.47565977,9.63541667,23.17708333,44.38202247,240.54054054,41.57303371,48.8372093,96.19771863,47.82608696,66.66666667,18.36998706,30.14230272,12.54851229,10,0.8651752280849702,11.558352198934994,23.17708333,La Concepción,Ciudad Lineal,,,,15,,,False,False,False,False,False
15,154,15120,967.50835046,46.33104615,8.7628866,23.09278351,41.96428571,263.52941176,37.94642857,46.7473525,109.84126984,33.82352941,78.57142857,24.0,43.48717949,16.1025641,9,1.0077432401746071,8.930846312043345,23.09278351,La Concepción,Ciudad Lineal,,,,16,,,False,False,False,False,False
15,154,15117,867.95515254,43.96788949,9.93150685,19.93150685,38.48797251,200.68965517,49.82817869,42.578125,114.67505241,41.66666667,128.94736842,23.45762712,41.3559322,15.18644068,14,1.6993965594644025,8.23821839701286,19.93150685,La Concepción,Ciudad Lineal,,,,28,,,False,False,False,False,False
15,154,15119,730.78192426,45.3095335,10.39729501,21.04818259,35.34136546,202.43902439,49.39759036,45.86929716,89.92974239,38.75,105.40540541,19.68174204,34.17085427,11.72529313,13,1.6338663565424183,7.956587114940386,21.04818259,La Concepción,Ciudad Lineal,,,,27,,,False,False,False,False,False
15,154,15118,701.77909187,45.81947623,7.69953052,21.69014085,38.96103896,281.70731707,35.4978355,41.62234043,111.23595506,58.73015873,104.0,18.54613234,34.38956198,9.22646785,9,1.5289711711684142,5.886311115416486,21.69014085,La Concepción,Ciudad Lineal,,,,24,,,False,False,False,False,False
15,154,15122,180.29239221,45.91341186,9.61227787,23.1825525,29.61672474,241.17647059,41.46341463,48.79807692,90.38901602,43.43434343,155.55555556,15.54487179,27.32371795,11.29807692,181,6.922089083562189,26.148175473473575,23.1825525,La Concepción,Ciudad Lineal,89.81481481481481,100.0,100.0,108,11.418902333595991,97.75135436412862,True,False,False,False,False
15,154,15131,323.41557183,43.7839664,13.47011597,20.78501338,28.75536481,154.30463576,64.80686695,52.10312076,86.58227848,43.90243902,81.25,16.09195402,25.8178603,9.46065429,0,3.49704868446124,0.0,20.78501338,La Concepción,Ciudad Lineal,57.89473684210527,92.98245614035088,100.0,57,89.36777159545578,146.845969561306,True,False,False,False,False
15,154,15123,471.77754943,45.43954517,11.23505976,21.75298805,26.00732601,193.61702128,51.64835165,49.22711058,74.4813278,59.52380952,57.89473684,13.78763867,23.6133122,9.42947702,5,2.674989518966957,1.8691662021655058,21.75298805,La Concepción,Ciudad Lineal,97.67441860465115,100.0,100.0,43,45.39333210897957,83.18052687181469,True,False,False,False,False
15,154,15124,120.69610103,44.91991827,11.2962963,22.68518519,35.51020408,200.81967213,49.79591837,51.47265077,100.84507042,56.06060606,80.0,16.98806244,30.3030303,12.12121212,39,9.02266097034832,4.3224498990007385,22.68518519,La Concepción,Ciudad Lineal,92.36111111111111,100.0,100.0,144,39.108599515779545,92.52184568537616,True,False,False,False,False
15,154,15130,505.05894917,45.82335861,10.91251176,21.54280339,38.4279476,197.4137931,50.65502183,48.05013928,89.94708995,27.90697674,76.31578947,15.82397004,28.65168539,9.83146067,7,2.114604645147064,3.310311464634644,21.54280339,La Concepción,Ciudad Lineal,82.85714285714286,100.0,100.0,35,64.07056266314297,109.87982152582934,True,False,False,False,False
15,155,15136,606.3288402,46.95715165,10.07393715,24.95378928,35.92592593,247.70642202,40.37037037,53.98860399,77.27272727,55.0,114.28571429,17.17171717,29.38475666,12.85583104,13,1.796055090559656,7.238085328412261,24.95378928,San Pascual,Ciudad Lineal,,,,29,,,False,False,False,False,False
15,155,15132,72.53407868,48.40394667,10.95238095,30.31746032,23.03664921,276.8115942,36.12565445,70.27027027,77.45803357,15.12605042,95.23809524,9.41176471,15.76470588,7.29411765,17,17.577944369986,0.9671210490930425,30.31746032,San Pascual,Ciudad Lineal,71.17437722419929,97.15302491103202,100.0,281,78.65048315182464,129.3597353784005,False,False,False,False,False
15,155,15134,498.52330231,48.89411528,9.1561939,29.53321364,33.73860182,322.54901961,31.00303951,63.10395315,85.59782609,61.11111111,34.88372093,13.67292225,23.41376229,9.47274352,3,2.244629277768296,1.3365235986686963,29.53321364,San Pascual,Ciudad Lineal,100.0,100.0,100.0,37,52.714569144105965,77.8023054880202,True,False,False,False,False
15,155,15133,360.67007375,46.98547102,9.24317618,25.18610422,32.01970443,272.48322148,36.69950739,52.50709555,92.18181818,43.38235294,96.36363636,10.7891492,18.80394575,7.58323058,5,4.497184873472813,1.111806639191798,25.18610422,San Pascual,Ciudad Lineal,56.16438356164384,90.41095890410958,100.0,73,92.69565893272741,144.43769714751585,True,False,False,False,False
15,154,15126,665.89251311,45.02442302,11.26436782,20.61302682,38.66171004,182.99319728,54.64684015,46.79415073,89.14893617,44.56521739,102.3255814,21.03658537,36.96646341,14.17682927,4,1.9702879581274233,2.0301601009639376,20.61302682,La Concepción,Ciudad Lineal,93.75,100.0,100.0,32,56.767435389263056,87.93218191204552,True,False,False,False,False
15,155,15138,449.79195099,46.71753593,9.06344411,21.67673716,47.03832753,239.16666667,41.81184669,44.38386041,89.85507246,22.60869565,88.63636364,17.58982036,32.11077844,12.5748503,34,2.9702621335521004,11.446801147930945,21.67673716,San Pascual,Ciudad Lineal,100.0,100.0,100.0,47,19.569018881834268,35.07412523352175,True,False,False,False,False
15,155,15135,309.3610979,46.43101284,9.66162066,22.92965272,23.49514563,237.32718894,42.13592233,48.34874505,79.17159763,32.22748815,121.81818182,13.10314298,21.9123506,8.63213811,34,7.30214631163474,4.656165262784002,22.92965272,San Pascual,Ciudad Lineal,100.0,100.0,100.0,115,35.42409490664046,69.07325303257002,True,False,False,False,False
15,155,15146,414.73545009,48.40613291,11.47842057,31.49678604,25.0728863,274.4,36.44314869,75.36231884,88.18181818,50.74626866,70.73170732,8.24931256,14.94042163,4.03299725,1,2.630592585620317,0.3801424840419335,31.49678604,San Pascual,Ciudad Lineal,46.34146341463415,78.04878048780488,100.0,41,110.73665066322678,171.7847077016845,True,True,True,False,False
15,154,15125,133.13915508,45.56557081,15.19823789,25.22026432,33.18777293,165.94202899,60.26200873,67.83733826,66.46153846,56.94444444,72.54901961,13.83442266,18.40958606,5.66448802,4,6.895041503265642,0.5801270373942656,25.22026432,La Concepción,Ciudad Lineal,71.9298245614035,97.36842105263158,100.0,114,73.20566229371309,126.10387266603685,True,False,False,False,False
15,155,15141,318.75950217,46.01510081,12.10139002,24.03924775,38.0952381,198.64864865,50.34013605,56.59411012,93.31683168,30.63063063,93.75,16.82926829,27.15447154,12.19512195,17,3.858708498477259,4.40561913570528,24.03924775,San Pascual,Ciudad Lineal,100.0,100.0,100.0,63,30.007740668176822,52.23174174539604,True,False,False,False,False
15,155,15140,413.03356969,45.55702776,9.4198378,21.08546475,49.11242604,223.8410596,44.67455621,43.89587074,97.86856128,47.12643678,184.375,20.6662554,32.63417643,12.27637261,37,3.924620464152893,9.42766321940031,21.08546475,San Pascual,Ciudad Lineal,100.0,100.0,100.0,63,28.04008737414886,48.377073549620896,True,False,False,False,False
15,154,15127,163.41138984,47.76344981,9.30379747,25.75949367,34.15233415,276.8707483,36.11793612,53.99610136,76.89655172,51.28205128,75.55555556,14.42910916,26.72521957,8.6574655,31,9.754522016594136,3.178013227840751,25.75949367,La Concepción,Ciudad Lineal,93.58974358974359,100.0,100.0,156,38.294028173844694,84.82189137391283,True,False,False,False,False
15,154,15129,160.35604944,43.58221697,12.0917917,19.32921447,28.31050228,159.8540146,62.55707763,45.81724582,97.70992366,42.66666667,118.18181818,14.34820647,23.79702537,7.43657043,60,7.12788824631466,8.417640390338873,19.32921447,La Concepción,Ciudad Lineal,92.72727272727272,100.0,100.0,110,39.04160670800745,86.53997374616658,True,False,False,False,False
15,155,15142,361.0020527,53.06238455,9.71978984,40.8056042,32.1888412,419.81981982,23.81974249,102.12389381,69.16167665,35.82089552,121.42857143,6.85763889,12.76041667,3.73263889,1,3.1911175889250663,0.3133698374107398,40.8056042,San Pascual,Ciudad Lineal,93.75,100.0,100.0,48,47.17014626038444,90.52005654800989,True,False,False,False,False
15,155,15147,70.84016939,46.60840453,16.25266146,27.75017743,37.08439898,170.74235808,58.56777494,78.58048162,67.16101695,79.34782609,82.08955224,5.51626591,11.95190948,2.6874116,5,19.960426579631072,0.2504956484798941,27.75017743,San Pascual,Ciudad Lineal,19.435736677115987,36.677115987460816,61.12852664576802,319,179.93003005583256,264.08741123432105,False,False,False,False,False
15,154,15128,104.66656499,46.29229909,14.88641856,24.79458676,33.52826511,166.55844156,60.03898635,65.78525641,60.41131105,46.1038961,55.35714286,11.71387422,19.73115699,4.12866059,46,19.901293218304104,2.3114075801713105,24.79458676,La Concepción,Ciudad Lineal,64.89028213166145,89.0282131661442,98.11912225705329,319,74.95919223206631,153.13979070054037,True,False,False,False,False
15,155,15144,154.43981581,44.03389514,14.922049,22.43875278,27.79156328,150.37313433,66.50124069,59.64444444,82.62987013,74.56140351,82.66666667,10.20971302,17.66004415,3.47682119,24,11.732725725330253,2.045560474339346,22.43875278,San Pascual,Ciudad Lineal,54.78723404255319,68.61702127659575,82.4468085106383,188,89.77030180660523,225.42973329809425,True,False,False,False,False
15,155,15143,89.92604562,45.82870189,13.70967742,25.09487666,30.62381853,183.0449827,54.63137996,63.46004655,75.61307902,67.5,63.54166667,17.1145686,25.36539368,6.50636492,18,23.58604768246469,0.7631630463200623,25.09487666,San Pascual,Ciudad Lineal,61.8421052631579,96.05263157894737,99.47368421052632,380,87.46429621806752,133.51969817477473,False,False,False,False,False
15,156,15178,138.66557563,42.45639001,14.07624633,17.44868035,17.22689076,123.95833333,80.67226891,46.0385439,81.71206226,51.72413793,87.3015873,8.39363242,14.39942113,3.83502171,33,9.96642456997511,3.311117218447218,17.44868035,San Juan Bautista,Ciudad Lineal,69.42675159235668,80.89171974522293,93.63057324840764,157,59.36668648295623,185.34562720141838,True,False,False,False,False
15,156,15148,92.27501093,44.59853179,16.10087294,21.24151309,57.07762557,131.92771084,75.79908676,59.59752322,86.16714697,41.42857143,106.0,13.48747592,20.90558767,7.51445087,48,11.248982682306004,4.267052528714549,21.24151309,San Juan Bautista,Ciudad Lineal,62.841530054644814,79.78142076502732,89.61748633879782,183,63.53999999997129,199.09884980048088,False,False,False,False,False
15,156,15149,106.96496529,46.06040733,13.01976823,23.38104976,47.81341108,179.58115183,55.6851312,57.23472669,82.2265625,64.21052632,75.75757576,12.42362525,20.36659878,5.90631365,39,13.770864095474124,2.8320662908014307,23.38104976,San Juan Bautista,Ciudad Lineal,57.01357466063348,71.04072398190046,82.80542986425338,221,75.78434732912987,236.50245238807892,True,False,False,False,False
15,156,15180,329.01625637,40.59441473,15.1193634,12.55526083,18.66197183,83.04093567,120.42253521,38.26405868,80.37486218,45.3125,114.14141414,10.47786059,17.40464708,4.95396756,31,6.9327881399602225,4.4715054569917765,12.55526083,San Juan Bautista,Ciudad Lineal,100.0,100.0,100.0,111,35.40996469927949,60.30643083462717,True,False,False,False,False
15,156,15150,78.8384039,43.61990021,18.23834197,23.2642487,32.51670379,127.55681818,78.39643653,70.94774136,75.85669782,86.32478632,75.45454545,19.5473251,25.72016461,7.71604938,52,24.65803344195176,2.1088461949901567,23.2642487,San Juan Bautista,Ciudad Lineal,68.35443037974683,92.40506329113924,98.48101265822785,395,74.39561344625052,138.7244663977623,False,False,False,False,False
15,156,15153,188.15757354,48.61069022,13.01369863,30.68493151,43.75,235.78947368,42.41071429,77.61557178,77.92207792,48.0,104.34782609,6.6576087,14.40217391,2.98913043,1,3.9116150689060123,0.2556488770966098,30.68493151,San Juan Bautista,Ciudad Lineal,76.92307692307693,100.0,100.0,65,78.48215997312042,113.43501672340979,True,False,True,False,False
16,161,16002,52.92364874,40.37457737,19.20634921,14.28571429,24.44444444,74.38016529,134.44444444,50.35799523,64.96062992,101.61290323,48.24561404,10.78947368,20.52631579,4.57894737,56,35.90077489165381,1.5598549103467636,14.28571429,Palomas,Hortaleza,68.44827586206897,87.75862068965517,96.03448275862068,580,69.5227483707337,165.7294788318135,False,False,False,False,False
15,156,15175,200.20352021,49.11036236,10.81560284,30.85106383,33.04597701,285.24590164,35.05747126,71.42857143,70.90909091,45.16129032,51.28205128,8.09146878,15.30343008,3.60598065,24,5.679220818965991,4.225931824987508,30.85106383,San Juan Bautista,Ciudad Lineal,78.88888888888889,96.66666666666667,100.0,90,54.69658273723212,120.69269016621043,True,False,True,False,False
16,161,16001,51.98070116,41.25146995,18.7471422,17.14677641,25.06666667,91.46341463,109.33333333,55.9914408,67.10369487,110.66666667,64.22764228,9.83606557,16.4845173,3.77959927,34,42.2464482211038,0.8048013840608649,17.14677641,Palomas,Hortaleza,61.390532544378694,85.05917159763314,93.93491124260355,676,85.0255466460736,172.72942754499377,False,False,False,False,False
15,156,15151,116.22534504,44.74211042,14.0580535,21.8554354,36.97916667,155.46558704,64.32291667,56.03907638,79.01430843,72.44897959,77.94117647,16.98754247,25.65118913,8.83352208,48,15.194620411300077,3.159012775620437,21.8554354,San Juan Bautista,Ciudad Lineal,68.33333333333333,88.75,100.0,240,61.010527206172384,151.7310974618731,True,False,False,False,False
15,157,15154,239.08582951,44.60064182,14.06384814,22.17428818,37.74319066,157.66871166,63.42412451,56.83355886,92.95039164,60.9375,113.33333333,12.08226221,21.85089974,6.16966581,7,4.881092293878327,1.434105232711769,22.17428818,Colina,Ciudad Lineal,88.0,100.0,100.0,75,59.87459227375778,102.53469191495044,True,False,False,False,False
15,156,15174,152.02833454,44.34472395,14.4701087,22.75815217,25.37313433,157.27699531,63.58208955,59.30735931,78.72340426,76.69902913,69.84126984,12.85520974,22.32746955,4.60081191,18,9.72187194201717,1.8514952786207157,22.75815217,San Juan Bautista,Ciudad Lineal,64.51612903225806,93.54838709677419,100.0,155,76.91262575111978,140.455674390438,True,False,False,False,False
16,162,16005,87.55802857,41.86721811,19.4391635,20.38973384,28.9044289,104.88997555,95.33799534,66.19273302,72.24489796,130.65693431,35.37414966,19.1559981,25.46230441,7.30203888,57,24.086883115834464,2.3664332045738536,20.38973384,Piovera,Hortaleza,58.80829015544041,83.41968911917098,95.33678756476684,386,87.67783355191823,169.45506224077644,False,False,False,False,False
15,157,15155,134.22053618,45.34536781,13.57493857,22.72727273,33.24324324,167.42081448,59.72972973,56.99132112,75.76271186,65.76576577,80.0,12.3623011,22.03182375,5.26315789,14,12.173993984020818,1.1499923540602974,22.72727273,Colina,Ciudad Lineal,53.57142857142857,89.28571428571429,100.0,196,96.01840670519559,151.5098763103676,True,False,False,False,False
15,157,15156,333.15297438,44.49341001,12.83309958,20.89761571,40.26845638,162.84153005,61.40939597,50.8994709,83.85214008,58.24175824,68.85245902,17.44266852,26.89367616,10.28492008,14,4.31933709337094,3.241238110701376,20.89761571,Colina,Ciudad Lineal,98.57142857142858,100.0,100.0,70,54.02370330470377,80.54544297619536,True,False,False,False,False
16,162,16004,31.84582144,41.18978646,19.59327337,18.02894016,28.4164859,92.01596806,108.67678959,60.31347962,67.54201681,119.58041958,78.70967742,26.17658499,35.08362505,5.21197977,25,80.7327267440698,0.3096637634853126,18.02894016,Piovera,Hortaleza,16.846986089644513,30.602782071097373,46.29057187017002,1294,211.07634340312245,319.71593547072024,False,False,False,False,False
16,163,16006,78.78048672,43.79809995,14.33514582,20.2669303,32.68292683,141.37931034,70.73170732,52.95007564,78.64864865,90.47619048,65.0,24.55708661,31.3484252,9.20275591,34,25.793189209785425,1.3181774352704347,20.2669303,Canillas,Hortaleza,67.95180722891565,91.32530120481928,100.0,415,70.61700999057756,146.37608218042774,False,False,False,False,False
16,163,16009,295.42534012,41.79347158,12.44404655,14.05550582,36.94267516,112.94964029,88.53503185,36.05359318,96.882494,50.0,75.51020408,21.669627,32.14920071,16.25222025,36,3.811453680865138,9.4452151368736,14.05550582,Canillas,Hortaleza,100.0,100.0,100.0,62,25.586893114319977,52.37725130408479,True,False,False,False,False
16,163,16015,308.12717444,50.46226715,11.65991903,32.79352227,43.20987654,281.25,35.55555556,80.02915452,64.11483254,55.12820513,74.41860465,16.54560129,22.27602906,11.29943503,8,4.021066958013441,1.989521707430682,32.79352227,Canillas,Hortaleza,96.875,100.0,100.0,64,47.947804838181625,80.89285768420154,True,False,False,False,False
15,157,15157,64.22238288,43.58112544,11.93895871,18.58168761,38.16425121,155.63909774,64.25120773,43.92764858,91.11111111,61.72839506,115.0,14.59074733,24.02135231,7.91814947,8,17.501686321199486,0.45709881054774365,18.58168761,Colina,Ciudad Lineal,23.487544483985765,55.51601423487544,83.98576512455516,281,140.994118586044,215.10964878444656,False,False,False,False,False
16,162,16003,44.03287832,42.18075073,13.69193154,15.06112469,19.80519481,110.0,90.90909091,40.35689774,74.07407407,55.0,100.0,11.25121242,18.13773036,2.95829292,300,46.82864438072707,6.40633535237396,15.06112469,Piovera,Hortaleza,93.62549800796812,99.867197875166,100.0,753,27.87219761645681,87.0177050992874,False,False,False,False,False
16,163,16016,116.9765429,49.17733069,14.11530815,31.41153082,51.89873418,222.53521127,44.93670886,83.57664234,64.56456456,57.40740741,74.0,11.98019802,19.7029703,6.93069307,55,8.634209688496044,6.370009761667047,31.41153082,Canillas,Hortaleza,81.02189781021897,100.0,100.0,137,56.263810081643136,117.0524331997193,True,False,False,False,False
16,163,16014,288.77338581,54.96519114,9.01015228,39.72081218,56.54952077,440.84507042,22.68370607,95.04950495,57.8125,65.78947368,92.0,8.48101266,14.6835443,5.06329114,16,2.7357091713379234,5.848574902490477,39.72081218,Canillas,Hortaleza,100.0,100.0,100.0,43,26.941924579229735,51.23708948259744,True,False,False,False,False
16,163,16011,185.19799305,42.72903691,12.1488764,16.36235955,42.48927039,134.68208092,74.24892704,39.88212181,94.64627151,64.0,91.83673469,16.57381616,29.80501393,11.55988858,51,7.75386372365945,6.577366048410567,16.36235955,Canillas,Hortaleza,100.0,100.0,100.0,123,31.86646670042744,61.16734389061096,True,False,False,False,False
16,163,16012,208.33910967,45.33294511,11.38211382,20.32520325,48.66666667,178.57142857,56.0,46.42857143,81.94945848,41.66666667,133.33333333,16.33199465,25.70281124,9.10307898,23,3.5855005868411265,6.414724929737999,20.32520325,Canillas,Hortaleza,100.0,100.0,100.0,59,30.82208461434897,69.38201958351755,True,False,False,False,False
16,163,16008,247.17756831,44.4864277,14.57418788,22.03687445,35.05976096,151.20481928,66.13545817,57.75623269,76.96078431,59.09090909,50.81967213,11.8466899,20.03484321,8.71080139,31,4.644434395292181,6.674655590231412,22.03687445,Canillas,Hortaleza,100.0,100.0,100.0,73,40.302362214010024,73.65280933193222,True,False,False,False,False
15,157,15158,84.70894658,44.00779903,15.65762004,20.73764788,33.55704698,132.44444444,75.5033557,57.22100656,71.16104869,62.74509804,95.58823529,12.84530387,19.61325967,4.62707182,33,17.093826077757956,1.9305215725190246,20.73764788,Colina,Ciudad Lineal,64.1025641025641,91.20879120879121,100.0,273,81.71923702511235,145.0564580067727,False,False,False,False,False
16,163,16007,100.82765909,44.68868667,15.63749445,22.34562417,38.17097416,142.89772727,69.98011928,61.24641834,67.58703481,77.35849057,60.16260163,11.12091792,16.94616064,4.98676081,31,22.473991961672976,1.3793722117934024,22.34562417,Canillas,Hortaleza,74.79224376731301,96.95290858725761,100.0,361,66.10394463987043,127.2315967043057,True,False,False,False,False
16,163,16013,363.8377204,50.09948442,12.10898083,32.29061554,49.0625,266.66666667,37.5,79.85480944,69.01840491,41.79104478,74.41860465,10.95477387,20.20100503,7.13567839,8,2.7347356917727814,2.925328405252221,32.29061554,Canillas,Hortaleza,100.0,100.0,100.0,44,46.22365810580055,71.12324977773613,True,False,False,False,False
16,163,16020,321.94280086,49.48454874,11.6003387,31.41405588,37.73584906,270.80291971,36.92722372,75.48291233,65.35626536,52.85714286,110.52631579,10.84033613,17.39495798,5.21008403,10,3.696308775401331,2.7054016879080236,31.41405588,Canillas,Hortaleza,93.10344827586206,100.0,100.0,58,40.123428820421736,86.80521332017132,True,False,False,False,False
16,163,16017,275.49323453,52.61813522,9.68718466,36.629667,52.61707989,378.125,26.44628099,86.27819549,69.42675159,61.81818182,76.66666667,12.209889,17.86074672,5.44904137,12,3.59718452502706,3.3359422950118827,36.629667,Canillas,Hortaleza,100.0,100.0,100.0,57,33.17912898240193,58.192941013910634,True,False,False,False,False
16,163,16019,405.49128934,51.01491075,12.74298056,34.98920086,51.85185185,274.57627119,36.41975309,91.32231405,69.8245614,71.42857143,81.39534884,7.74193548,15.69892473,3.22580645,16,2.293514125803253,6.9761942252683316,34.98920086,Canillas,Hortaleza,100.0,100.0,100.0,38,32.21886675575969,62.729520632241346,True,False,False,False,False
16,163,16018,331.55482532,51.20930322,12.43781095,35.44776119,50.52631579,285.0,35.0877193,91.88544153,66.93227092,72.72727273,58.62068966,13.49009901,17.2029703,7.42574257,11,2.4370026864067413,4.513741433834462,35.44776119,Canillas,Hortaleza,100.0,100.0,100.0,41,41.35201325212722,66.18526271014987,True,False,False,False,False
16,163,16024,320.77337242,45.9192762,10.6122449,20.49886621,40.7079646,193.16239316,51.7699115,45.16129032,78.07737397,42.1319797,73.61111111,13.13540261,23.03193882,8.81691408,32,6.930126348220288,4.617520430665432,20.49886621,Canillas,Hortaleza,100.0,100.0,100.0,113,30.999324589537235,55.131324373533666,True,False,False,False,False
16,163,16022,270.86219236,49.96664187,11.91028616,33.17865429,35.8974359,278.57142857,35.8974359,82.11267606,68.2464455,50.0,100.0,8.8190184,14.64723926,5.29141104,9,4.814256240929488,1.869447646655046,33.17865429,Canillas,Hortaleza,97.46835443037975,100.0,100.0,79,56.43160107610915,89.18769319399632,True,False,False,False,False
16,163,16026,457.43369991,49.54221163,10.80745342,29.56521739,41.59663866,273.56321839,36.55462185,67.70833333,67.24738676,40.81632653,67.74193548,16.58415842,30.07425743,9.9009901,3,1.7663761986900648,1.6983924501614005,29.56521739,Canillas,Hortaleza,,,,29,,,False,False,False,False,False
16,163,16030,269.19710172,47.32927273,10.51762115,25.2753304,31.59041394,240.31413613,41.61220044,55.74614065,76.39939486,37.22627737,134.0,12.92442497,20.31763417,7.77656079,28,6.783133950430635,4.127885458936335,25.2753304,Canillas,Hortaleza,71.55963302752293,100.0,100.0,109,78.75320356648388,120.42437896495811,True,False,False,False,False
16,163,16021,90.44485428,51.88315099,10.51677244,36.9900272,31.61764706,351.72413793,28.43137255,90.50086356,59.94475138,45.33333333,61.36363636,7.95660036,15.00904159,4.33996383,48,12.228445817252766,3.9252739650919635,36.9900272,Canillas,Hortaleza,93.93939393939394,100.0,100.0,198,42.66158960359004,89.45233816054494,False,False,False,False,False
15,158,15159,67.90343008,44.44614201,15.2420801,23.13209803,32.55813953,151.76470588,65.89147287,62.26964113,73.86172007,61.53846154,96.20253165,12.89940828,19.34911243,6.21301775,49,24.888286174701925,1.9687976767884803,23.13209803,Atalaya,Ciudad Lineal,66.33165829145729,91.95979899497488,99.2462311557789,398,75.6670332837653,144.76106528457112,False,False,False,False,False
16,163,16029,354.78125845,50.82052951,10.23215821,33.1900258,40.93264249,324.3697479,30.82901554,76.74772036,76.88172043,44.92753623,133.33333333,12.8314799,21.21471343,8.63986313,8,3.294988030414072,2.4279299123871665,33.1900258,Canillas,Hortaleza,74.07407407407408,100.0,100.0,54,77.47472407418036,117.23186834576445,True,False,True,False,False
16,163,16031,354.44429315,52.48599915,9.03614458,40.70567986,18.39323467,450.47619048,22.1987315,98.97260274,74.32835821,20.95238095,74.28571429,5.21367521,10.68376068,2.39316239,8,3.300941847873212,2.423550722395906,40.70567986,Canillas,Hortaleza,100.0,100.0,100.0,53,35.46659453546234,62.38009186502205,True,False,False,False,False
16,163,16034,234.69447692,42.60463777,10.57102407,16.23407268,30.52325581,153.57142857,65.11627907,36.62153449,97.07750953,72.35772358,122.58064516,20.80599813,33.27085286,13.30834114,1,9.092672430990989,0.10997866772277558,16.23407268,Canillas,Hortaleza,48.99328859060403,90.60402684563759,100.0,149,100.61743834904368,149.0378748309228,True,False,False,False,False
16,163,16027,531.96204457,50.84804049,8.44686649,31.47138965,50.64935065,372.58064516,26.83982684,66.4399093,68.96551724,66.66666667,58.82352941,13.36032389,21.59244265,8.23211876,3,1.3929565230516048,2.153692488138669,31.47138965,Canillas,Hortaleza,,,,24,,,False,False,False,False,False
16,163,16028,503.77968895,52.33739154,11.4379085,39.10675381,29.24791086,341.9047619,29.24791086,102.20264317,56.55172414,81.57894737,92.30769231,6.72451193,11.82212581,3.47071584,0,1.8301650904748488,0.0,39.10675381,Canillas,Hortaleza,,,,29,,,False,False,False,False,False
16,163,16025,86.06082684,45.95322134,9.65775902,21.00328176,18.52678571,217.47572816,45.98214286,44.21906694,71.97674419,34.19689119,52.7027027,12.95433364,22.27399814,7.40913327,131,24.9358515214336,5.253480110250055,21.00328176,Canillas,Hortaleza,95.38461538461539,100.0,100.0,390,43.734186195092434,87.56238575951137,False,False,False,False,False
16,163,16032,246.29383761,49.15035858,9.34449093,29.28870293,11.66666667,313.43283582,31.9047619,62.95454545,72.54901961,13.23529412,100.0,6.94927033,13.27310632,4.1695622,49,5.842614715757522,8.386656040804313,29.28870293,Canillas,Hortaleza,100.0,100.0,100.0,89,22.166999301346042,65.6079481449904,True,False,False,False,False
16,163,16033,57.14803625,44.22098365,12.13191991,19.31684335,35.67073171,159.22330097,62.80487805,45.87628866,80.18575851,59.0,92.98245614,20.02335085,31.69877408,13.30998249,18,29.974783255715458,0.6005047591651173,19.31684335,Canillas,Hortaleza,61.49068322981367,90.06211180124224,99.58592132505176,483,84.66983701458201,149.41032813616812,False,False,False,False,False
15,159,15160,84.84625399,45.44536261,12.41117954,22.45381336,46.20253165,180.91603053,55.2742616,53.52727273,82.1192053,80.17241379,69.51219512,11.08501644,18.50634101,5.40159699,25,25.09244545119099,0.9963158054335194,22.45381336,Costillares,Ciudad Lineal,55.00000000000001,84.5,98.75,400,94.53486883364957,159.50366537368615,False,False,False,False,False
15,159,15162,157.82379837,47.091732,13.48195329,29.29936306,31.88405797,217.32283465,46.01449275,74.76808905,82.71186441,58.99280576,105.71428571,6.93641618,13.92538098,2.8376248,48,12.057750603191128,3.9808419977849456,29.29936306,Costillares,Ciudad Lineal,88.48167539267016,100.0,100.0,191,55.893359175936375,102.81930752526294,True,False,False,False,False
15,159,15163,221.69938827,44.884052,13.84863124,21.90016103,38.97058824,158.13953488,63.23529412,55.63909774,76.94013304,82.0,97.77777778,5.76,12.32,3.28,39,5.638265444766318,6.9170209139765655,21.90016103,Costillares,Ciudad Lineal,100.0,100.0,100.0,90,24.38281092319854,50.9042289455094,True,False,False,False,False
15,159,15161,64.79247068,42.50304569,14.47767664,18.20546164,31.19047619,125.74850299,79.52380952,48.55119124,88.01452785,85.27607362,73.95833333,7.24137931,14.61206897,3.36206897,27,35.806629621144346,0.7540503053673642,18.20546164,Costillares,Ciudad Lineal,50.26086956521739,75.13043478260869,91.65217391304348,575,99.64068094919637,189.8085912801931,False,False,False,False,False
15,159,15172,308.77465473,48.12880547,11.80555556,33.23412698,19.70149254,281.51260504,35.52238806,81.94945848,86.53198653,23.59550562,92.30769231,4.49657869,10.75268817,2.63929619,16,3.3130957619622867,4.8293201131389845,33.23412698,Costillares,Ciudad Lineal,100.0,100.0,100.0,55,19.526192665520373,39.750333254346465,True,False,False,False,False
15,159,15166,453.93433668,46.53276877,17.04681873,29.41176471,44.08163265,172.53521127,57.95918367,86.77130045,73.54085603,105.71428571,60.0,3.69487485,9.77353993,1.31108462,31,1.848284943865451,16.772305646318515,29.41176471,Costillares,Ciudad Lineal,,,,29,,,False,False,False,False,False
15,159,15165,282.32332443,47.0780998,16.17063492,27.57936508,52.15827338,170.55214724,58.63309353,77.91519435,66.96165192,68.49315068,65.51724138,3.25765054,9.67423495,1.28331688,27,3.588084697041678,7.524905981807256,27.57936508,Costillares,Ciudad Lineal,100.0,100.0,100.0,56,25.73581367745267,57.93600325156776,True,False,False,False,False
15,159,15164,191.58467149,47.17507552,13.94495413,27.52293578,43.0,197.36842105,50.66666667,70.84639498,73.36956522,55.55555556,66.66666667,5.82347589,12.28389445,3.27570519,17,5.736367066748359,2.9635481485386173,27.52293578,Costillares,Ciudad Lineal,100.0,100.0,100.0,94,29.762271734918876,56.44526836352763,True,False,False,False,False
15,159,15167,178.24568978,47.43727805,14.28571429,29.25636008,33.77926421,204.79452055,48.82943144,77.12305026,69.20821114,64.47368421,60.0,4.3902439,10.24390244,1.75609756,18,5.750489682453872,3.1301682107042694,29.25636008,Costillares,Ciudad Lineal,88.50574712643679,100.0,100.0,87,51.11518365394307,100.6474884235132,True,False,False,False,False
15,159,15176,248.65286389,43.07197341,13.01587302,17.83068783,27.00296736,136.99186992,72.99703264,44.60596787,85.91749644,44.0,111.26760563,10.11470282,16.57977059,4.58811262,6,7.713564887206088,0.777850460550575,17.83068783,Costillares,Ciudad Lineal,75.40983606557377,100.0,100.0,122,68.22629063355515,122.9236290765341,True,False,False,False,False
15,159,15168,265.68031458,44.57137544,14.74056604,23.64386792,38.90274314,160.4,62.34413965,62.29665072,80.79584775,87.71929825,75.0,5.26315789,11.4619883,2.98245614,41,6.436306742320842,6.370112805595709,23.64386792,Costillares,Ciudad Lineal,100.0,100.0,100.0,103,24.281289092857236,52.58995980791943,True,False,False,False,False
15,159,15182,255.04720042,46.91532515,12.65432099,31.17283951,17.32673267,246.34146341,40.59405941,78.02197802,102.22222222,52.17391304,150.0,4.75460123,9.96932515,3.37423313,8,2.5563895582367264,3.1294135020321443,31.17283951,Costillares,Ciudad Lineal,100.0,100.0,100.0,40,34.825345892829226,66.43482362077505,True,False,False,False,False
15,159,15171,313.81795392,43.96116459,10.95588235,19.26470588,26.33587786,175.83892617,56.87022901,43.30874605,94.86652977,55.44554455,93.02325581,16.53255304,26.18873446,11.33869788,11,4.35602865590504,2.5252359130118167,19.26470588,Costillares,Ciudad Lineal,100.0,100.0,100.0,69,33.20767045392061,55.383034468963686,True,False,False,False,False
15,159,15170,202.67019949,44.47307656,12.28153047,22.48464809,22.4789916,183.07692308,54.62184874,53.29471398,87.89115646,40.29126214,91.66666667,7.04948646,12.27824463,2.94117647,32,10.56889471342047,3.0277527468758048,22.48464809,Costillares,Ciudad Lineal,92.3529411764706,100.0,100.0,170,38.67745988463932,91.3193295579957,True,False,False,False,False
15,159,15173,161.96294078,43.97787261,14.49643947,22.17700916,19.95412844,152.98245614,65.36697248,57.91164659,81.22270742,70.37037037,75.58139535,5.6898288,11.32930514,2.41691843,9,12.262064337031415,0.7339710307032082,22.17700916,Costillares,Ciudad Lineal,65.98984771573603,94.41624365482234,99.49238578680203,197,83.01837989264189,137.0459178094303,True,False,False,False,False
17,171,17002,266.83589769,42.58052909,13.57684356,17.98759476,47.12643678,132.48730964,75.4789272,46.12286002,93.56725146,95.58823529,84.375,32.03285421,50.44490075,24.84599589,16,5.47527530089788,2.922227490072726,17.98759476,Villaverde Alto - Casco Histórico de Villaverde,Villaverde,75.82417582417582,91.20879120879121,97.8021978021978,91,49.964340283065674,139.72807627593306,True,False,False,False,False
17,171,17003,236.17474895,43.60693053,10.73825503,18.05369128,44.60966543,168.125,59.4795539,40.43355325,100.56710775,65.34653465,81.13207547,34.86973948,54.1750167,26.31930528,24,6.338526902820233,3.7863687206757075,18.05369128,Villaverde Alto - Casco Histórico de Villaverde,Villaverde,63.26530612244898,87.75510204081633,97.95918367346938,98,74.68984876332497,160.1754528314184,True,False,False,False,False
17,171,17004,649.43209139,38.82986657,16.22002821,12.87023977,32.05479452,79.34782609,126.02739726,41.02436599,110.35564854,84.93150685,97.98657718,42.08871813,58.01606706,33.28676214,8,4.408467086807463,1.8146897419151344,12.87023977,Villaverde Alto - Casco Histórico de Villaverde,Villaverde,100.0,100.0,100.0,71,46.11484034497259,70.29507624992759,True,False,False,False,False
16,161,16105,171.04444671,45.84208207,16.0928743,27.30184147,32.55131965,169.65174129,58.94428152,76.66195191,67.93349169,94.52054795,40.0,9.64143426,14.66135458,1.67330677,5,7.3372741656355025,0.6814519789130621,27.30184147,Palomas,Hortaleza,83.1858407079646,96.46017699115043,100.0,113,60.20406132450614,119.129545268886,True,False,False,False,False
16,161,16121,82.57297677,41.10905093,16.92307692,14.24501425,23.2,84.17508418,118.8,45.28145695,70.14084507,69.62962963,75.0,14.77079796,22.75042445,5.26315789,25,21.399252747822306,1.1682650929268605,14.24501425,Palomas,Hortaleza,82.7485380116959,99.70760233918129,100.0,342,61.922111493720934,108.73224515912365,False,False,False,False,False
16,162,16103,22.7152651,41.72152491,17.64705882,18.59582543,26.53061224,105.37634409,94.89795918,56.8452381,70.34220532,101.62601626,78.68852459,22.65037594,30.31015038,4.93421053,168,93.68149525796508,1.793310402843043,18.59582543,Piovera,Hortaleza,24.416277518345563,35.35690460306871,46.497665110073385,1499,213.9869474994913,367.0544680230574,False,False,False,False,False
16,162,16113,87.90787183,40.82185273,17.14564053,16.1227472,21.45015106,94.03409091,106.34441088,49.89043097,77.10219922,95.12195122,71.42857143,17.51930502,26.20656371,4.15057915,4,23.570130375561714,0.16970631626829402,16.1227472,Piovera,Hortaleza,17.647058823529413,34.75935828877005,56.14973262032086,374,188.9011343883064,292.0134869986242,False,False,False,False,False
16,162,16104,199.92073101,46.34435074,8.41507486,19.15332989,16.17250674,227.60736196,43.93530997,38.06129722,72.78325123,18.40490798,78.0,5.99078341,11.77675371,3.1233999,34,9.768871842978077,3.4804428337791533,19.15332989,Piovera,Hortaleza,100.0,100.0,100.0,155,31.656476430986913,55.87683772884739,True,False,False,False,False
16,162,16102,70.06402045,40.51917307,17.56535948,15.56372549,23.35958005,88.60465116,112.86089239,49.54184484,80.48511577,76.58227848,64.58333333,21.2697129,30.28710069,6.5911848,1,35.296290222623675,0.02833158934530279,15.56372549,Piovera,Hortaleza,15.669014084507044,29.049295774647888,45.42253521126761,568,211.56943655642004,332.1287623594727,False,False,False,False,False
16,163,16098,291.24829449,51.25998484,11.3740458,40.45801527,16.03773585,355.70469799,28.11320755,107.60697306,68.26666667,46.34146341,89.13043478,6.82335102,11.29643669,1.44048522,13,4.52878188460479,2.8705290586398955,40.45801527,Canillas,Hortaleza,100.0,100.0,100.0,69,32.7265901056553,67.83523490668308,True,False,False,False,False
16,163,16035,57.73998884,45.45070542,14.11265899,24.10660206,28.89447236,170.81545064,58.54271357,61.92345437,73.59454855,50.0,64.86486486,13.54605659,21.31246237,9.09090909,74,28.766891600390675,2.572401670224079,24.10660206,Canillas,Hortaleza,81.85840707964603,96.90265486725663,100.0,452,57.713092258582165,119.45970842973232,False,False,False,False,False
16,164,16037,241.12555267,45.81378585,10.30828516,20.32755299,51.18483412,197.19626168,50.71090047,44.16666667,83.20610687,37.34939759,116.12903226,20.26768642,34.60803059,12.42829828,16,4.337989020327868,3.6883449739092957,20.32755299,Pinar del Rey,Hortaleza,98.55072463768117,100.0,100.0,69,43.12849816551737,83.12982906658983,True,False,False,False,False
16,163,16100,194.82790503,48.74174761,10.45891142,31.48345784,16.61016949,301.02040816,33.22033898,72.24264706,85.03401361,19.29824561,89.65517241,5.30222694,11.7709438,2.96924708,21,4.84016907059738,4.338691416291405,31.48345784,Canillas,Hortaleza,100.0,100.0,100.0,77,33.8261806895768,66.49337369493725,True,False,False,False,False
16,163,16101,312.74108817,50.64303184,7.36568458,32.66897747,13.26259947,443.52941176,22.5464191,66.76300578,81.62729659,14.13043478,103.57142857,6.11015491,10.24096386,3.61445783,17,3.715533532245995,4.5753859714795,32.66897747,Canillas,Hortaleza,100.0,100.0,100.0,61,32.19952949892619,54.52352304275616,True,False,False,False,False
16,164,16044,216.12171472,47.2758843,11.80811808,24.81549815,41.63568773,210.15625,47.58364312,57.7874818,72.61306533,53.08641975,93.93939394,13.59044995,24.88521579,8.08080808,7,5.0388273174028,1.3892121239844475,24.81549815,Pinar del Rey,Hortaleza,93.75,100.0,100.0,80,46.47882860295289,89.95083626608643,True,False,False,False,False
16,164,16045,154.70360031,45.91129375,11.77570093,23.73831776,27.55905512,201.58730159,49.60629921,55.07246377,75.12690355,57.04225352,82.75862069,9.83302412,15.27520099,5.25664811,16,10.45224543414079,1.5307715553385544,23.73831776,Pinar del Rey,Hortaleza,92.21556886227546,100.0,100.0,167,45.965897326545374,94.79409899378729,True,False,False,False,False
16,164,16046,289.74127457,49.0022645,11.07854631,30.30480657,33.84912959,273.54497354,36.55705996,70.6,70.94017094,40.0,83.05084746,11.94895592,20.59164733,8.52668213,26,5.950136039740096,4.369647992306356,30.30480657,Pinar del Rey,Hortaleza,100.0,100.0,100.0,95,24.440315055714457,51.53930668327687,True,False,False,False,False
16,164,16036,80.09372334,41.70864828,17.46825702,16.42939592,35.83138173,94.05286344,106.32318501,51.28055879,71.11553785,103.64583333,60.0,8.88888889,14.40613027,2.64367816,109,32.5868231763336,3.3449102850615393,16.42939592,Pinar del Rey,Hortaleza,67.74809160305344,89.69465648854961,99.42748091603053,524,65.91276648512252,150.73849362717445,False,False,False,False,False
16,164,16049,182.16948371,53.77901155,7.91814947,41.5480427,17.98715203,524.71910112,19.05781585,97.88732394,68.04733728,18.26086957,61.11111111,4.88454707,10.74600355,2.13143872,13,6.181057205852056,2.103200078409233,41.5480427,Pinar del Rey,Hortaleza,90.0,100.0,100.0,100,50.66065277235404,99.1875059520186,True,False,False,False,False
16,164,16043,395.81529313,45.7892798,11.16751269,21.31979695,44.76190476,190.90909091,52.38095238,48.12030075,88.92045455,39.13043478,61.53846154,20.80808081,36.46464646,13.43434343,4,2.501166622867311,1.5992537096206898,21.31979695,Pinar del Rey,Hortaleza,100.0,100.0,100.0,38,31.095988639033294,53.181286668133566,True,False,False,False,False
16,164,16050,108.03930585,49.14554646,10.31331593,31.7232376,23.25102881,307.59493671,32.51028807,72.52252252,75.84158416,54.25531915,83.63636364,11.04613385,21.37751787,7.60233918,43,14.244815697806532,3.018642073875431,31.7232376,Pinar del Rey,Hortaleza,97.34513274336283,100.0,100.0,226,45.60920521738392,82.27950944989405,True,False,False,False,False
16,164,16038,122.68793223,46.31610266,10.72226359,22.33804914,44.66666667,208.33333333,48.0,49.38820912,82.72357724,44.94382022,90.69767442,16.76514032,30.94534712,9.74889217,34,11.036130248521488,3.080790026427514,22.33804914,Pinar del Rey,Hortaleza,94.3820224719101,100.0,100.0,178,47.16654349226091,90.56497419938157,True,False,False,False,False
16,164,16039,239.6175617,43.72420894,12.86764706,18.19852941,50.50505051,141.42857143,70.70707071,45.06666667,98.93899204,51.47058824,70.21276596,23.35766423,39.32481752,13.22992701,3,4.573955231970878,0.655887486399233,18.19852941,Pinar del Rey,Hortaleza,90.41095890410958,100.0,100.0,73,56.792682626950786,99.30493885767528,True,False,False,False,False
16,164,16097,198.89154574,49.37270533,8.47457627,32.54237288,19.79166667,384.0,26.04166667,69.54022989,83.93234672,37.38317757,97.36842105,12.07012812,19.21780175,5.32703978,19,7.456324975931425,2.548172197608188,32.54237288,Pinar del Rey,Hortaleza,82.05128205128204,97.43589743589743,100.0,117,51.61174769367392,119.50957552473126,True,False,False,False,False
16,165,16080,91.64525458,48.40536101,13.77314815,29.74537037,41.24513619,215.96638655,46.30350195,77.04918033,70.62937063,65.71428571,62.5,6.92041522,14.53287197,2.07612457,8,9.460391636689215,0.8456309534770701,29.74537037,Apóstol Santiago,Hortaleza,72.66666666666667,95.33333333333334,100.0,150,62.658945068786934,134.4735609940259,False,False,False,False,False
16,164,16042,271.84807856,48.1167412,11.36521137,28.41302841,44.14634146,250.0,40.0,66.05293441,82.94736842,51.64835165,119.14893617,16.563147,25.53485162,12.83643892,36,5.330182974495816,6.75398952948801,28.41302841,Pinar del Rey,Hortaleza,100.0,100.0,100.0,86,25.63661436873838,49.05355067679842,True,False,False,False,False
16,164,16078,258.61574729,43.73407428,12.96089385,17.98882682,45.96273292,138.79310345,72.04968944,44.82200647,84.47761194,50.90909091,70.27027027,21.28603104,39.35698448,16.62971175,5,3.4877999868453924,1.433568443964112,17.98882682,Pinar del Rey,Hortaleza,100.0,100.0,100.0,55,45.425958151431296,69.24190894320046,True,False,False,False,False
16,164,16040,377.5146561,43.45312506,11.04294479,17.12678937,47.46268657,155.09259259,64.47761194,39.21708185,100.42796006,45.73643411,103.44827586,25.87341772,42.78481013,17.3164557,14,5.2315849678139745,2.676053258454468,17.12678937,Pinar del Rey,Hortaleza,95.18072289156626,100.0,100.0,83,45.283936445047495,82.9793339550173,True,False,False,False,False
16,164,16052,321.34164239,46.39863045,12.79933939,26.58959538,40.37267081,207.74193548,48.13664596,64.98637602,84.42211055,88.46153846,86.53846154,18.10699588,27.57201646,10.61728395,0,3.78102256199963,0.0,26.58959538,Pinar del Rey,Hortaleza,61.66666666666667,98.33333333333333,100.0,60,90.9823574498659,132.73952158084597,True,False,True,False,False
16,164,16057,374.83156956,49.14958881,10.03937008,27.36220472,44.60431655,272.54901961,36.69064748,59.74842767,61.83206107,78.43137255,53.84615385,13.93523062,27.3797841,9.32286555,1,2.7185543661521376,0.3678425609032081,27.36220472,Pinar del Rey,Hortaleza,100.0,100.0,100.0,44,56.43768007283512,81.29751883004958,True,False,False,False,False
16,164,16048,88.21149946,46.981899,11.13636364,25.95454545,28.19614711,233.06122449,42.90718039,58.95953757,84.53333333,42.16216216,78.94736842,13.85869565,21.28623188,7.60869565,181,25.030750111915545,7.231105707608716,25.95454545,Pinar del Rey,Hortaleza,100.0,100.0,100.0,403,33.23274344735816,69.33927920210992,False,False,False,False,False
16,164,16051,260.66679773,45.75769291,13.50293542,24.85322896,36.22047244,184.05797101,54.33070866,62.22222222,76.47058824,75.0,73.91304348,19.04761905,32.06997085,11.95335277,81,3.947568347624041,20.518960754346967,24.85322896,Pinar del Rey,Hortaleza,88.88888888888889,100.0,100.0,63,23.243084992852815,102.87568154640651,True,False,False,False,False
16,164,16053,529.74354004,45.74567573,11.2394958,23.52941176,29.46428571,209.34579439,47.76785714,53.30112721,88.75379939,73.4375,61.76470588,18.20083682,30.0209205,12.76150628,2,1.804646829545166,1.1082500837596405,23.52941176,Pinar del Rey,Hortaleza,,,,29,,,False,False,False,False,False
16,164,16077,449.36230547,43.31124556,12.70681668,18.1336863,47.44525547,142.70833333,70.0729927,44.59330144,94.23791822,80.82191781,81.25,27.84726794,39.63133641,18.16984858,5,3.3803458400874202,1.4791385960291843,18.1336863,Pinar del Rey,Hortaleza,100.0,100.0,100.0,54,47.62705510032364,78.51049431791333,True,False,False,False,False
16,165,16082,244.1833244,44.55561739,10.48689139,19.1011236,29.41176471,182.14285714,54.90196078,42.0212766,83.11688312,50.0,92.0,20.99378882,36.02484472,15.0310559,20,3.2967034173721403,6.066666444609187,19.1011236,Apóstol Santiago,Hortaleza,100.0,100.0,100.0,51,38.657273572174084,73.7161054309115,True,False,False,False,False
16,164,16076,350.63124639,43.52032943,12.63916176,21.15258677,40.55727554,167.35751295,59.75232198,51.03857567,116.9527897,73.33333333,98.36065574,27.68031189,42.94996751,17.21897336,53,4.389226618688223,12.075020181081406,21.15258677,Pinar del Rey,Hortaleza,100.0,100.0,100.0,70,24.19184215335591,43.54477387764188,True,False,False,False,False
16,165,16081,112.42528331,44.43626606,17.69165965,25.61078349,38.48684211,144.76190476,69.07894737,76.37444279,73.90180879,111.11111111,64.1025641,7.42285238,15.4295246,2.00166806,57,10.664860827321917,5.344654836373841,25.61078349,Apóstol Santiago,Hortaleza,80.81395348837209,94.76744186046511,100.0,172,54.04365615132498,133.29458987346908,True,False,False,False,False
16,164,16075,299.17927331,45.95229696,11.06750392,22.05651491,51.2455516,199.29078014,50.17793594,49.53051643,87.66519824,47.5,100.0,19.56352299,31.02104443,12.93842557,21,4.2883986775154,4.8969327665605284,22.05651491,Pinar del Rey,Hortaleza,100.0,100.0,100.0,69,29.16042523683005,68.89594825261172,True,False,False,False,False
16,164,16058,265.90985073,45.69664008,11.4902507,21.51810585,43.68932039,187.27272727,53.39805825,49.27234927,76.83823529,69.87951807,75.47169811,16.64355062,29.47295423,10.81830791,46,5.422890487387015,8.48256111883329,21.51810585,Pinar del Rey,Hortaleza,100.0,100.0,100.0,85,25.86386570086295,44.2165929179382,True,False,False,False,False
16,164,16074,249.63066971,44.73746242,11.91111111,18.4,57.00483092,154.47761194,64.73429952,43.49489796,86.66666667,48.8372093,104.65116279,17.5066313,29.70822281,11.05216622,23,4.530693289089319,5.076485767727407,18.4,Pinar del Rey,Hortaleza,100.0,100.0,100.0,73,29.223456331624774,55.872282426940565,True,False,False,False,False
16,164,16059,303.91944618,52.27227459,8.66666667,36.05555556,39.44530046,416.02564103,24.03697997,80.90452261,72.14532872,46.93877551,50.0,13.5359116,20.49723757,9.39226519,22,5.955525461613379,3.694048517095937,36.05555556,Pinar del Rey,Hortaleza,100.0,100.0,100.0,96,37.10195405456109,64.67375282962934,True,False,False,False,False
16,164,16054,230.00883812,48.45017058,8.59277709,26.15193026,46.66666667,304.34782609,32.85714286,53.24427481,83.21678322,52.94117647,127.77777778,17.55253399,28.05933251,11.74289246,52,3.517256148156309,14.78425164663017,26.15193026,Pinar del Rey,Hortaleza,100.0,100.0,100.0,54,23.032456154200865,46.381219128603085,True,False,False,False,False
16,164,16073,392.93001333,44.31404632,12.62419638,19.81297487,44.54277286,156.94444444,63.71681416,48.01038062,88.27361564,64.46280992,92.30769231,16.90793283,31.96294152,13.25998842,22,4.395184743839285,5.005477876859971,19.81297487,Pinar del Rey,Hortaleza,100.0,100.0,100.0,70,41.54773676353281,63.69865854952674,True,False,False,False,False
16,165,16079,123.00236939,45.0361369,10.20768891,19.79673,21.65178571,193.93939394,51.5625,42.86616162,76.58862876,35.82089552,87.67123288,9.78499342,17.50767881,6.62571303,94,18.528098372063393,5.07337548151908,19.79673,Apóstol Santiago,Hortaleza,94.33333333333334,100.0,100.0,300,33.647237013786494,84.03854914304443,True,False,False,False,False
16,164,16055,257.47602673,45.9588944,10.67270375,20.82794308,52.79503106,195.15151515,51.24223602,45.98677998,81.95876289,69.41176471,82.60869565,20.6052801,32.71088216,14.68126207,26,6.031629506289152,4.310609591137838,20.82794308,Pinar del Rey,Hortaleza,100.0,100.0,100.0,99,28.6278535692761,58.73666168361005,True,False,False,False,False
16,164,16070,245.52450713,47.67220883,9.17816437,24.05518896,27.43142145,262.09150327,38.15461347,49.77538185,75.27559055,33.15217391,75.0,9.00954654,17.72076372,5.60859189,3,6.826202482103459,0.4394830079923978,24.05518896,Pinar del Rey,Hortaleza,100.0,100.0,100.0,108,53.251996315436955,78.64080119709338,True,False,False,False,False
16,164,16061,318.50669945,51.80482396,10.57268722,38.10572687,35.45279383,360.41666667,27.74566474,94.84978541,67.22488038,67.69230769,83.33333333,9.71512053,20.3798393,5.91672754,42,4.2981827458078765,9.771571495177499,38.10572687,Pinar del Rey,Hortaleza,100.0,100.0,100.0,69,33.23287679388506,59.9315433275762,True,False,False,False,False
16,164,16060,225.86059746,50.94786159,10.04657352,36.66001331,30.85299456,364.90066225,27.40471869,87.64044944,73.00215983,84.72222222,72.09302326,12.51655629,19.13907285,8.01324503,66,6.685539739928064,9.872052604194101,36.66001331,Pinar del Rey,Hortaleza,99.05660377358491,100.0,100.0,106,22.35449681177701,66.0565254551733,True,False,False,False,False
16,165,16089,121.45298896,50.09792178,10.41162228,32.08232446,42.64150943,308.13953488,32.45283019,73.89473684,75.27675277,59.57446809,115.78947368,16.12515042,24.06738869,10.22864019,89,6.842153553432369,13.00760050252791,32.08232446,Apóstol Santiago,Hortaleza,100.0,100.0,100.0,108,23.583477717118523,52.92892307422803,True,False,False,False,False
16,164,16071,152.89478113,43.67066368,15.16516517,18.99399399,39.5256917,125.24752475,79.84189723,51.88141391,75.4,48.69565217,100.0,5.51826995,11.0365399,3.3557047,55,8.770737562455727,6.270852320953552,18.99399399,Pinar del Rey,Hortaleza,100.0,100.0,100.0,141,36.30358246827804,66.43193509137201,True,False,False,False,False
16,165,16083,170.26625696,44.09020912,10.99823322,17.49116608,31.56565657,159.03614458,62.87878788,39.83940704,81.91011236,42.66666667,81.81818182,14.99342394,25.69048663,10.21481806,85,13.39666496867086,6.344862710143091,17.49116608,Apóstol Santiago,Hortaleza,100.0,100.0,100.0,217,35.637178620504706,65.55323943464187,True,False,False,False,False
16,164,16067,373.99701844,46.40221832,9.69030969,21.87812188,36.07305936,225.77319588,44.29223744,46.13138686,83.40026774,29.65116279,96.66666667,17.17821782,26.28712871,10.74257426,38,5.401112576899807,7.035587475536693,21.87812188,Pinar del Rey,Hortaleza,100.0,100.0,100.0,87,29.482247200403112,58.389635899363306,True,False,False,False,False
16,165,16088,161.25205356,47.15468631,11.09598366,25.79986385,37.99472296,232.51533742,43.00791557,58.46817691,86.14457831,56.04395604,97.91666667,15.17615176,25.88075881,10.70460705,133,9.153371801293877,14.530164718229816,25.79986385,Apóstol Santiago,Hortaleza,100.0,100.0,100.0,143,30.502622837896823,71.25924816100763,True,False,False,False,False
16,164,16064,370.93051927,49.45838035,10.16,31.6,39.49367089,311.02362205,32.15189873,71.7032967,77.99511002,74.6031746,73.17073171,14.10459588,26.78288431,7.60697306,16,3.4022544235227556,4.702764111166417,31.6,Pinar del Rey,Hortaleza,100.0,100.0,100.0,54,41.64032632794766,62.18883351159261,True,False,False,False,False
16,166,16096,21.3511727,41.402495,16.4893617,15.07092199,14.90196078,91.39784946,109.41176471,46.11398964,68.55895197,70.28985507,50.52631579,6.94526192,12.77221895,2.76633314,193,79.5740835379749,2.425412790433146,15.07092199,Valdefuentes,Hortaleza,67.8125,88.59375,98.828125,1280,71.97107526894516,154.48649504571182,False,False,False,False,False
16,164,16063,170.82159045,51.60374311,10.25157233,35.97484277,37.93706294,350.9202454,28.4965035,85.96491228,71.34268537,62.3655914,123.25581395,11.21553885,22.36842105,7.14285714,38,9.343081256941236,4.067180724963592,35.97484277,Pinar del Rey,Hortaleza,94.03973509933775,100.0,100.0,151,44.41259637728827,85.72324540061952,True,False,False,False,False
16,165,16085,277.98694346,44.00745993,11.07892831,16.29254164,30.22222222,147.05882353,68.0,37.68693918,86.08534323,29.48717949,95.55555556,13.21299639,23.75451264,9.31407942,0,4.982248384558899,0.0,16.29254164,Apóstol Santiago,Hortaleza,61.72839506172839,96.29629629629629,100.0,81,88.01196657891005,141.819959807911,True,False,False,False,False
16,164,16066,416.26972265,46.15923729,8.87892377,23.85650224,33.45864662,268.68686869,37.21804511,48.66666667,102.7027027,70.96774194,126.92307692,17.8412132,31.2221231,11.06155219,11,2.69296549567064,4.084716279389471,23.85650224,Pinar del Rey,Hortaleza,100.0,100.0,100.0,45,32.36100302790449,51.244837248322554,True,False,False,False,False
16,165,16087,336.5775851,47.12162785,10.34482759,24.94252874,36.40552995,241.11111111,41.47465438,54.52930728,81.02893891,44.7761194,170.0,16.09589041,26.02739726,11.64383562,36,2.6026688608249784,13.831955552189969,24.94252874,Apóstol Santiago,Hortaleza,100.0,100.0,100.0,43,24.970933383315288,44.18429337870366,True,False,False,False,False
16,164,16065,129.24163367,44.85545109,9.61538462,23.07692308,29.36507937,240.0,41.66666667,48.57142857,114.9122807,43.07692308,110.0,22.37318841,34.96376812,13.31521739,15,8.542139004924413,1.7560004574208787,23.07692308,Pinar del Rey,Hortaleza,98.46153846153847,100.0,100.0,130,34.209842663953815,64.94817300823935,True,False,False,False,False
16,164,16069,94.40976175,47.45098359,11.23038811,28.24112304,28.65497076,251.47058824,39.76608187,65.21145975,86.51399491,61.53846154,102.3255814,15.50451189,29.28630025,10.41837572,54,12.911800404868105,4.18222078306295,28.24112304,Pinar del Rey,Hortaleza,82.6923076923077,96.15384615384616,100.0,208,38.67641547685602,123.0954994983923,False,False,False,False,False
16,165,16086,299.45854653,44.4119564,11.09040075,17.0083877,25.75342466,153.36134454,65.20547945,39.07971484,76.34285714,40.66390041,78.66666667,15.81632653,26.15955473,10.99257885,58,7.1996609380696945,8.055934925117517,17.0083877,Apóstol Santiago,Hortaleza,93.04347826086956,100.0,100.0,115,45.24176020000299,90.10241259519658,True,False,False,False,False
16,165,16090,44.9968554,45.08530705,13.43770385,22.63535551,33.42939481,168.44660194,59.36599424,56.42857143,81.48148148,44.11764706,100.0,11.50614092,20.16806723,7.30446025,62,34.38018026206951,1.8033645992369187,22.63535551,Apóstol Santiago,Hortaleza,59.19854280510018,74.13479052823315,87.61384335154827,549,74.4292288019136,210.2437567329343,False,False,False,False,False
16,166,16126,77.15260415,33.64762709,31.4556331,7.12861416,24.47552448,22.66244057,441.25874126,62.82467532,45.11189635,204.34782609,59.11111111,9.90147783,16.40394089,5.07389163,166,26.311490355913783,6.309030684105272,7.12861416,Valdefuentes,Hortaleza,98.80668257756562,100.0,100.0,419,28.973065077696152,69.8964415438875,False,False,False,False,False
16,166,16109,43.75259065,37.70301853,16.47940075,8.07324178,20.6185567,48.98989899,204.12371134,32.54274683,92.46284501,93.65079365,100.0,15.02675998,27.37752161,8.85137917,6,55.51671259018286,0.10807556355671162,8.07324178,Valdefuentes,Hortaleza,23.905723905723907,50.617283950617285,74.85970819304153,891,148.65675497641243,251.0971545035241,False,False,False,False,False
16,166,16107,38.99029799,36.0406646,25.13235752,8.40859545,25.18518519,33.45724907,298.88888889,50.46860356,61.91198786,120.38216561,60.1532567,9.40594059,16.42945545,4.45544554,84,82.89241598197769,1.0133617051077763,8.40859545,Valdefuentes,Hortaleza,45.17345399698341,59.502262443438916,70.21116138763198,1326,116.24482090582134,314.90375722057,False,False,False,False,False
16,166,16116,227.63590693,34.70434642,24.86515642,7.1197411,21.96969697,28.63340564,349.24242424,47.02616971,76.85834502,89.39393939,93.67088608,17.34748011,29.54907162,7.32095491,6,8.280767412372965,0.7245705260402453,7.1197411,Valdefuentes,Hortaleza,49.24242424242424,73.48484848484848,96.21212121212122,132,102.49571627895477,184.55901858069404,True,False,False,False,False
16,166,16118,161.76113289,35.75783583,21.88226181,4.41518203,23.68421053,20.17699115,495.61403509,35.68050447,66.49168854,146.66666667,78.57142857,10.99577086,19.10803537,6.45905421,46,16.07926424285716,2.8608274175501798,4.41518203,Valdefuentes,Hortaleza,94.16342412451361,99.61089494163424,100.0,257,36.64422601212161,92.81313541208074,True,False,False,False,False
16,166,16112,301.40968814,38.50372497,16.19377163,8.92733564,26.35658915,55.12820513,181.39534884,33.54898336,79.13907285,100.0,81.53846154,8.71056241,18.03840878,5.00685871,5,4.837269860162247,1.0336409058295322,8.92733564,Valdefuentes,Hortaleza,74.35897435897436,100.0,100.0,78,77.44813377330382,122.76004392773649,True,False,False,False,False
16,166,16106,48.83428871,43.70461689,13.02419355,19.63709677,49.8973306,150.77399381,66.32443532,48.50299401,101.93470375,42.72727273,119.1011236,22.26204699,33.85105536,12.58462764,13,51.41878926346072,0.25282586747405345,19.63709677,Valdefuentes,Hortaleza,26.360338573155985,47.15840386940749,66.0217654171705,827,155.16292888421168,314.66191299683214,False,False,False,False,False
16,166,16092,280.20328619,47.18506973,13.49337748,30.04966887,22.03856749,222.6993865,44.90358127,77.12609971,74.87179487,45.78313253,84.90566038,11.23872026,19.85233798,5.33223954,47,4.350412932658998,10.803572149936883,30.04966887,Valdefuentes,Hortaleza,100.0,100.0,100.0,71,24.16225362026648,52.09236508338841,True,False,False,False,False
16,166,16093,443.90195312,47.23683771,12.35294118,31.56862745,21.42857143,255.55555556,39.13043478,78.32167832,85.11326861,61.66666667,82.22222222,11.17589893,20.89407191,7.38581147,9,2.3180794604993813,3.882524371300516,31.56862745,Valdefuentes,Hortaleza,100.0,100.0,100.0,35,39.23760058992089,66.1150401841065,True,False,False,False,False
16,166,16099,322.39940903,48.10108661,12.70820481,32.69586675,16.41509434,257.2815534,38.86792453,83.16384181,78.78787879,60.0,73.01587302,6.94103194,14.61916462,4.42260442,12,5.04963704778748,2.376408420335448,32.69586675,Valdefuentes,Hortaleza,93.75,100.0,100.0,80,57.57891698999542,93.94371391726698,True,False,False,False,False
16,166,16124,36.38253818,31.31628605,30.32319392,3.75475285,8.86075949,12.38244514,807.59493671,51.69430425,69.35286935,166.66666667,116.26794258,12.8372093,19.48837209,5.06976744,240,59.093638818011364,4.061350845885793,3.75475285,Valdefuentes,Hortaleza,82.2961373390558,88.51931330472102,95.06437768240343,932,31.22387623688502,157.1412949104747,False,False,False,False,False
16,166,16133,287.59110725,39.3444709,20.02635046,12.25296443,18.27956989,61.18421053,163.44086022,47.66536965,67.15447154,103.52941176,33.65384615,11.3145847,17.78940484,5.82079791,2,5.316576074279283,0.37618195847430264,12.25296443,Valdefuentes,Hortaleza,64.28571428571429,94.04761904761905,100.0,84,81.13893487567859,133.56128929068055,True,False,False,False,False
16,166,16110,99.25660649,35.85493904,23.00852167,5.0389033,19.85294118,21.90016103,456.61764706,38.98043254,58.53061224,138.05309735,65.30612245,9.91553434,19.97796548,4.92104297,53,27.43394214531989,1.931913383765795,5.0389033,Valdefuentes,Hortaleza,64.2369020501139,83.37129840546697,92.71070615034168,439,72.45958942715909,186.33301400217732,False,False,False,False,False
16,166,16111,235.76274386,37.640253,20.7980653,9.2503023,18.95424837,44.47674419,224.83660131,42.95592048,65.75931232,161.70212766,70.73170732,7.61390887,14.14868106,4.13669065,7,7.074909176522012,0.9894119946061503,9.2503023,Valdefuentes,Hortaleza,58.4070796460177,83.1858407079646,99.11504424778761,113,83.33867289555836,169.60714314858504,True,False,False,False,False
16,166,16131,54.3728701,30.36985788,35.29693487,3.40038314,15.49295775,9.63364993,1038.02816901,63.125,56.4792176,200.0,91.63498099,8.14117647,13.64705882,2.77647059,146,39.08199073360072,3.7357360067760466,3.40038314,Valdefuentes,Hortaleza,83.96825396825398,89.84126984126985,95.71428571428572,630,35.08228178348679,150.30460469783355,False,False,False,False,False
16,166,16137,134.95523246,31.10281299,33.16469927,3.42889264,11.47540984,10.33898305,967.21311475,57.71276596,56.44937587,156.75675676,104.10958904,12.54162042,18.86792453,5.54938957,86,13.352576014379723,6.440704767932753,3.42889264,Valdefuentes,Hortaleza,99.08256880733946,100.0,100.0,218,23.072464696137033,46.47872661259759,True,False,False,False,False
16,166,16128,226.08411944,31.90641484,31.58717748,3.63565285,19.35483871,11.50990099,868.8172043,54.37537719,51.6010979,124.61538462,97.10610932,10.57285659,17.18569781,4.84429066,65,11.504568163296124,5.649929582526558,3.63565285,Valdefuentes,Hortaleza,100.0,100.0,100.0,185,24.496060908117773,43.79845565354502,True,False,False,False,False
16,166,16119,54.61853058,34.74922023,26.70318384,6.67579596,21.53846154,25.0,400.0,50.10277492,63.94271272,138.46153846,79.7752809,12.51691475,21.75236806,5.37889039,41,54.12082618636355,0.7575641927345611,6.67579596,Valdefuentes,Hortaleza,62.571756601607355,71.98622273249138,80.13777267508611,871,68.0362734134567,272.97531316935,False,False,False,False,False
16,166,16115,190.31760293,37.8591884,20.42648709,10.49382716,24.59893048,51.37362637,194.65240642,44.76035743,71.44846797,172.05882353,79.66101695,13.14917127,20.82872928,7.18232044,14,9.510419047410041,1.4720697300727879,10.49382716,Valdefuentes,Hortaleza,92.76315789473685,100.0,100.0,152,53.90694447395159,93.94146313667135,True,False,False,False,False
16,166,16117,162.6391359,35.94774897,24.55677103,6.63900415,23.86363636,27.03533026,369.88636364,45.33991228,61.70212766,121.9858156,68.01801802,10.19798282,18.00522973,5.37915577,11,16.459753123271827,0.668296779278391,6.63900415,Valdefuentes,Hortaleza,65.2671755725191,92.74809160305344,100.0,262,80.55236767084438,140.43837751976406,True,False,False,False,False
16,166,16127,389.25622889,37.72672311,21.85897436,10.38461538,24.69135802,47.50733138,210.49382716,47.58751183,65.67398119,143.03797468,70.0,13.36728199,24.37937619,7.06556334,1,4.035901789770416,0.24777609864904204,10.38461538,Valdefuentes,Hortaleza,57.57575757575758,81.81818181818183,96.96969696969697,66,94.73036675708789,177.68080213762852,True,False,False,False,False
16,166,16120,52.31468774,37.77695324,19.22043011,7.97491039,20.2247191,41.49184149,241.01123596,37.35384615,64.97461929,148.64864865,111.0,11.68945743,19.58535509,5.91089546,64,43.33391056579569,1.4769034034633481,7.97491039,Valdefuentes,Hortaleza,49.56772334293948,72.04610951008645,90.77809798270894,694,100.42353017872216,197.0827730423143,False,False,False,False,False
16,166,16132,227.21768958,29.93324808,34.59340659,2.9010989,18.18181818,8.386277,1192.42424242,59.9859353,60.85972851,172.97297297,103.09278351,8.34046193,14.32848589,3.80667237,43,10.289691524361267,4.178939659968983,2.9010989,Valdefuentes,Hortaleza,100.0,100.0,100.0,174,29.68617256374639,60.31715034320053,True,False,False,False,False
16,166,16108,258.11466138,35.80152412,23.6001851,6.94123091,23.33333333,29.41176471,340.0,43.97068621,67.14922049,210.97560976,74.82014388,13.9182361,22.1405604,5.97152044,4,8.434236018524857,0.4742575369262192,6.94123091,Valdefuentes,Hortaleza,64.44444444444444,81.48148148148148,95.55555555555556,135,80.08762513612001,183.0209298788951,True,False,False,False,False
16,166,16135,345.67693832,35.80855663,25.32031727,7.07748627,26.72413793,27.95180723,357.75862069,47.92418773,61.28093159,150.66666667,66.66666667,14.83949122,24.34887947,6.72319806,0,4.776135885441349,0.0,7.07748627,Valdefuentes,Hortaleza,28.749999999999996,53.75,85.0,80,140.05121474132028,206.95953697922215,True,False,False,False,False
16,166,16136,5.69496528,33.61985259,21.41130981,5.41324311,13.39285714,25.28216704,395.53571429,36.65785997,121.66910688,111.29032258,87.33333333,37.56538279,48.5021398,17.87922016,665,369.2741849096137,1.8008299176471552,5.41324311,Valdefuentes,Hortaleza,82.55261371350984,93.22810590631364,96.38492871690427,5892,52.689651865244024,126.04743135792798,False,False,False,False,False
16,166,16129,200.89455592,31.20939722,33.65112994,2.68361582,9.21052632,7.97481637,1253.94736842,57.07154742,43.55095541,133.33333333,81.81818182,8.20869565,14.05217391,3.16521739,29,14.310989392304796,2.0264147505827705,2.68361582,Valdefuentes,Hortaleza,91.36363636363637,100.0,100.0,220,45.945852259984726,97.40856030337757,True,False,False,False,False
16,166,16122,202.14647752,35.83562786,24.36260623,8.54579792,17.12707182,35.07751938,285.08287293,49.04996481,69.97607656,167.39130435,90.27777778,16.5030388,24.7311828,8.83590463,0,10.581435941363287,0.0,8.54579792,Valdefuentes,Hortaleza,34.9112426035503,75.7396449704142,97.0414201183432,169,120.22227594725794,174.63949627650936,True,False,False,False,False
16,166,16125,47.63966825,36.89454226,22.96954315,8.75634518,27.53623188,38.12154696,262.31884058,46.46840149,62.86579213,125.21008403,80.64516129,12.51046025,22.38493724,5.81589958,83,50.168275469599884,1.654431993587161,8.75634518,Valdefuentes,Hortaleza,59.65130759651308,76.21419676214197,86.17683686176836,803,79.86475818482327,222.3407361508284,False,False,False,False,False
16,166,16130,49.05785559,31.15875117,28.93350063,3.4378921,14.59854015,11.88204683,841.60583942,47.86641929,84.5890411,103.125,114.67661692,12.63803681,22.28220859,6.20858896,165,83.0651847713962,1.9863917771819408,3.4378921,Valdefuentes,Hortaleza,72.80966767371602,86.70694864048339,94.18429003021149,1324,52.823834615563285,169.82082161711543,False,False,False,False,False
16,166,16091,58.51227401,36.41021277,21.90016103,7.52818035,9.09090909,34.375,290.90909091,41.69994295,73.22134387,100.99502488,45.78313253,17.70373344,26.45523886,5.25893216,17,42.57187729671775,0.39932464996817707,7.52818035,Valdefuentes,Hortaleza,17.033773861967695,34.65491923641703,56.53450807635829,681,185.34063583078432,284.1245348262117,False,False,False,False,False
16,166,16114,16.80089594,40.68055114,17.60966306,13.9224412,39.26940639,79.06137184,126.48401826,46.0538533,73.42995169,54.11764706,82.79569892,21.27525253,32.00757576,10.73232323,68,94.28068634035283,0.7212505831207074,13.9224412,Valdefuentes,Hortaleza,36.64021164021164,53.902116402116405,67.1957671957672,1512,139.3235413433239,361.0360404904756,False,False,False,False,False
16,166,16134,11.75962023,33.49417538,27.71123341,5.40628035,17.36526946,19.50934579,512.5748503,49.51597289,68.51549755,114.75409836,109.2,18.30357143,30.07015306,6.69642857,139,266.46453373599775,0.521645406430394,5.40628035,Valdefuentes,Hortaleza,27.570859686109163,39.37690325603186,49.23869758725697,4269,205.45710403806956,447.413214380953,False,False,False,False,False
16,166,16123,20.46224331,35.7356906,25.3458096,8.29943043,27.45098039,32.74478331,305.39215686,50.7050889,67.97116375,139.13043478,53.15789474,14.48164582,22.06534893,4.11456232,126,121.14983638464035,1.0400344215072714,8.29943043,Valdefuentes,Hortaleza,25.438596491228072,35.655314757481946,45.562435500515996,1938,221.29089028594245,484.28376534286286,False,False,False,False,False
17,172,17042,857.76393785,34.93337578,21.36075949,8.49156118,28.57142857,39.75308642,251.55279503,42.55639098,122.78056951,120.23809524,87.68115942,44.57202505,65.18789144,37.83924843,2,2.2337147966489628,0.8953694549547759,8.49156118,San Cristóbal,Villaverde,58.333333333333336,88.88888888888889,100.0,36,88.98467896005207,146.8797964510921,True,False,False,False,False
17,172,17041,31.49906643,35.32042343,17.95891319,7.02451955,23.58490566,39.11439114,255.66037736,33.30388693,124.6031746,94.93670886,104.70588235,43.32460733,66.42670157,38.93979058,0,48.50937162549973,0.0,7.02451955,San Cristóbal,Villaverde,6.119791666666666,17.1875,29.557291666666668,768,281.8011325968478,438.86945456587455,False,False,False,False,False
17,172,17039,417.79751656,38.49465051,14.35316336,10.3871577,36.36363636,72.36842105,138.18181818,32.87327478,112.53333333,66.88741722,105.55555556,39.46877912,59.17986952,33.27120224,14,5.136459444986819,2.725612875940058,10.3871577,San Cristóbal,Villaverde,98.79518072289156,100.0,100.0,83,43.78238572669289,82.57046381483283,True,False,False,False,False
17,172,17033,569.30164883,35.28055431,18.79739978,8.07150596,30.20134228,42.93948127,232.88590604,36.74074074,129.59183673,136.47058824,104.80769231,43.98073836,66.55965757,38.30925629,19,3.282969588883681,5.787443192996689,8.07150596,San Cristóbal,Villaverde,98.27586206896551,100.0,100.0,58,30.831028799702906,79.67958116861514,True,False,False,False,False
17,172,17043,419.21982393,36.15067591,17.73195876,9.31958763,40.7079646,52.55813953,190.26548673,37.0830978,127.67052767,128.07017544,119.16666667,44.55768447,64.45169181,39.74724827,4,5.851345427824383,0.683603463398205,9.31958763,San Cristóbal,Villaverde,92.70833333333334,100.0,100.0,96,63.507457525578886,96.28645827485678,True,False,False,False,False
17,172,17032,510.94029783,36.80863787,17.04824203,9.56663941,30.34188034,56.11510791,178.20512821,36.26740947,118.63580999,88.61788618,100.78740157,41.90553088,64.35203876,35.93056116,33,4.8479245236792625,6.807036668746469,9.56663941,San Cristóbal,Villaverde,100.0,100.0,100.0,77,40.58603331192874,80.77925172629124,True,False,False,False,False
17,171,17007,328.67248085,41.05221062,14.62043112,14.90159325,37.10691824,101.92307692,98.11320755,41.88829787,92.82051282,89.83050847,87.75510204,33.92357875,51.25815471,24.88350419,6,3.264648130032396,1.8378703495805104,14.90159325,Villaverde Alto - Casco Histórico de Villaverde,Villaverde,81.63265306122449,100.0,100.0,49,65.75335807438493,109.42925879265418,True,False,False,False,False
17,171,17008,356.33594036,40.62993981,13.84345794,13.55140187,43.53448276,97.89029536,102.15517241,37.73129525,101.45867099,69.6969697,67.5,34.54861111,51.73611111,23.55324074,0,4.849356475979038,0.0,13.55140187,Villaverde Alto - Casco Histórico de Villaverde,Villaverde,58.75,96.25,100.0,80,94.26444773766792,135.94076536137638,True,False,False,False,False
17,171,17109,534.56808372,44.15232404,13.32263242,19.90369181,32.25806452,149.39759036,66.93548387,49.75961538,83.25991189,53.46534653,95.74468085,21.01910828,33.91719745,15.92356688,0,2.349560398828156,0.0,19.90369181,Villaverde Alto - Casco Histórico de Villaverde,Villaverde,89.47368421052632,100.0,100.0,38,74.07204757226256,98.77467947272586,True,False,False,False,False
17,171,17006,384.70179162,40.65493854,14.74703983,14.6393972,36.76470588,99.27007299,100.73529412,41.61585366,102.7820711,71.42857143,73.40425532,33.40459647,52.1111705,24.85301978,3,4.863507373140081,0.616838789341256,14.6393972,Villaverde Alto - Casco Histórico de Villaverde,Villaverde,50.0,72.5,92.5,80,99.10546680415408,189.15161833251483,True,False,False,False,False
17,172,17038,226.42136656,37.55317717,16.52937946,11.69686985,39.43661972,70.7641196,141.31455399,39.32670237,126.90972222,91.57894737,81.13207547,41.41304348,59.7826087,34.51086957,26,8.126441545555263,3.1994323535398634,11.69686985,San Cristóbal,Villaverde,97.79411764705883,100.0,100.0,136,45.870698882371585,84.38939726093656,True,False,False,False,False
17,171,17009,610.84945462,38.7832467,15.10851419,11.85308848,38.73239437,78.45303867,127.46478873,36.91428571,111.86440678,84.84848485,63.76811594,36.63366337,54.5379538,30.0330033,1,1.9841222593168906,0.5040012001802188,11.85308848,Villaverde Alto - Casco Histórico de Villaverde,Villaverde,57.57575757575758,96.96969696969697,100.0,33,89.95320172119112,137.21287370793516,True,False,False,False,False
17,172,17037,570.29188761,36.14981787,16.88311688,7.45044429,33.94495413,44.12955466,226.60550459,32.15898826,117.05882353,105.47945205,113.69863014,47.25795531,67.36628301,39.53960731,16,2.5899018241305463,6.177840353223175,7.45044429,San Cristóbal,Villaverde,100.0,100.0,100.0,40,39.55289552919524,70.11950938704939,True,False,False,False,False
17,172,17036,536.42494204,38.44512911,18.09685641,11.89464741,45.0,65.72769953,152.14285714,42.83980583,112.91989664,79.41176471,104.54545455,42.10970464,61.26582278,36.20253165,14,2.209069540068645,6.337509863797662,11.89464741,San Cristóbal,Villaverde,100.0,100.0,100.0,37,37.13404502637433,61.24292880663237,True,False,False,False,False
17,172,17035,605.56131645,35.74326743,17.76406036,8.29903978,31.40495868,46.71814672,214.04958678,35.25046382,125.52301255,86.58536585,73.19587629,42.51861882,60.05416385,36.69600542,8,2.439059365043551,3.2799529665638767,8.29903978,San Cristóbal,Villaverde,100.0,100.0,100.0,35,37.93906298252882,65.47431843220818,True,False,False,False,False
17,171,17028,306.38616036,41.4845694,14.23192771,14.53313253,50.25906736,102.11640212,97.92746114,40.38054968,84.40545809,106.84931507,98.18181818,24.40298507,38.65671642,18.58208955,14,4.373565693820406,3.201049436568699,14.53313253,Villaverde Alto - Casco Histórico de Villaverde,Villaverde,89.39393939393939,100.0,100.0,66,52.06061169974227,100.82089978885438,True,False,False,False,False
17,171,17014,651.60598324,39.39851833,15.83151779,13.21713871,32.96703297,83.48623853,119.78021978,40.94165814,99.3877551,75.0,94.28571429,35.44212797,53.27102804,26.52767793,1,2.1347256406114337,0.4684442726389783,13.21713871,Villaverde Alto - Casco Histórico de Villaverde,Villaverde,64.70588235294117,97.05882352941177,100.0,34,85.03836580974678,137.29392520686082,True,False,False,False,False
17,171,17010,552.76272339,40.58102999,14.49175824,15.52197802,39.38053097,107.10900474,93.36283186,42.88518155,106.27530364,120.63492063,88.05970149,35.17382413,52.14723926,25.83503749,9,2.6539416243845873,3.3911823520560582,15.52197802,Villaverde Alto - Casco Histórico de Villaverde,Villaverde,100.0,100.0,100.0,42,48.22214175729502,66.0164843095773,True,False,False,False,False
17,171,17015,679.45668809,38.65136043,17.12907117,12.84680338,41.31455399,75.0,133.33333333,42.8079242,103.68421053,101.2195122,78.57142857,37.23849372,54.09444112,27.19665272,3,2.462261435256922,1.2183921483897864,12.84680338,Villaverde Alto - Casco Histórico de Villaverde,Villaverde,81.57894736842105,100.0,100.0,38,64.15415907338465,111.11011817979083,True,False,False,False,False
17,171,17016,696.1864097,42.1559653,14.24606846,17.11378353,44.32432432,120.12987013,83.24324324,45.68733154,93.73368146,66.66666667,86.95652174,35.52511416,52.69406393,26.21004566,4,1.5728546043724323,2.543146702104736,17.11378353,Villaverde Alto - Casco Histórico de Villaverde,Villaverde,,,,25,,,False,False,False,False,False
17,171,17106,4.47498459,37.02284871,13.51351351,5.94594595,20.66115702,44.0,227.27272727,24.16107383,100.85784314,161.79775281,104.05405405,32.65007321,45.29038555,20.30258663,156,457.9281195324769,0.34066481909708596,5.94594595,Villaverde Alto - Casco Histórico de Villaverde,Villaverde,14.50089004518691,23.53827194303711,33.57524305080104,7303,279.4346936225471,804.4467510481028,False,False,False,False,False
17,173,17107,245.46192079,38.66643726,19.48796332,7.98624379,43.54066986,40.98039216,244.01913876,37.88198103,52.57234727,229.80769231,56.8,7.87072243,13.11787072,4.33460076,36,10.714492869228177,3.3599350374660593,7.98624379,Butarque,Villaverde,81.71428571428572,99.42857142857143,100.0,175,62.60425305002253,111.39151111303995,True,False,False,False,False
17,171,17013,569.43695278,42.20800191,12.63259402,16.29701061,41.42011834,129.00763359,77.5147929,40.70556309,98.65229111,61.01694915,80.48780488,36.04206501,51.91204589,26.29063098,2,1.8369022152528875,1.088789584656611,16.29701061,Villaverde Alto - Casco Histórico de Villaverde,Villaverde,100.0,100.0,100.0,31,45.86438378611508,78.09968629904854,True,False,False,False,False
17,171,17012,577.17727716,40.64287256,14.52196382,14.83204134,38.67595819,102.13523132,97.90940767,41.55084126,102.8189911,76.99115044,75.75757576,35.66289825,55.03597122,26.97841727,80,3.371581101680602,23.727740068338594,14.83204134,Villaverde Alto - Casco Histórico de Villaverde,Villaverde,100.0,100.0,100.0,53,26.356634837673905,64.44486906254009,True,False,False,False,False
17,171,17011,449.39738166,38.52555981,16.83765842,12.91490646,33.17757009,76.70250896,130.37383178,42.35395189,123.84615385,69.31818182,80.45977011,38.27751196,58.25358852,31.39952153,9,3.7205379208116094,2.419005044850265,12.91490646,Villaverde Alto - Casco Histórico de Villaverde,Villaverde,96.66666666666667,100.0,100.0,60,49.76401366653152,84.64488442957109,True,False,False,False,False
17,171,17027,286.39675585,44.03814883,11.32269686,18.93978384,30.16304348,167.27272727,59.7826087,43.39483395,87.41355463,42.28571429,94.11764706,17.88990826,29.00101937,12.3343527,12,6.850636258780961,1.751662115269764,18.93978384,Villaverde Alto - Casco Histórico de Villaverde,Villaverde,92.72727272727272,100.0,100.0,110,60.38373697669418,95.52530845849175,True,False,False,False,False
17,171,17019,440.54092772,41.60124571,13.23106424,15.72387344,37.19512195,118.84057971,84.14634146,40.75573549,106.40668524,57.89473684,102.27272727,33.71428571,50.47619048,26.57142857,6,2.383433488077922,2.517376729836331,15.72387344,Villaverde Alto - Casco Histórico de Villaverde,Villaverde,100.0,100.0,100.0,37,35.69317301651589,59.53033708241767,True,False,False,False,False
17,173,17110,430.61406686,37.7283664,18.98335583,6.29779577,27.14285714,33.17535545,301.42857143,33.83503913,58.64374403,223.15789474,59.81308411,9.91957105,15.95174263,5.18319929,22,5.197229194816848,4.2330247859648775,6.29779577,Butarque,Villaverde,90.12345679012346,100.0,100.0,81,56.8759571346327,99.54276267004562,True,False,False,False,False
17,171,17018,535.48882865,39.59525683,16.24441133,13.04023845,40.57142857,80.27522936,124.57142857,41.41201264,96.8879668,68.49315068,93.05555556,36.16236162,54.09594096,27.89667897,0,2.5303982595013665,0.0,13.04023845,Villaverde Alto - Casco Histórico de Villaverde,Villaverde,69.76744186046511,100.0,100.0,43,91.24864546904794,124.22219220025647,True,False,False,False,False
17,174,17061,828.36959412,38.90467827,15.9194282,11.95581546,34.7826087,75.10204082,133.15217391,38.64864865,101.81818182,105.12820513,72.4137931,39.07156673,61.63765313,32.04384268,1,1.8723526442798852,0.534087423677928,11.95581546,Los Rosales,Villaverde,100.0,100.0,100.0,31,40.35966550978724,79.17383406167036,True,False,False,False,False
17,171,17029,46.16549038,40.65357403,14.72501478,11.53163808,21.02564103,78.31325301,127.69230769,35.60545309,73.19444444,42.27642276,108.97435897,19.27144536,27.61457109,12.4559342,150,36.8673653380547,4.068638988020367,11.53163808,Villaverde Alto - Casco Histórico de Villaverde,Villaverde,69.02356902356902,85.52188552188552,95.45454545454545,594,61.373983608973546,168.5862541269136,False,False,False,False,False
17,171,17026,520.5684107,41.82906787,13.55932203,16.94915254,43.46153846,125.0,80.0,43.90243902,105.39499037,86.84210526,96.61016949,30.05817712,48.80413704,19.6509373,0,2.9717515858040042,0.0,16.94915254,Villaverde Alto - Casco Histórico de Villaverde,Villaverde,95.83333333333334,100.0,100.0,48,50.12451446667764,93.88021182490498,True,False,False,False,False
17,171,17017,441.45940683,43.95900221,13.38289963,22.60223048,26.97368421,168.88888889,59.21052632,56.21370499,95.68181818,35.71428571,87.27272727,28.16176471,41.69117647,20.66176471,16,3.0806909513562153,5.19364008030611,22.60223048,Villaverde Alto - Casco Histórico de Villaverde,Villaverde,93.75,100.0,100.0,48,46.199717151516026,83.11857687740383,True,False,False,False,False
17,171,17024,409.60862434,41.74776668,14.35849931,16.11857341,43.10344828,112.25806452,89.08045977,43.83744171,93.92764858,79.6875,79.78723404,35.15876668,51.7257248,26.09295904,27,5.305064080374719,5.089476694519565,16.11857341,Villaverde Alto - Casco Histórico de Villaverde,Villaverde,80.95238095238095,100.0,100.0,84,68.62218768050505,110.2494643786965,True,False,False,False,False
17,171,17025,453.35701389,41.27124204,15.76144835,17.46538871,32.92682927,110.81081081,90.24390244,49.76076555,97.16981132,117.77777778,68.62745098,30.78556263,46.92144374,21.97452229,25,2.077832781766762,12.031767050447021,17.46538871,Villaverde Alto - Casco Histórico de Villaverde,Villaverde,100.0,100.0,100.0,33,30.519261131810094,63.37570736719985,True,False,False,False,False
17,171,17023,451.70791015,43.96704114,11.45685997,20.32060349,29.23433875,177.36625514,56.38051044,46.57912923,99.03713893,45.45454545,102.77777778,26.41421225,39.92519869,18.84057971,2,4.735360953250725,0.42235428719051343,20.32060349,Villaverde Alto - Casco Histórico de Villaverde,Villaverde,65.82278481012658,97.46835443037975,100.0,79,83.8228876853648,130.30725717873761,True,False,False,False,False
17,171,17100,701.64985146,39.55079677,17.12887439,16.15008157,36.36363636,94.28571429,106.06060606,49.87775061,115.83113456,109.25925926,64.78873239,34.35483871,51.0483871,25.24193548,0,1.7672632544771258,0.0,16.15008157,Villaverde Alto - Casco Histórico de Villaverde,Villaverde,,,,23,,,False,False,False,False,False
17,174,17062,607.81036334,40.6737946,14.05895692,14.22902494,37.05179283,101.20967742,98.80478088,39.44664032,97.65625,79.24528302,67.90123457,37.59144626,56.10579629,25.15475521,0,2.923609249157522,0.0,14.22902494,Los Rosales,Villaverde,44.680851063829785,78.72340425531915,100.0,47,109.39462096878131,165.14518267722232,True,False,False,False,False
17,172,17031,59.24517519,36.26065982,18.75923191,9.67503693,32.82442748,51.57480315,193.89312977,39.73168215,124.30555556,97.22222222,88.0952381,40.46920821,61.29032258,35.19061584,151,23.022971839481443,6.558666754786816,9.67503693,San Cristóbal,Villaverde,100.0,100.0,100.0,363,21.63059176317182,54.648186577160246,False,False,False,False,False
17,174,17060,197.74994905,40.89085425,15.2404238,15.07742461,36.21621622,98.93048128,101.08108108,43.50877193,99.3006993,83.11688312,101.78571429,34.17004049,49.47368421,26.39676113,47,6.245260774796078,7.525706562915246,15.07742461,Los Rosales,Villaverde,92.92929292929293,100.0,100.0,99,34.73490211581506,89.75782317698157,True,False,False,False,False
17,175,17069,410.38163301,41.77383976,15.37530266,18.1598063,41.0,118.11023622,84.66666667,50.45537341,107.16981132,75.78947368,73.19587629,31.26506024,49.03614458,22.8313253,42,4.045015337108434,10.383149753400827,18.1598063,Ángeles,Villaverde,100.0,100.0,100.0,65,24.19967838575819,57.370313599355455,True,False,False,False,False
17,171,17022,160.28464342,41.65410156,15.32725766,17.14995857,28.98550725,111.89189189,89.37198068,48.09815951,91.31455399,70.78651685,92.98245614,20.06552007,31.53153153,14.41441441,34,7.61769795244993,4.463290644001611,17.14995857,Villaverde Alto - Casco Histórico de Villaverde,Villaverde,100.0,100.0,100.0,124,31.423736187732203,63.3720706588448,True,False,False,False,False
17,174,17063,511.17071161,40.80691918,15.32125206,15.73311367,36.64921466,102.68817204,97.38219895,45.04181601,91.53318078,83.87096774,78.33333333,34.44897959,55.10204082,25.71428571,0,2.3964596800689293,0.0,15.73311367,Los Rosales,Villaverde,15.384615384615385,71.7948717948718,100.0,39,133.23266866658972,164.5584298553074,True,False,False,False,False
17,174,17064,482.11669998,41.2632736,13.65439093,14.67422096,37.83783784,107.46887967,93.05019305,39.5256917,97.04049844,62.61682243,93.15068493,36.57303371,58.03370787,28.98876404,0,3.692052152675637,0.0,14.67422096,Los Rosales,Villaverde,37.28813559322034,74.57627118644068,98.30508474576271,59,110.2121486048848,180.35546280998312,True,False,False,False,False
17,174,17065,502.27266527,41.82961625,13.32378223,16.90544413,36.44067797,126.88172043,78.81355932,43.32648871,100.82474227,74.15730337,70.76923077,35.26501767,56.81978799,27.77385159,16,2.8171949179142963,5.679408229177683,16.90544413,Los Rosales,Villaverde,100.0,100.0,100.0,45,44.37447636889325,73.13076396153035,True,False,False,False,False
17,174,17066,110.56788713,39.51903018,15.78947368,14.05817175,41.37931034,89.03508772,112.31527094,42.54689042,107.58196721,81.48148148,72.09302326,41.15226337,59.05349794,32.78463649,94,13.186468855415189,7.12851947179155,14.05817175,Los Rosales,Villaverde,91.17647058823529,99.01960784313727,100.0,204,33.44773353648091,86.6307768136698,True,False,False,False,False
17,175,17068,100.77192442,38.77809553,13.39416058,11.67883212,22.1875,87.19346049,114.6875,33.46322455,126.35060639,70.48192771,113.08411215,24.80173035,36.40951694,17.7000721,101,27.527508441018377,3.6690570894349896,11.67883212,Ángeles,Villaverde,82.62806236080178,94.65478841870824,98.88641425389754,449,50.34124842582562,121.05848004814176,True,False,False,False,False
17,174,17059,458.84376268,42.71545391,13.11787072,17.74397972,36.07142857,135.26570048,73.92857143,44.63794684,98.00362976,66.66666667,103.50877193,31.18686869,49.87373737,22.97979798,17,3.4521554586223187,4.924459574246502,17.74397972,Los Rosales,Villaverde,70.9090909090909,100.0,100.0,55,74.37552554492054,128.882650861458,True,False,False,False,False
17,171,17098,391.22462367,40.5131554,18.84955752,16.72566372,15.34391534,88.73239437,112.6984127,55.21978022,83.37531486,53.39805825,90.32258065,8.69183494,13.34503951,7.37489025,13,2.9113709390765568,4.465250314040507,16.72566372,Villaverde Alto - Casco Histórico de Villaverde,Villaverde,100.0,100.0,100.0,47,24.899785139136167,45.55076979248424,True,False,False,False,False
17,173,17111,27.69522968,34.98091854,19.91247265,5.21517141,16.08391608,26.19047619,381.81818182,33.56064296,92.95112782,245.16129032,76.82119205,22.70094135,37.94351919,16.54598117,70,99.728365910468,0.701906617650219,5.21517141,Butarque,Villaverde,39.21200750469043,57.160725453408375,73.48342714196373,1599,131.2555063720296,265.19527160309406,False,False,False,False,False
17,175,17070,204.92939341,52.12402276,8.16993464,35.70261438,33.40961098,437.0,22.88329519,78.16593886,74.36548223,26.27118644,93.5483871,11.05691057,19.18699187,6.74796748,59,6.002067246195256,9.829946513411764,35.70261438,Ángeles,Villaverde,100.0,100.0,100.0,93,15.781930459347533,32.627560346767304,True,False,False,False,False
17,175,17071,336.97851588,45.56322314,11.10562685,26.30799605,35.27204503,236.88888889,42.21388368,59.77917981,109.58677686,80.53097345,92.53731343,27.68554688,43.60351563,20.1171875,36,6.077538785065007,5.923450474469482,26.30799605,Ángeles,Villaverde,100.0,100.0,100.0,98,34.453877642091086,68.37529836787782,True,False,False,False,False
17,175,17072,595.78652083,38.38427995,14.24638679,10.18582244,35.81081081,71.49758454,139.86486486,32.33151184,105.61797753,103.94736842,135.8490566,42.64202601,61.73853525,30.93771389,45,2.4522206342872357,18.35071419382283,10.18582244,Ángeles,Villaverde,100.0,100.0,100.0,37,14.170871532852923,23.357608324560545,True,False,False,False,False
17,175,17073,386.18807536,45.4488595,12.90322581,22.38514174,56.33187773,173.48484848,57.6419214,54.53172205,99.39759036,63.49206349,102.7027027,28.00387597,46.02713178,22.57751938,38,2.6722730861938895,14.220103550166456,22.38514174,Ángeles,Villaverde,100.0,100.0,100.0,48,15.121971193336549,39.23931416125164,True,False,False,False,False
17,174,17058,343.43069442,40.49960985,14.70588235,15.75163399,26.14107884,107.11111111,93.36099585,43.79699248,108.21917808,79.54545455,116.92307692,32.8580687,51.00453662,26.63642255,27,4.492900678596997,6.009480718908596,15.75163399,Los Rosales,Villaverde,84.72222222222221,100.0,100.0,72,56.828681887532895,107.508060102419,True,False,False,False,False
17,173,17101,375.63804215,42.32789466,12.42857143,18.76190476,20.55837563,150.95785441,66.24365482,45.32871972,101.81564246,73.52941176,96.2962963,25.1299008,40.81247048,16.81624941,20,5.6357444199878035,3.5487769688539714,18.76190476,Butarque,Villaverde,96.73913043478261,100.0,100.0,92,50.093052793896604,80.50100350779027,True,False,False,False,False
17,175,17102,298.17217154,53.41983818,6.87442713,41.42988084,23.45132743,602.66666667,16.59292035,93.43971631,73.53846154,29.90654206,105.26315789,7.09090909,13.09090909,4.0,9,3.6891437396933027,2.4395904944457967,41.42988084,Ángeles,Villaverde,98.21428571428571,100.0,100.0,56,36.27447473503231,76.91296590622873,True,False,False,False,False
17,174,17057,311.76559295,40.0719169,15.6626506,13.82673551,37.34439834,88.27838828,113.2780083,41.82262002,100.48939641,91.35802469,73.25581395,31.64484917,54.7524189,24.81502561,2,5.63564434228845,0.35488399879894933,13.82673551,Los Rosales,Villaverde,50.57471264367817,93.10344827586206,100.0,87,96.62998499488303,144.6874178350495,True,False,False,False,False
17,171,17113,158.37917563,42.61140887,14.84536082,12.23367698,32.02247191,82.40740741,121.34831461,37.13477851,54.89051095,55.81395349,90.19607843,9.55631399,14.19795222,4.64163823,11,9.249952762954056,1.1891952620617547,12.23367698,Villaverde Alto - Casco Histórico de Villaverde,Villaverde,95.23809523809523,100.0,100.0,147,57.53101321938392,94.21128712264536,True,False,False,False,False
17,173,17046,564.69884181,40.845596,14.10852713,15.96899225,27.83171521,113.18681319,88.34951456,43.01552106,103.15315315,95.83333333,96.15384615,29.10677618,48.10061602,19.60985626,3,3.4496263419946533,0.8696594073041926,15.96899225,Butarque,Villaverde,76.36363636363637,100.0,100.0,55,76.85302921823849,115.53161825389934,True,False,False,False,False
17,174,17055,294.0701571,47.50596163,11.09101869,28.63170585,30.10526316,258.15217391,38.73684211,65.9,83.15018315,70.65217391,69.35483871,22.30215827,35.3117506,16.60671463,31,5.672115853044631,5.465332655954141,28.63170585,Los Rosales,Villaverde,84.78260869565217,97.82608695652173,100.0,92,38.16286417689143,109.81680211495686,True,False,False,False,False
17,174,17054,361.36641359,42.66924408,14.07942238,17.11191336,41.35021097,121.53846154,82.27848101,45.33053515,82.21797323,63.38028169,57.74647887,39.33955492,55.85068198,27.42282843,53,3.854813141497535,13.74904516886915,17.11191336,Los Rosales,Villaverde,100.0,100.0,100.0,60,16.61738800844026,52.740025888457694,True,False,False,False,False
17,171,17099,33.06198541,46.53316776,10.1986755,23.44370861,15.81920904,229.87012987,43.50282486,50.69860279,72.16494845,22.58064516,54.83870968,4.98034076,11.53342071,3.66972477,10,23.077863914253392,0.43331566721926035,23.44370861,Villaverde Alto - Casco Histórico de Villaverde,Villaverde,40.41450777202073,65.02590673575129,88.60103626943005,386,119.6685936347385,202.86262348709243,False,False,False,False,False
17,175,17076,240.58846914,52.06585059,9.94897959,36.05442177,41.50943396,362.39316239,27.59433962,85.19685039,67.98941799,64.0625,90.90909091,17.82682513,31.49405772,11.7147708,77,4.896327759163972,15.72607141257787,36.05442177,Ángeles,Villaverde,100.0,100.0,100.0,76,17.530361580759532,39.6490965720171,True,False,False,False,False
17,173,17047,481.91973756,40.48117612,15.0189087,15.2350081,34.04255319,101.43884892,98.58156028,43.37722696,93.55322339,107.95454545,81.6091954,32.70877944,52.30192719,24.67880086,2,3.876164129456275,0.5159740230815634,15.2350081,Butarque,Villaverde,93.54838709677419,100.0,100.0,62,51.74527955245533,92.93837801062614,True,False,False,False,False
17,175,17079,567.32508813,46.23340453,10.33732318,23.28618063,41.12149533,225.26315789,44.39252336,50.6557377,86.54434251,56.66666667,85.71428571,22.76159655,38.83495146,15.21035599,14,1.6339837941312911,8.568016433383974,23.28618063,Ángeles,Villaverde,,,,26,,,False,False,False,False,False
17,174,17053,439.93003027,45.49038028,13.31444759,26.8177526,35.21126761,201.41843972,49.64788732,67.03470032,103.20512821,97.61904762,73.46938776,28.92018779,44.03755869,21.97183099,19,2.4208395124375044,7.8485169720603265,26.8177526,Los Rosales,Villaverde,100.0,100.0,100.0,36,26.2893348924484,54.05322519512822,True,False,False,False,False
17,174,17103,476.76884133,44.12680886,10.12540641,15.04876916,33.95061728,148.62385321,67.28395062,33.64369957,66.59772492,97.75280899,70.21276596,9.74145891,16.80517082,5.90951062,10,4.543082123276315,2.2011488519578735,15.04876916,Los Rosales,Villaverde,65.75342465753424,90.41095890410958,100.0,73,77.17738438784401,147.5555268831546,True,False,False,False,False
17,174,17051,544.74775433,40.4156835,14.74103586,14.82071713,32.25806452,100.54054054,99.46236559,41.96832579,104.62962963,90.90909091,72.4137931,36.70086819,59.0370955,26.44041042,12,2.325847128167289,5.1594104593863435,14.82071713,Los Rosales,Villaverde,100.0,100.0,100.0,39,24.734530519826198,38.97381320004797,True,False,False,False,False
17,174,17052,1022.75570987,46.00485309,12.27922624,25.48359966,37.95379538,207.53424658,48.18481848,60.67567568,95.76719577,64.17910448,87.80487805,29.04841402,45.49248748,19.86644407,14,1.1713452083037734,11.95207006504378,25.48359966,Los Rosales,Villaverde,,,,18,,,False,False,False,False,False
17,175,17078,424.67937261,52.90033605,8.14648729,37.14499253,49.69818913,455.96330275,21.93158954,82.78688525,80.2955665,48.80952381,113.33333333,19.76313842,31.82827535,15.02590674,49,3.181223499749992,15.402878799257845,37.14499253,Ángeles,Villaverde,100.0,100.0,100.0,53,13.756525724078314,30.61694410138657,True,False,False,False,False
17,175,17075,322.91253847,47.71900463,9.97340426,25.8643617,40.35989717,259.33333333,38.56041131,55.85492228,85.22072937,47.05882353,110.86956522,21.77365983,37.19391132,15.0893448,38,4.679285626906094,8.120897724536917,25.8643617,Ángeles,Villaverde,100.0,100.0,100.0,75,24.92929200777439,57.1331771627479,True,False,False,False,False
17,175,17074,201.74208205,46.54237392,11.87904968,23.11015119,56.07476636,194.54545455,51.40186916,53.82059801,81.3253012,62.5,97.05882353,20.04310345,33.62068966,14.33189655,21,4.599932699039241,4.5652841843503795,23.11015119,Ángeles,Villaverde,100.0,100.0,100.0,75,22.160020306999265,43.47731019701534,True,False,False,False,False
17,174,17050,595.48504916,43.4542173,14.86486486,21.08108108,34.93589744,141.81818182,70.51282051,56.11814346,90.7444668,53.33333333,100.0,29.91281019,46.88128773,20.85848424,14,2.5038411999103034,5.591408912235141,21.08108108,Los Rosales,Villaverde,100.0,100.0,100.0,39,24.038502449214928,47.883477368571604,True,False,False,False,False
17,174,17049,824.58096574,40.76574018,15.55197421,14.50443191,33.88888889,93.2642487,107.22222222,42.97235023,87.47300216,86.56716418,80.32786885,30.63352045,52.52606255,24.45870088,16,1.5122832709082952,10.580028429720189,14.50443191,Los Rosales,Villaverde,,,,24,,,False,False,False,False,False
17,175,17082,335.62658296,44.6654106,11.80124224,19.50310559,54.77707006,165.26315789,60.50955414,45.56962025,95.75221239,49.13793103,67.1641791,26.57213317,40.44389642,17.01602959,4,4.832751561760495,0.8276858325700615,19.50310559,Ángeles,Villaverde,98.68421052631578,100.0,100.0,76,44.60960171893146,79.80184828894598,True,False,False,False,False
17,174,17108,256.01843,42.2721703,13.14741036,10.69057105,38.50931677,81.31313131,122.98136646,31.29904098,52.93333333,113.88888889,84.44444444,6.79867987,13.00330033,2.83828383,26,5.917542733167206,4.393715630353243,10.69057105,Los Rosales,Villaverde,98.94736842105263,100.0,100.0,95,31.6602745571531,67.44473441286159,True,False,False,False,False
17,174,17097,170.06769153,50.89937773,6.44019816,30.07784855,20.70588235,467.03296703,21.41176471,57.52508361,67.97752809,23.62637363,54.28571429,8.52713178,12.19168428,4.51021846,37,8.343736468854209,4.434464120255343,30.07784855,Los Rosales,Villaverde,98.50746268656717,100.0,100.0,134,33.48269842647826,68.00496964347049,True,False,False,False,False
17,175,17084,374.55773025,42.14481552,13.87434555,16.92844677,49.48453608,122.01257862,81.95876289,44.51450189,101.78117048,73.75,75.92592593,30.25862069,46.98275862,19.56896552,15,3.0969858751242176,4.843418925634706,16.92844677,Ángeles,Villaverde,100.0,100.0,100.0,50,25.295970634253464,46.97089657646478,True,False,False,False,False
17,175,17083,377.0081172,41.72545809,15.41476159,16.00261267,42.04081633,103.81355932,96.32653061,45.80952381,91.2568306,60.78431373,82.85714286,25.01624431,44.83430799,17.99870045,34,4.0821402240574916,8.328964252532534,16.00261267,Ángeles,Villaverde,100.0,100.0,100.0,66,17.76161062649734,34.855118681987555,True,False,False,False,False
17,175,17085,260.41287401,49.96439586,8.08344198,30.11734029,51.51515152,372.58064516,26.83982684,61.81434599,80.91603053,57.89473684,80.0,22.76843467,36.73997413,13.97153946,26,2.9683632306918573,8.759035865681437,30.11734029,Ángeles,Villaverde,100.0,100.0,100.0,48,21.12516371982369,46.3771520234907,True,False,False,False,False
17,174,17105,281.42703134,45.97749509,6.38157895,16.51315789,23.10756972,258.7628866,38.64541833,29.69283276,78.93129771,25.36585366,112.5,14.27635887,23.05173543,9.69220694,52,5.425918017686585,9.583631715499255,16.51315789,Los Rosales,Villaverde,100.0,100.0,100.0,86,27.42340541375421,66.50628738656013,True,False,False,False,False
17,173,17114,212.03889623,38.56883863,17.93960924,7.28241563,17.07317073,40.59405941,246.34146341,33.72921615,56.69975186,162.02531646,57.8313253,10.65959953,18.90459364,5.94817432,15,8.00796471857236,1.8731351257344404,7.28241563,Butarque,Villaverde,89.76377952755905,100.0,100.0,127,54.35692309111226,100.09388900823328,True,False,False,False,False
17,173,17045,30.33014698,40.86420312,15.39240506,13.01265823,17.89883268,84.53947368,118.28793774,39.67468175,71.18644068,90.78947368,87.5,11.86525892,19.15535445,8.1950729,181,65.5783172166556,2.760058624286101,13.01265823,Butarque,Villaverde,70.59942911512846,80.30447193149382,85.91817316841104,1051,53.92513570627437,240.12186242855353,False,False,False,False,False
17,174,17096,154.16594316,46.156698,7.19665272,18.66108787,22.86995516,259.30232558,38.56502242,34.8758465,76.84630739,41.17647059,67.74193548,8.73544093,17.05490849,5.07487521,22,7.796793347313565,2.821672836510441,18.66108787,Los Rosales,Villaverde,97.5,100.0,100.0,120,50.80459953420452,81.29174039850592,True,False,False,False,False
17,175,17087,251.32089482,46.94558637,11.44430845,23.62301102,48.96373057,206.4171123,48.44559585,54.00565504,76.83333333,43.24324324,59.01639344,21.53284672,38.92944039,17.33576642,77,6.541437794874476,11.771112470156503,23.62301102,Ángeles,Villaverde,100.0,100.0,100.0,103,14.527525597226305,27.2582645854303,True,False,False,False,False
17,174,17112,212.94041869,39.58793963,16.56746032,8.63095238,18.96551724,52.09580838,191.95402299,33.68700265,57.57575758,158.92857143,60.91954023,6.1850569,12.56803563,3.3151905,27,9.490917752808047,2.844824989871143,8.63095238,Los Rosales,Villaverde,92.76315789473685,100.0,100.0,152,48.733029764285114,94.09218940798857,True,False,False,False,False
17,175,17089,270.61939454,44.84940617,10.87489779,19.46034342,42.85714286,178.94736842,55.88235294,43.54460094,89.33333333,50.0,88.63636364,22.98943948,42.16084484,16.00324939,59,4.548824012054528,12.970385278403414,19.46034342,Ángeles,Villaverde,100.0,100.0,100.0,73,12.88675676885913,20.810544304970865,True,False,False,False,False
17,175,17091,310.06982366,44.19124428,11.14754098,18.27868852,36.32286996,163.97058824,60.98654709,41.69570267,86.76789588,60.22727273,82.22222222,28.92156863,44.93464052,21.32352941,46,3.947497971734534,11.652950889240751,18.27868852,Ángeles,Villaverde,100.0,100.0,100.0,63,19.632646281448693,37.41538727258079,True,False,False,False,False
17,175,17086,280.41489117,49.18667195,10.75794621,28.60635697,55.55555556,265.90909091,37.60683761,64.91935484,74.03508772,71.42857143,72.4137931,20.97560976,35.97560976,15.97560976,27,2.924238426052148,9.233173245880364,28.60635697,Ángeles,Villaverde,100.0,100.0,100.0,49,15.28170965489725,26.64977257624499,True,False,False,False,False
17,175,17090,246.84717201,45.48047545,14.37229437,23.29004329,49.07063197,162.04819277,61.71003717,60.41666667,78.21782178,70.0,83.67346939,21.18863049,37.81223084,16.19293712,28,4.703314972350877,5.953247903787453,23.29004329,Ángeles,Villaverde,100.0,100.0,100.0,74,18.099345331722446,42.436177534127125,True,False,False,False,False
17,175,17093,196.530151,49.13517398,8.7020649,28.02359882,34.21052632,322.03389831,31.05263158,58.04195804,76.54320988,36.36363636,94.11764706,15.20467836,26.9005848,12.57309942,16,3.480381999951926,4.597196514698963,28.02359882,Ángeles,Villaverde,98.18181818181819,100.0,100.0,55,39.82300967966053,76.7395621962277,True,False,False,False,False
17,175,17080,60.61985898,34.66508428,18.52340145,4.31773237,15.26717557,23.30960854,429.00763359,29.60273387,116.96014829,92.0,135.22012579,14.14271876,25.41168873,9.36390055,202,51.08886843713049,3.9538945797670073,4.31773237,Ángeles,Villaverde,53.30882352941176,65.68627450980392,76.59313725490196,816,85.84682366269425,270.8472942415929,False,False,False,False,False
17,174,17048,81.47156118,44.35574507,9.5159516,15.40154015,27.14285714,161.84971098,61.78571429,33.18681319,77.04280156,50.83798883,134.09090909,11.62280702,19.79166667,8.22368421,69,22.388180287381786,3.0819833999143347,15.40154015,Los Rosales,Villaverde,89.6358543417367,99.15966386554622,100.0,357,38.41120764872553,100.5342685675041,False,False,False,False,False
17,175,17095,330.38230491,47.12732488,12.18097448,26.91415313,37.06896552,220.95238095,45.25862069,64.19047619,84.21052632,48.93617021,76.31578947,21.31336406,34.56221198,13.70967742,25,2.6272593510112823,9.51561938122973,26.91415313,Ángeles,Villaverde,100.0,100.0,100.0,41,22.592587279090147,59.22499894421158,True,False,False,False,False
17,175,17094,425.2492233,46.15586899,10.7617896,24.30471584,41.29353234,225.84269663,44.27860697,54.00372439,88.42105263,82.60869565,73.07692308,25.0,38.34134615,15.02403846,12,1.9564997522027927,6.133402259054409,24.30471584,Ángeles,Villaverde,97.05882352941177,100.0,100.0,34,29.613517475210465,87.84945445615134,True,False,False,False,False
17,175,17092,130.65338645,48.13833177,9.90566038,28.89150943,34.28571429,291.66666667,34.28571429,63.3911368,82.10526316,48.07692308,86.20689655,18.87456038,28.25322392,15.12309496,47,6.528724766958977,7.198955642587487,28.89150943,Ángeles,Villaverde,99.05660377358491,100.0,100.0,106,31.475261571550863,73.48137531648362,True,False,False,False,False
17,174,17104,115.88804814,45.21458585,9.6807415,17.97116375,20.34383954,185.63829787,53.86819484,38.22064057,77.84810127,29.20353982,70.68965517,13.6852896,24.19272168,8.91850333,23,16.835213219442096,1.3661840631420408,17.97116375,Los Rosales,Villaverde,77.90262172284645,100.0,100.0,267,61.34788423364887,115.75700925674164,True,False,False,False,False
17,171,17021,4.47792358,42.54437012,17.53355705,20.21812081,38.17427386,115.31100478,86.7219917,60.64690027,85.03740648,74.44444444,112.28070175,12.03319502,19.8340249,8.9626556,262,269.097938149292,0.9736232161490803,20.21812081,Villaverde Alto - Casco Histórico de Villaverde,Villaverde,34.35825762869788,45.56254367575122,54.34428138830655,4293,174.09956432485367,446.5502241375026,False,False,False,False,False
17,171,17120,92.90061933,38.10974041,15.91629677,7.22891566,22.80701754,45.41832669,220.1754386,30.11551155,78.76106195,143.43434343,80.88235294,17.15901948,30.7982401,12.50785669,15,17.125828874420346,0.8758700154013831,7.22891566,Villaverde Alto - Casco Histórico de Villaverde,Villaverde,33.33333333333333,43.262411347517734,52.12765957446809,282,181.63817119369088,384.31006456182075,False,False,False,False,False
17,173,17117,8.34160259,32.47342825,22.74019329,4.15008528,8.90410959,18.25,547.94520548,36.7807154,120.77253219,184.84848485,88.88888889,23.62668161,36.60313901,15.55493274,42,428.3598171911591,0.0980484123730428,4.15008528,Butarque,Villaverde,5.509400961958899,9.765340329398047,14.283632123597142,6861,621.105706140704,1165.7869440425234,False,False,False,False,False
17,171,17119,196.59170524,39.57469337,18.767507,11.69467787,25.1497006,62.31343284,160.47904192,43.80664653,67.73648649,65.0,84.70588235,7.87292818,13.32872928,4.55801105,56,7.365519614182248,7.602993805375585,11.69467787,Villaverde Alto - Casco Histórico de Villaverde,Villaverde,99.15966386554622,100.0,100.0,119,31.109619879404054,80.13954833563065,True,False,False,False,False
17,173,17115,311.32590985,34.57857811,24.40374787,4.51448041,22.64150943,18.4991274,540.56603774,40.68304374,63.78802748,181.15942029,61.00917431,12.75789474,20.46315789,7.66315789,9,7.628661556453923,1.1797613425891087,4.51448041,Butarque,Villaverde,77.68595041322314,99.17355371900827,100.0,121,71.84551513464153,119.46974871536052,True,False,False,False,False
17,175,17118,189.45378244,36.33651394,17.30054332,11.72433514,19.51219512,67.76859504,147.56097561,40.89443997,172.4478595,61.72839506,130.27027027,26.3306111,41.31230639,20.38862292,154,18.743357636939706,8.216244014706009,11.72433514,Ángeles,Villaverde,98.67986798679867,100.0,100.0,303,23.967801671441094,64.5327416544543,True,False,False,False,False
17,174,17116,164.14882232,46.29606128,5.12820513,15.55555556,28.02197802,303.33333333,32.96703297,26.07758621,75.42533081,39.69465649,125.0,9.44680851,18.46808511,5.27659574,25,7.158138470762535,3.4925281345300414,15.55555556,Los Rosales,Villaverde,95.86776859504133,100.0,100.0,121,32.54176547100178,75.13747733311462,True,False,False,False,False
18,183,18058,70.38449871,33.02074989,22.61306533,3.83736866,8.33333333,16.96969697,589.28571429,35.96273292,114.95327103,121.05263158,92.99363057,25.77597841,38.64147548,15.11470985,209,31.583659569070907,6.61734589504848,3.83736866,Ensanche de Vallecas,Villa de Vallecas,99.80237154150198,100.0,100.0,506,23.106580659356474,50.77041308823361,False,False,False,False,False
18,183,18071,227.14620279,37.62921167,16.95288419,6.86922061,14.74358974,40.51948052,246.79487179,31.2716763,76.53061224,71.42857143,66.66666667,16.2456446,26.48083624,9.23344948,83,10.108028119957945,8.21129492468659,6.86922061,Ensanche de Vallecas,Villa de Vallecas,100.0,100.0,100.0,160,27.84313159113107,62.42237658683295,True,False,False,False,False
18,183,18057,133.95026677,34.72936809,23.35664336,3.4965035,20.0,14.97005988,668.0,36.71128107,63.1825273,88.88888889,61.60714286,10.70441989,18.64640884,5.4558011,77,10.80990619914657,7.123096036307796,3.4965035,Ensanche de Vallecas,Villa de Vallecas,100.0,100.0,100.0,174,24.451209802282186,48.47386708146677,True,False,False,False,False
18,183,18052,554.91689929,34.09366093,19.84944532,5.42789223,12.40875912,27.34530938,365.69343066,33.82820785,118.28703704,140.81632653,117.85714286,18.18537348,36.13609699,11.92804067,5,4.60789633767331,1.0850938548944609,5.42789223,Ensanche de Vallecas,Villa de Vallecas,100.0,100.0,100.0,75,39.91989604213954,66.05406774076242,True,False,False,False,False
18,183,18062,180.47214424,34.9990709,18.94029261,5.45670225,12.31884058,28.81002088,347.10144928,32.26987448,112.20865705,73.91304348,88.57142857,21.69848072,31.28165173,11.80366186,127,14.223801744208398,8.928695877788893,5.45670225,Ensanche de Vallecas,Villa de Vallecas,100.0,100.0,100.0,226,17.74164893295483,36.89354807891094,True,False,False,False,False
18,183,18049,178.4213018,38.54641776,20.26490066,8.21192053,15.32258065,40.52287582,246.77419355,39.81481481,52.75813296,123.94366197,39.13043478,7.10526316,12.36842105,4.47368421,76,8.51916214394273,8.921065090190508,8.21192053,Ensanche de Vallecas,Villa de Vallecas,100.0,100.0,100.0,137,19.383086776532945,38.457111342951684,True,False,False,False,False
18,181,18045,1.04045245,28.69576784,32.38095238,5.48440066,11.37724551,16.93711968,590.41916168,60.94080338,151.26162019,267.46987952,89.74358974,33.38714885,36.06716177,25.34711011,7,2970.9216375341175,0.0023561712000623623,5.48440066,Casco Histórico de Vallecas,Villa de Vallecas,0.42920260887860295,0.7973911213970125,1.2623606143488322,47530,2047.7232832571544,3950.2432239026953,False,False,False,False,False
18,183,18070,436.57329996,38.46282423,19.53642384,7.48344371,15.04424779,38.30508475,261.0619469,37.02359347,53.05555556,100.0,63.91752577,8.22909809,14.28571429,5.06912442,14,3.479369902260401,4.0237170502925785,7.48344371,Ensanche de Vallecas,Villa de Vallecas,100.0,100.0,100.0,56,25.1822143422873,46.689991499526826,True,False,False,False,False
18,183,18067,202.38217769,34.98815119,26.08944954,5.27522936,15.2173913,20.21978022,494.56521739,45.69757728,47.96044499,150.0,60.23391813,8.94677237,17.21404304,5.26613817,119,8.726064631304455,13.637304446851289,5.27522936,Ensanche de Vallecas,Villa de Vallecas,100.0,100.0,100.0,142,14.114284417701587,34.98701513067349,True,False,False,False,False
18,183,18076,44.17472125,35.25704488,22.94617564,5.19357885,18.18181818,22.63374486,441.81818182,39.15900131,73.94285714,126.41509434,54.97076023,12.99672744,26.0402057,8.88265545,512,48.42135897999838,10.573846145282582,5.19357885,Ensanche de Vallecas,Villa de Vallecas,97.15025906735751,100.0,100.0,772,23.178052895975547,60.27953850541708,False,False,False,False,False
18,183,18064,162.09025734,36.39649839,19.03727832,7.23850887,11.0,38.02281369,263.0,35.64064801,89.66480447,93.38235294,110.8974359,17.46145572,30.22588741,11.72463248,153,17.206462807526393,8.892007713117843,7.23850887,Ensanche de Vallecas,Villa de Vallecas,100.0,100.0,100.0,275,18.263608625009827,39.96340253460697,True,False,False,False,False
18,183,18072,200.55912462,37.07942539,18.0,6.4375,11.65048544,35.76388889,279.61165049,32.3407775,78.31858407,65.38461538,87.23404255,16.47058824,28.29721362,8.48297214,56,8.05248827766353,6.954372123128217,6.4375,Ensanche de Vallecas,Villa de Vallecas,100.0,100.0,100.0,128,29.83849381600257,63.976515058974805,True,False,False,False,False
18,183,18075,21.26109579,34.95956963,20.2764977,4.76190476,5.37634409,23.48484848,425.80645161,33.40163934,88.65979381,88.46153846,78.32167832,18.7184662,27.74974773,10.39354188,110,93.22198805859533,1.1799791260711876,4.76190476,Ensanche de Vallecas,Villa de Vallecas,42.89544235924933,57.77479892761394,70.57640750670241,1492,123.853299210487,317.5220831751468,False,False,False,False,False
18,183,18063,53.42080836,35.31428562,25.58879694,5.41056652,20.0,21.14427861,472.94117647,44.92619926,50.55555556,169.04761905,52.38095238,6.30517024,12.86254729,3.27868852,165,29.68880570540555,5.557650302179647,5.41056652,Ensanche de Vallecas,Villa de Vallecas,81.9327731092437,97.26890756302521,100.0,476,38.89443097787154,120.01045822139312,False,False,False,False,False
18,183,18060,248.44652294,35.0514291,22.24587547,5.16232038,14.43298969,23.20574163,430.92783505,37.75659824,78.53403141,120.33898305,67.5862069,14.86344538,22.26890756,8.19327731,40,7.663621037987902,5.219464767597913,5.16232038,Ensanche de Vallecas,Villa de Vallecas,100.0,100.0,100.0,123,36.73678537938128,77.05770239694536,True,False,False,False,False
18,183,18073,62.85943086,35.25304507,21.51394422,5.74843483,22.77227723,26.71957672,374.25742574,37.48043818,87.66519824,105.12820513,64.66165414,20.61971831,29.23943662,13.63380282,231,28.237605279185832,8.180580389735526,5.74843483,Ensanche de Vallecas,Villa de Vallecas,100.0,100.0,100.0,454,23.323381161548497,49.35807977020381,False,False,False,False,False
18,183,18056,151.41972898,35.90048942,19.27272727,5.40909091,24.3697479,28.06603774,356.30252101,32.77006639,87.86848073,88.23529412,69.8630137,26.78973435,40.56731202,18.55020261,79,14.667837639251319,5.385933628593966,5.40909091,Ensanche de Vallecas,Villa de Vallecas,86.49789029535864,100.0,100.0,237,31.554831642923528,110.34758242141216,True,False,False,False,False
18,183,18074,451.09037364,34.27383625,26.53194263,4.23728814,13.84615385,15.97051597,626.15384615,44.44444444,56.63716814,148.57142857,57.14285714,11.5210356,20.97087379,7.83171521,38,3.4250354318057274,11.094775734908488,4.23728814,Ensanche de Vallecas,Villa de Vallecas,100.0,100.0,100.0,54,18.83891926979166,39.46297160678405,True,False,False,False,False
18,183,18053,144.56006518,35.32085161,20.61567164,5.44154229,18.85714286,26.39517345,378.85714286,35.23969722,90.08792966,82.78688525,62.17391304,24.82334869,37.17357911,15.3609831,129,22.516591950946257,5.7291085738478635,5.44154229,Ensanche de Vallecas,Villa de Vallecas,90.25069637883009,99.44289693593315,100.0,359,25.33707362768119,97.34387785419104,True,False,False,False,False
18,183,18054,298.13930834,36.82953824,21.69030733,7.44680851,13.49206349,34.33242507,291.26984127,41.117598,59.65379494,105.17241379,68.90756303,9.98248687,17.80502043,5.25394046,68,5.745639521709247,11.835062005381596,7.44680851,Ensanche de Vallecas,Villa de Vallecas,100.0,100.0,100.0,92,19.84117082837877,38.28276609049566,True,False,False,False,False
18,181,18025,275.79200299,43.82763243,12.22479722,16.91772885,20.54794521,138.38862559,72.26027397,41.12837285,63.06666667,78.10218978,75.0,6.28967109,10.50201962,4.09694172,76,6.283720996973124,12.094744505144211,16.91772885,Casco Histórico de Vallecas,Villa de Vallecas,100.0,100.0,100.0,100,25.399908261633996,49.11770283814392,True,False,False,False,False
18,181,18020,410.99560089,46.05892988,10.47945205,20.20547945,27.45762712,192.81045752,51.86440678,44.2687747,68.10631229,40.74074074,102.85714286,11.30020422,17.35874745,7.42001361,9,3.5742475024329767,2.518012530993932,20.20547945,Casco Histórico de Vallecas,Villa de Vallecas,93.22033898305084,100.0,100.0,59,47.3596504309986,88.9368948398125,True,False,False,False,False
18,183,18047,68.89843642,39.49896217,20.63492063,12.00828157,36.7816092,58.19397993,171.83908046,48.46311475,61.32231405,102.7027027,76.92307692,10.86657497,22.35213205,6.18982118,171,21.10352634672244,8.102911200267616,12.00828157,Ensanche de Vallecas,Villa de Vallecas,100.0,100.0,100.0,336,24.043096828215,52.708275415840575,False,False,False,False,False
18,181,18043,593.92013699,41.69794343,11.49083705,11.83754334,26.35983264,103.01724138,97.07112971,30.42635659,76.51083238,77.02702703,62.66666667,14.36301033,22.42990654,9.64092474,2,3.4230191457944406,0.5842795248332813,11.83754334,Casco Histórico de Vallecas,Villa de Vallecas,69.81132075471697,100.0,100.0,53,76.76674540391194,120.85530918683816,True,False,False,False,False
18,183,18059,99.71356504,34.5757196,23.18985652,5.07173841,21.05263158,21.8705036,457.23684211,39.39534884,76.08517609,127.35849057,77.60416667,16.80395387,29.58813839,13.17957166,291,30.437182733072166,9.560674604874247,5.07173841,Ensanche de Vallecas,Villa de Vallecas,100.0,100.0,100.0,483,21.68033440693962,50.60821505705594,False,False,False,False,False
18,183,18068,22.22504517,35.89584463,19.07142857,4.64285714,9.23076923,24.34456929,410.76923077,31.08614232,75.36945813,125.0,78.40909091,13.4180791,23.8700565,9.39265537,261,63.71190651085703,4.09656552901181,4.64285714,Ensanche de Vallecas,Villa de Vallecas,53.045186640471506,63.85068762278978,71.70923379174853,1018,88.82559863665604,323.93557993955034,False,False,False,False,False
18,181,18019,556.73567351,42.40526384,12.84302964,18.00219539,24.3902439,140.17094017,71.34146341,44.6031746,84.48023426,78.30188679,85.13513514,17.69815418,28.23018458,12.4864278,12,3.3085718908390636,3.62694249843148,18.00219539,Casco Histórico de Vallecas,Villa de Vallecas,100.0,100.0,100.0,52,45.56458663235246,85.20785856922953,True,False,False,False,False
18,183,18066,141.91793999,35.48863565,24.07407407,5.68783069,19.37984496,23.62637363,423.25581395,42.37288136,61.8902439,92.13483146,70.21276596,9.39274792,16.16426387,4.98034076,138,16.12903953136201,8.55599614172107,5.68783069,Ensanche de Vallecas,Villa de Vallecas,100.0,100.0,100.0,263,19.220710184979197,36.16367238442271,True,False,False,False,False
18,181,18022,457.65154795,41.05295581,15.91343094,16.54996817,39.23076923,104.0,96.15384615,48.06786051,97.21189591,77.02702703,116.66666667,28.28282828,41.66666667,19.63383838,29,3.4611485683380168,8.378721521892166,16.54996817,Casco Histórico de Vallecas,Villa de Vallecas,100.0,100.0,100.0,55,22.73285067976801,48.51231829394416,True,False,False,False,False
18,183,18069,134.65877862,33.82539989,27.12527964,5.81655481,13.46153846,21.44329897,466.34615385,49.12427023,74.78134111,188.63636364,69.44444444,11.20354964,17.02717693,6.60011093,176,13.389398140195471,13.144728251200586,5.81655481,Ensanche de Vallecas,Villa de Vallecas,100.0,100.0,100.0,213,15.844245011967294,30.777667203826702,True,False,False,False,False
18,181,18021,112.31824294,49.83703675,9.16179337,33.23586745,19.64809384,362.76595745,27.5659824,73.60406091,72.80701754,32.89473684,68.42105263,13.05609284,20.59961315,7.83365571,80,9.205984468182953,8.689999453778151,33.23586745,Casco Histórico de Vallecas,Villa de Vallecas,100.0,100.0,100.0,145,28.781174402432377,64.40108349701667,True,False,False,False,False
18,181,18042,106.14224307,41.2065333,14.08915795,12.65822785,19.56521739,89.84375,111.30434783,36.51389932,81.08843537,49.30555556,81.25,13.4279476,19.48689956,7.31441048,98,17.25985759235645,5.677914749621076,12.65822785,Casco Histórico de Vallecas,Villa de Vallecas,100.0,100.0,100.0,275,35.24460232406702,63.27755801067047,True,False,False,False,False
18,181,18018,425.47526218,41.65362817,13.79829403,16.40742599,25.382263,118.90909091,84.09785933,43.27821711,92.39280775,72.32142857,61.8556701,21.05525137,32.95171727,14.58437033,25,4.72177862870213,5.294615009698521,16.40742599,Casco Histórico de Vallecas,Villa de Vallecas,95.0,100.0,100.0,80,33.41647871133384,86.67754373926434,True,False,False,False,False
18,183,18055,43.22334722,35.23855182,24.6201966,5.58534406,20.0,22.68602541,440.8,43.27784891,64.07563025,117.10526316,68.08510638,10.36315323,19.70770593,6.82019486,355,52.240284973164655,6.795521888564738,5.58534406,Ensanche de Vallecas,Villa de Vallecas,70.20262216924911,81.64481525625746,89.51132300357568,839,37.210348022765636,202.84056169505968,False,False,False,False,False
18,181,18017,490.84978391,41.0878798,14.26202322,15.67164179,28.57142857,109.88372093,91.00529101,42.72189349,90.74492099,67.94871795,73.13432836,22.32215863,34.26001635,15.61733442,6,2.4915973075519626,2.4080937885966427,15.67164179,Casco Histórico de Vallecas,Villa de Vallecas,100.0,100.0,100.0,40,37.51831352175531,70.01651049541123,True,False,False,False,False
18,183,18065,159.53942303,36.67679232,16.98747327,8.73816071,35.66433566,51.43884892,194.40559441,34.63595228,127.19626168,106.92307692,74.6031746,25.51390568,43.89359129,18.59129383,163,20.7346869958019,7.861223081544573,8.73816071,Ensanche de Vallecas,Villa de Vallecas,100.0,100.0,100.0,337,22.035085658457984,40.739477998495815,True,False,False,False,False
18,181,18016,443.19182013,40.69021547,15.81259151,16.3250366,37.21973094,103.24074074,96.86098655,47.3570658,105.08849558,60.0,94.28571429,24.65654375,35.14099783,16.63051338,5,3.1205449586158287,1.6022842376281083,16.3250366,Casco Histórico de Vallecas,Villa de Vallecas,88.88888888888889,100.0,100.0,45,56.84055770287412,99.95991214744903,True,False,False,False,False
18,183,18050,355.05999561,35.8685017,19.79345955,5.78313253,20.83333333,29.2173913,342.26190476,34.36632747,79.56810631,148.93617021,74.85714286,21.91967325,34.07079646,14.73791695,50,8.274657906619774,6.0425458749176455,5.78313253,Ensanche de Vallecas,Villa de Vallecas,100.0,100.0,100.0,133,33.0921593282263,63.17526959509473,True,False,False,False,False
18,183,18061,136.10898832,36.68651004,22.89230769,6.58461538,20.56074766,28.76344086,347.6635514,41.79755672,54.65587045,71.92982456,62.75862069,6.51247718,11.32075472,2.98234936,168,12.07120867098196,13.917413291334782,6.58461538,Ensanche de Vallecas,Villa de Vallecas,100.0,100.0,100.0,192,17.04269574283768,35.400392781060084,True,False,False,False,False
18,181,18003,707.63496018,42.96032193,14.67098166,20.49622438,27.36842105,139.70588235,71.57894737,54.24292845,88.40125392,79.16666667,87.23404255,22.99465241,35.29411765,16.25668449,0,1.3213027233153172,0.0,20.49622438,Casco Histórico de Vallecas,Villa de Vallecas,,,,23,,,False,False,False,False,False
18,181,18015,303.23509734,39.11361922,15.98240469,14.2228739,35.05154639,88.99082569,112.37113402,43.27731092,109.69162996,124.61538462,98.48484848,30.56358382,43.56936416,22.3265896,0,4.564115473922536,0.0,14.2228739,Casco Histórico de Vallecas,Villa de Vallecas,54.666666666666664,96.0,100.0,75,89.56381523783628,140.03948176867053,True,False,False,False,False
18,183,18051,62.31427511,38.22391949,18.23453608,7.86082474,27.04918033,43.10954064,231.96721311,35.30950305,66.95778748,60.29411765,71.71717172,6.58146965,13.61022364,3.89776358,125,25.114629880416505,4.9771786641964635,7.86082474,Ensanche de Vallecas,Villa de Vallecas,99.75062344139651,100.0,100.0,401,22.645752361301298,60.97059869312539,False,False,False,False,False
18,181,18024,278.0870963,49.02055108,9.55665025,29.95073892,28.61842105,313.40206186,31.90789474,65.30944625,75.93123209,64.9122807,36.58536585,19.64636542,27.40667976,14.04715128,42,3.660723613402077,11.47314149755422,29.95073892,Casco Histórico de Vallecas,Villa de Vallecas,100.0,100.0,100.0,60,32.57079555244884,67.04534548274675,True,False,False,False,False
18,181,18002,404.83134215,43.72511659,10.86350975,17.13091922,26.82926829,157.69230769,63.41463415,38.87814313,80.13937282,94.80519481,102.27272727,15.12838307,25.19083969,10.06245663,18,3.559507009343098,5.056880054668547,17.13091922,Casco Histórico de Vallecas,Villa de Vallecas,98.18181818181819,100.0,100.0,55,56.48741574873738,84.6168988702021,True,False,False,False,False
18,181,18023,85.42822088,43.78976975,11.09445277,17.31634183,35.06493506,156.08108108,64.06926407,39.68586387,86.15984405,63.15789474,68.62745098,22.50372578,34.64977645,14.30700447,55,15.70909456063274,3.501156593571659,17.31634183,Casco Histórico de Vallecas,Villa de Vallecas,88.4920634920635,100.0,100.0,252,44.815280965109984,104.26503768091182,False,False,False,False,False
18,181,18004,477.24891045,43.29170247,11.66134185,17.8913738,31.69642857,153.42465753,65.17857143,41.95011338,94.70198675,53.84615385,90.0,22.67303103,33.41288783,15.27446301,0,2.6338457196445053,0.0,17.8913738,Casco Histórico de Vallecas,Villa de Vallecas,36.58536585365854,90.2439024390244,100.0,41,115.3354238728304,145.60335195364502,True,False,False,False,False
18,181,18012,340.99775206,45.03125183,12.36923077,23.44615385,30.18372703,189.55223881,52.75590551,55.80057526,85.25754885,71.875,68.65671642,17.78728606,27.56723716,13.14180929,31,4.7976855862305055,6.461448847121388,23.44615385,Casco Histórico de Vallecas,Villa de Vallecas,100.0,100.0,100.0,73,26.25530422628754,50.43183223733496,True,False,False,False,False
18,181,18013,407.48368626,41.56989628,14.3525741,16.61466459,35.68075117,115.76086957,86.38497653,44.85875706,102.51716247,61.84210526,56.71641791,29.72136223,45.04643963,23.99380805,21,3.1706790813480485,6.62318685089745,16.61466459,Casco Histórico de Vallecas,Villa de Vallecas,100.0,100.0,100.0,52,35.67754941931404,75.36131550077104,True,False,False,False,False
18,182,18048,298.56369049,48.77119843,9.34283452,27.55344418,11.7816092,294.91525424,33.90804598,58.46925972,73.26086957,15.30612245,87.17948718,6.77165354,11.88976378,3.38582677,20,4.253698759886604,4.701790401474778,27.55344418,Santa Eugenia,Villa de Vallecas,100.0,100.0,100.0,68,24.532167254669588,46.718937039707335,True,False,False,False,False
18,181,18014,287.48793394,42.73503392,12.71347249,17.26755218,31.5018315,135.82089552,73.62637363,42.81842818,94.21052632,47.58064516,61.19402985,24.62311558,38.25376884,18.40452261,64,5.537623712306415,11.557303877071138,17.26755218,Casco Histórico de Vallecas,Villa de Vallecas,100.0,100.0,100.0,90,29.511963232963033,57.50205662765776,True,False,False,False,False
18,182,18035,517.22688189,49.1154837,11.0989011,34.83516484,24.60567823,313.86138614,31.86119874,84.95934959,78.90909091,85.71428571,107.40740741,14.45652174,20.76086957,5.2173913,2,1.7787165211552118,1.1244062649741806,34.83516484,Santa Eugenia,Villa de Vallecas,,,,29,,,False,False,False,False,False
18,181,18011,389.37347576,43.020038,11.69811321,19.16981132,34.64566929,163.87096774,61.02362205,44.65065502,96.98924731,93.84615385,58.49056604,25.40983607,39.49329359,16.61698957,13,3.4465624484697246,3.771874206362344,19.16981132,Casco Histórico de Vallecas,Villa de Vallecas,100.0,100.0,100.0,52,33.39400409261862,59.25089546369652,True,False,False,False,False
18,181,18005,536.82024203,39.72510613,16.95721078,14.34231379,32.0441989,84.57943925,118.2320442,45.55940023,99.76958525,83.07692308,76.71232877,27.04402516,39.46540881,19.49685535,13,2.369508264426632,5.486370398098489,14.34231379,Casco Histórico de Vallecas,Villa de Vallecas,94.44444444444444,100.0,100.0,36,36.64193178303803,78.53419378266483,True,False,False,False,False
18,181,18006,309.16646478,41.76878184,12.64705882,14.55882353,33.33333333,115.11627907,86.86868687,37.37373737,90.75144509,71.95121951,73.58490566,26.86676428,45.46120059,19.47291362,5,4.418331726204184,1.131648846180124,14.55882353,Casco Histórico de Vallecas,Villa de Vallecas,71.42857142857143,100.0,100.0,70,81.09707076323178,125.12540118980203,True,False,False,False,False
18,182,18036,201.13288582,46.34580985,9.41807044,21.51607963,33.4519573,228.45528455,43.77224199,44.78935698,79.32405567,22.92993631,105.55555556,11.28787879,19.09090909,5.53030303,52,6.562825341291058,7.923416713962163,21.51607963,Santa Eugenia,Villa de Vallecas,100.0,100.0,100.0,105,27.5874844805395,53.102827346104164,True,False,False,False,False
18,182,18034,492.10206504,49.99242766,10.85209003,33.19935691,25.18159806,305.92592593,32.68765133,78.73563218,66.1097852,47.61904762,71.42857143,13.34932054,21.02318145,7.35411671,34,2.5421555585237687,13.374476587791433,33.19935691,Santa Eugenia,Villa de Vallecas,100.0,100.0,100.0,40,18.496129350179665,37.971829207811844,True,False,False,False,False
18,182,18026,195.08186178,43.1818816,15.1421508,19.77750309,21.5625,130.6122449,76.5625,53.65622032,80.30821918,45.77464789,82.43243243,11.53374233,16.68711656,6.93251534,104,8.355466700858145,12.44694087396922,19.77750309,Santa Eugenia,Villa de Vallecas,100.0,100.0,100.0,135,17.37284375104109,36.80901875888868,True,False,False,False,False
18,181,18046,2.78989797,33.11222617,20.83459329,5.01965528,22.89156627,24.09288824,415.06024096,34.86949429,130.88512241,193.16239316,68.6746988,36.80908276,52.76366896,24.67881685,703,1199.6854498631835,0.5859869352255399,5.01965528,Casco Histórico de Vallecas,Villa de Vallecas,17.76990781730118,22.129055778344878,26.628821415551272,19201,434.4963457842011,1147.9958736523174,False,False,False,False,False
18,182,18033,305.561444,49.59523232,11.46645866,32.37129485,25.30120482,282.31292517,35.42168675,78.05555556,65.89861751,60.24096386,66.66666667,12.82051282,19.58041958,5.28360528,28,4.2119188310263835,6.647801423366178,32.37129485,Santa Eugenia,Villa de Vallecas,100.0,100.0,100.0,67,24.278060054704063,51.05797199536503,True,False,False,False,False
18,181,18007,235.72603685,42.17581685,13.04347826,16.92876966,19.67213115,129.78723404,77.04918033,42.8005284,91.64556962,51.28205128,113.88888889,26.0989011,38.82783883,18.22344322,26,4.63249632749545,5.612524686890977,16.92876966,Casco Histórico de Vallecas,Villa de Vallecas,91.8918918918919,100.0,100.0,74,41.72009843269884,94.63384847087661,True,False,False,False,False
18,182,18038,529.15576798,42.82653677,14.2303969,19.2642788,27.13567839,135.37414966,73.86934673,50.36390102,78.90625,76.31578947,63.82978723,15.2817574,23.30468004,12.22540592,27,1.9786234288074898,13.645850750020086,19.2642788,Santa Eugenia,Villa de Vallecas,100.0,100.0,100.0,34,18.251756863555222,38.749986703774546,True,False,False,False,False
18,181,18008,312.37498151,43.82292994,11.40202703,19.34121622,34.06113537,169.62962963,58.95196507,44.3902439,81.4159292,71.05263158,75.55555556,22.76897415,36.11342786,16.84737281,13,3.838335561343787,3.3868847036002108,19.34121622,Casco Histórico de Vallecas,Villa de Vallecas,100.0,100.0,100.0,61,42.28908634554147,74.8589727420789,True,False,False,False,False
18,181,18009,387.42091255,44.09788085,13.13378131,19.42577886,37.42138365,147.90697674,67.61006289,48.27898551,74.6835443,63.55140187,54.21686747,23.70820669,37.99392097,13.31306991,10,4.2460278903872295,2.355142325522506,19.42577886,Casco Histórico de Vallecas,Villa de Vallecas,97.05882352941177,100.0,100.0,68,54.538032663662634,86.21024345964678,True,False,False,False,False
18,182,18030,189.81702008,48.52150253,13.05449937,31.30544994,25.10121457,239.80582524,41.70040486,79.72665148,65.66037736,62.5,53.125,14.55696203,22.02531646,8.60759494,49,4.161902866698754,11.773460738853593,31.30544994,Santa Eugenia,Villa de Vallecas,100.0,100.0,100.0,67,16.47384897313024,42.62591627398588,True,False,False,False,False
18,181,18010,314.56368038,42.43439231,12.21922731,15.8131177,44.88636364,129.41176471,77.27272727,38.95131086,101.76322418,70.58823529,68.18181818,31.45665773,51.65326184,24.12868633,37,3.5573083283215667,10.401122586261053,15.8131177,Casco Histórico de Vallecas,Villa de Vallecas,100.0,100.0,100.0,57,27.804339534912593,43.98438497872575,True,False,False,False,False
18,182,18032,214.29513897,50.88750442,10.56547619,34.22619048,36.30434783,323.94366197,30.86956522,81.13207547,67.11711712,46.15384615,61.53846154,12.37113402,18.33578792,4.27098675,51,6.337054617858712,8.047902862676112,34.22619048,Santa Eugenia,Villa de Vallecas,100.0,100.0,100.0,100,25.589467772479296,46.335288686455634,True,False,False,False,False
18,182,18041,570.19226485,48.31679837,10.32786885,30.90163934,17.24137931,299.20634921,33.42175066,70.15341702,81.97969543,50.0,68.88888889,19.67346939,23.91836735,6.69387755,11,2.14839813782275,5.120093806796781,30.90163934,Santa Eugenia,Villa de Vallecas,100.0,100.0,100.0,34,26.965919092704862,58.552977194097565,True,False,False,False,False
18,182,18037,152.29789366,45.23003904,12.82511211,22.06278027,51.62601626,172.02797203,58.1300813,53.58126722,85.20408163,50.0,75.55555556,22.09405501,32.38686779,9.9378882,50,7.399971023459097,6.756783214622323,22.06278027,Santa Eugenia,Villa de Vallecas,100.0,100.0,100.0,118,36.375157068121794,72.05697464668903,True,False,False,False,False
18,182,18029,466.91491937,48.9877945,10.05535055,30.81180812,15.86826347,306.42201835,32.63473054,69.11076443,72.77628032,27.11864407,100.0,11.55963303,19.90825688,6.42201835,15,2.3344724162425083,6.425434670221342,30.81180812,Santa Eugenia,Villa de Vallecas,100.0,100.0,100.0,36,29.071362354817616,51.652853257870895,True,False,False,False,False
18,182,18031,248.00515436,47.43909793,11.86594203,28.44202899,25.47770701,239.69465649,41.71974522,67.52655539,73.42105263,51.28205128,82.05128205,15.8131177,25.06738544,8.80503145,52,4.487809952428995,11.586943420332533,28.44202899,Santa Eugenia,Villa de Vallecas,100.0,100.0,100.0,72,21.301407058191444,46.28993570871967,True,False,False,False,False
18,182,18044,225.75775369,49.16562278,7.13706407,26.03406326,13.08411215,364.77272727,27.41433022,49.63592233,83.51893096,10.57268722,138.46153846,8.4006462,12.68174475,4.44264943,18,5.483754067120902,3.2824229131505196,26.03406326,Santa Eugenia,Villa de Vallecas,100.0,100.0,100.0,88,34.52838130694016,62.64367841162859,True,False,False,False,False
18,182,18028,358.91699058,48.71486585,9.87654321,31.48148148,16.66666667,318.75,31.37254902,70.52631579,77.01863354,46.15384615,96.61016949,15.92421915,22.06861239,4.71070148,33,5.441369595903058,6.06464961043016,31.48148148,Santa Eugenia,Villa de Vallecas,100.0,100.0,100.0,87,26.778538515277088,53.2177895855091,True,False,False,False,False
18,182,18040,49.50311329,44.28681171,15.30343008,22.47141601,13.69863014,146.83908046,68.10176125,60.70671378,71.30750605,34.23423423,78.76106195,4.93665356,9.48012232,2.40279598,64,46.23951601802511,1.384097531969225,22.47141601,Santa Eugenia,Villa de Vallecas,43.24324324324324,61.891891891891895,78.24324324324324,740,116.01683945445956,246.80487029662257,False,False,False,False,False
18,182,18039,173.24669984,50.48286527,6.45973154,27.34899329,15.95092025,423.37662338,23.6196319,51.07731305,70.04310345,9.95670996,100.0,6.94560669,10.46025105,1.92468619,45,6.897678288361425,6.5239343035075,27.34899329,Santa Eugenia,Villa de Vallecas,100.0,100.0,100.0,112,30.345187600334,68.22562254086473,True,False,False,False,False
18,182,18027,20.77614754,43.5678717,10.70438159,15.3078203,23.55072464,143.00518135,69.92753623,35.15742129,79.30107527,48.88888889,89.47368421,12.44493392,20.31938326,8.25991189,138,87.4079276004501,1.5788041632883811,15.3078203,Santa Eugenia,Villa de Vallecas,59.471050750536094,76.4832022873481,87.63402430307362,1399,79.81767920099342,216.34210753115565,False,False,False,False,False
19,191,19005,367.53554596,43.76052635,10.90379009,17.02623907,35.2739726,156.14973262,64.04109589,38.75404531,85.58558559,55.46875,81.03448276,22.69832079,32.65778807,13.20208454,38,4.698865236235334,8.087058915195676,17.02623907,Casco Histórico de Vicálvaro,Vicálvaro,100.0,100.0,100.0,72,25.7671406999726,58.14835244332804,True,False,False,False,False
19,191,19006,232.68754645,43.31718769,12.36306729,16.82316119,33.02325581,136.07594937,73.48837209,41.21546961,79.92047714,72.5,79.24528302,22.35202492,32.78816199,13.94080997,2,5.518129438292397,0.362441661139958,16.82316119,Casco Histórico de Vicálvaro,Vicálvaro,97.77777777777777,100.0,100.0,90,59.53336131181999,87.95694661173287,True,False,False,False,False
19,191,19007,316.99747477,45.07591348,12.05951449,21.29992169,34.55882353,176.62337662,56.61764706,50.05875441,79.9154334,61.33333333,81.25,20.42088854,32.34606391,12.31488698,16,4.04735085323277,3.9532031148770317,21.29992169,Casco Histórico de Vicálvaro,Vicálvaro,90.625,100.0,100.0,64,38.63645580935728,94.92711677763687,True,False,False,False,False
19,191,19004,366.25523307,41.18807924,15.3907496,16.8261563,31.27962085,109.32642487,91.46919431,47.52941176,97.21577726,83.87096774,98.36065574,26.94136292,40.25356577,17.19492868,13,3.4456845556516322,3.7728352059033736,16.8261563,Casco Histórico de Vicálvaro,Vicálvaro,98.18181818181819,100.0,100.0,55,41.00953303763213,72.44827612754169,True,False,False,False,False
19,191,19003,326.70879519,44.71259143,12.56544503,21.78010471,35.57692308,173.33333333,57.69230769,52.39616613,85.20710059,74.6031746,77.5,28.49686848,35.28183716,18.89352818,46,2.9322739825337676,15.68748359600816,21.78010471,Casco Histórico de Vicálvaro,Vicálvaro,100.0,100.0,100.0,47,20.25733232769069,37.27215246112533,True,False,False,False,False
19,191,19002,99.6988647,41.71157746,15.43583535,15.37530266,40.5511811,99.60784314,100.39370079,44.53193351,71.87969925,176.8115942,37.03703704,18.74623267,25.3164557,11.15129596,24,16.64010935984452,1.4422982133708915,15.37530266,Casco Histórico de Vicálvaro,Vicálvaro,61.42322097378277,92.88389513108615,100.0,267,86.57399725082065,142.2293717641566,False,False,False,False,False
19,191,19001,1.6816135,33.49188427,24.7631493,5.88043123,18.33333333,23.74670185,421.11111111,44.18276024,98.59681946,133.77483444,77.95918367,32.36621534,42.74661509,25.17730496,199,1802.576356374025,0.11039754254865448,5.88043123,Casco Histórico de Vicálvaro,Vicálvaro,6.3184907754196145,9.252323484533221,12.127202108475517,28836,729.8429089182789,1654.586556504073,False,False,False,False,False
19,192,19039,268.02982051,39.92343049,12.01413428,10.83627797,20.10869565,90.19607843,110.86956522,29.61832061,110.61093248,59.09090909,78.68852459,22.72196262,32.18457944,17.46495327,4,6.387348977567518,0.6262378983907205,10.83627797,Valdebernardo,Vicálvaro,83.33333333333334,100.0,100.0,102,65.20469564966797,107.69852413310058,True,False,False,False,False
19,193,19042,222.40123498,40.07068484,15.54726368,7.33830846,31.63841808,47.2,211.86440678,29.67741935,53.71900826,227.04918033,65.33333333,3.84138786,7.97191243,2.27178852,34,10.885730918587864,3.1233548077091915,7.33830846,Valderrivas,Vicálvaro,96.57142857142857,100.0,100.0,175,35.21479802620321,76.86415153145913,True,False,False,False,False
19,193,19049,405.82037326,39.10367033,18.36538462,7.98076923,36.14457831,43.45549738,230.12048193,35.77023499,55.21783181,213.0952381,80.8988764,6.02006689,12.37458194,2.91447683,18,5.157454228266352,3.4900939888807496,7.98076923,Valderrivas,Vicálvaro,100.0,100.0,100.0,82,33.259078394222186,56.410602288813244,True,False,False,False,False
19,192,19037,155.64128445,48.55916947,5.36246276,21.49950348,24.94226328,400.92592593,24.94226328,36.72776646,71.67832168,25.32051282,58.06451613,7.38354807,14.76709613,5.74826561,37,12.965711553640547,2.853680636571854,21.49950348,Valdebernardo,Vicálvaro,81.81818181818183,100.0,100.0,209,59.58936566216105,113.28302628658544,True,False,False,False,False
19,193,19051,238.90105913,38.54281227,18.57519789,7.07124011,29.10447761,38.06818182,262.68656716,34.49254791,56.55555556,183.83838384,67.6056338,6.13529103,11.27425275,3.72312533,42,7.982384033693384,5.261585990190319,7.07124011,Valderrivas,Vicálvaro,97.70992366412213,100.0,100.0,131,31.24492438791409,74.8530193104319,True,False,False,False,False
19,194,19060,62.42723834,32.95919376,19.57385338,4.11700975,8.77192982,21.03321033,475.43859649,31.04590629,141.76201373,65.71428571,199.27007299,22.45970568,34.7932726,12.2284513,109,45.71722577027735,2.3842216618241383,4.11700975,El Cañaveral,Vicálvaro,73.44173441734418,86.31436314363144,97.01897018970189,738,51.56757376232214,166.47815564328826,False,False,False,False,False
19,193,19041,368.82002801,40.44999324,18.33558863,9.74289581,28.47222222,53.13653137,188.19444444,39.04045155,45.61643836,254.71698113,46.15384615,5.94594595,11.28378378,3.58108108,18,4.012797265826587,4.485648989369569,9.74289581,Valderrivas,Vicálvaro,100.0,100.0,100.0,63,27.351332106386604,56.527177372925735,True,False,False,False,False
19,193,19046,323.60825909,37.98957121,18.79581152,7.59162304,21.37931034,40.38997214,247.5862069,35.84637269,59.59137344,188.54166667,49.57983193,5.11215441,10.53729786,1.93009911,19,5.923829031323682,3.2073849362520246,7.59162304,Valderrivas,Vicálvaro,100.0,100.0,100.0,95,30.110425105388096,65.67423456863987,True,False,False,False,False
19,192,19036,162.10544777,48.13947456,7.18987342,22.78481013,16.88888889,316.90140845,31.55555556,42.8054953,70.32019704,20.87542088,77.55102041,7.80856423,14.86146096,5.08816121,87,12.24511592478361,7.104873529528257,22.78481013,Valdebernardo,Vicálvaro,97.43589743589743,100.0,100.0,195,29.797751593451874,70.31674192372746,True,False,False,False,False
19,192,19035,119.43008306,46.91312555,6.19524406,20.65081352,16.66666667,333.33333333,30.0,36.69803251,81.52173913,32.12669683,63.63636364,11.74266084,19.11305434,8.55715178,54,13.40533271886468,4.02824764834135,20.65081352,Valdebernardo,Vicálvaro,92.48826291079813,100.0,100.0,213,40.87250518413891,95.52738570298791,True,False,False,False,False
19,194,19061,111.70595094,33.46674517,21.81906144,4.5476536,9.57446809,20.84257206,479.78723404,35.80814717,105.1212938,91.30434783,140.28776978,12.01130476,21.43193594,6.21761658,57,19.00525638803138,2.999170273540531,4.5476536,El Cañaveral,Vicálvaro,78.61842105263158,87.5,96.05263157894737,304,43.69251032580323,162.680158822544,True,False,False,False,False
19,193,19048,510.90783143,38.77224199,19.35687264,7.50315259,31.93277311,38.76221498,257.98319328,36.72413793,53.23645971,197.2972973,66.66666667,5.40540541,8.61093652,2.13702074,0,3.1140646162013863,0.0,7.50315259,Valderrivas,Vicálvaro,96.29629629629629,100.0,100.0,54,62.13856038804124,89.24279985128808,True,False,False,False,False
19,192,19043,202.73526816,46.41316641,9.30053805,19.83089931,20.93023256,213.2231405,46.89922481,41.10629067,71.05751391,32.71604938,78.57142857,6.59509202,13.65030675,4.44785276,28,6.432033320141188,4.353211279599742,19.83089931,Valdebernardo,Vicálvaro,99.03846153846155,100.0,100.0,104,44.927437023208526,78.69261427546965,True,False,False,False,False
19,194,19053,91.80857669,32.78459732,22.27304715,4.60942998,9.16030534,20.69510269,483.20610687,36.76612127,130.12181617,115.0,190.90909091,20.80329557,29.48849983,11.36285616,76,31.729063703784043,2.3952802613250816,4.60942998,El Cañaveral,Vicálvaro,82.00836820083683,89.5397489539749,95.18828451882845,478,45.09325979683183,158.7777018063491,False,False,False,False,False
19,193,19045,310.1606898,39.20128885,18.72770511,7.37217598,30.64516129,39.36507937,254.03225806,35.31777957,52.7027027,169.87951807,66.1971831,4.27046263,9.48991696,2.43179122,19,5.4358919600634374,3.495286539833707,7.37217598,Valderrivas,Vicálvaro,98.85057471264368,100.0,100.0,87,39.13697725978157,68.14629887693143,True,False,False,False,False
19,192,19034,310.35153345,46.01540493,7.79456193,17.34138973,15.33101045,222.48062016,44.94773519,33.57546408,69.95884774,35.32110092,107.69230769,9.20577617,17.8700361,6.377858,26,5.355217618922343,4.855078140639989,17.34138973,Valdebernardo,Vicálvaro,100.0,100.0,100.0,85,45.871892265016356,82.39048003908707,True,False,False,False,False
19,191,19057,194.24723909,40.99047519,15.51966292,11.65730337,40.36144578,75.11312217,133.13253012,37.31918997,64.86486486,115.94202899,80.32786885,14.185884,19.63661775,7.82669462,39,7.366900866494146,5.293949342711844,11.65730337,Casco Histórico de Vicálvaro,Vicálvaro,99.15254237288136,100.0,100.0,118,35.439496932177505,76.01815684832991,True,False,False,False,False
19,192,19044,12.34265771,40.14218538,12.19127693,10.93011035,24.51923077,89.65517241,111.53846154,30.07518797,94.8069241,90.19607843,81.42857143,17.80678851,30.70496084,11.74934726,139,155.152969813108,0.8958900378602787,10.93011035,Valdebernardo,Vicálvaro,31.602254428341386,45.69243156199678,59.70209339774557,2484,165.58600487643184,324.0688762983061,False,False,False,False,False
19,192,19050,255.52514028,44.0784887,9.38596491,13.24561404,27.81456954,141.12149533,70.86092715,29.25170068,63.33333333,71.77419355,80.76923077,4.17391304,8.43478261,1.91304348,34,4.500535636986455,7.554656321478725,13.24561404,Valdebernardo,Vicálvaro,100.0,100.0,100.0,71,27.481311831528508,76.04409773248851,True,False,False,False,False
19,192,19038,132.67942227,41.41517105,14.81481481,15.53344389,13.16725979,104.85074627,95.37366548,43.57142857,88.05970149,43.68932039,95.23809524,7.56578947,17.3245614,5.92105263,76,13.747421934232003,5.528309261444496,15.53344389,Valdebernardo,Vicálvaro,100.0,100.0,100.0,223,29.132112864535216,61.00642198144755,True,False,False,False,False
19,193,19047,163.016875,39.14128702,17.07317073,7.71691323,36.26943005,45.19906323,221.24352332,32.96119086,59.40677966,193.65079365,65.30612245,7.04617834,13.61464968,3.18471338,17,15.40944764119602,1.103219297397251,7.71691323,Valderrivas,Vicálvaro,64.60905349794238,89.30041152263375,99.58847736625515,243,77.35774104773927,152.17052644799452,True,False,False,False,False
19,194,19056,116.0338102,30.82634092,26.76422764,2.86178862,11.36363636,10.69258809,935.22727273,42.09796673,124.01656315,152.0,143.41085271,7.74091627,12.41706161,3.12796209,92,27.27652957160101,3.372863096769682,2.86178862,El Cañaveral,Vicálvaro,64.13793103448275,77.70114942528735,89.88505747126436,435,60.538083880846166,201.12360069254999,True,False,False,False,False
19,194,19058,79.11952817,31.26038493,20.41688936,2.61892036,12.24489796,12.82722513,779.59183673,29.93055556,203.15789474,123.52941176,262.5,7.17234262,13.7254902,3.35397317,41,24.494584900838507,1.6738393471855273,2.61892036,El Cañaveral,Vicálvaro,63.589743589743584,80.25641025641026,90.0,390,74.73841854493642,198.30968092164255,False,False,False,False,False
19,193,19040,355.35517897,40.2780568,14.98891353,9.62305987,22.58064516,64.20118343,155.76036866,32.64705882,62.3686724,129.78723404,52.38095238,6.60501982,12.76970498,3.08234258,27,6.390789087695147,4.2248303972330925,9.62305987,Valderrivas,Vicálvaro,100.0,100.0,100.0,101,30.290320648504466,70.8685233379286,True,False,False,False,False
19,194,19054,50.83722224,31.56748675,25.4266806,3.76175549,7.40740741,14.79452055,675.92592593,41.21987211,122.42888403,144.7761194,142.18009479,11.27717391,21.4673913,6.01222826,133,57.91031643978758,2.2966546925760136,3.76175549,El Cañaveral,Vicálvaro,81.17647058823529,97.11229946524064,100.0,935,53.603451380651045,124.63087687732538,False,False,False,False,False
19,191,19008,204.1951821,42.5049958,13.35689046,19.50530035,41.66666667,146.03174603,68.47826087,48.94736842,106.97167756,100.0,100.0,30.41958042,42.30769231,21.25874126,80,7.003103527118802,11.42350669102751,19.50530035,Casco Histórico de Vicálvaro,Vicálvaro,100.0,100.0,100.0,112,17.14560355450444,43.74204226352792,True,False,False,False,False
19,191,19009,398.06273299,44.34495897,12.52313387,21.0980876,39.47368421,168.4729064,59.35672515,50.65055762,85.51724138,76.19047619,83.05084746,26.63808941,37.5995101,13.65584813,63,4.102368457648207,15.3569823506581,21.0980876,Casco Histórico de Vicálvaro,Vicálvaro,100.0,100.0,100.0,68,27.174920145492948,60.36113139143463,True,False,False,False,False
19,191,19015,363.51490182,46.83986816,9.0729783,23.47140039,46.63865546,258.69565217,38.65546218,48.24561404,87.39726027,62.5,125.0,25.5859375,37.109375,16.30859375,21,2.8169409146085855,7.45489544743183,23.47140039,Casco Histórico de Vicálvaro,Vicálvaro,100.0,100.0,100.0,44,18.431795955792673,43.47072648330756,True,False,False,False,False
19,191,19012,286.45838013,47.05435211,10.69063387,24.97634816,40.53030303,233.62831858,42.8030303,55.44117647,78.47769029,39.43661972,75.0,25.91549296,39.24882629,12.3943662,27,3.717817574524496,7.262325129939509,24.97634816,Casco Histórico de Vicálvaro,Vicálvaro,100.0,100.0,100.0,59,22.265385691338476,42.172100801665174,True,False,False,False,False
19,191,19011,570.37418116,46.71017625,10.41033435,23.86018237,44.26751592,229.19708029,43.63057325,52.13872832,82.87526427,53.01204819,102.77777778,21.86081694,33.88804841,13.9183056,4,2.3177767221330106,1.7257917735574062,23.86018237,Casco Histórico de Vicálvaro,Vicálvaro,100.0,100.0,100.0,39,34.43631803773418,53.65604825303996,True,False,False,False,False
19,192,19033,82.50407296,45.79579703,8.65800866,17.31601732,24.16666667,200.0,50.0,35.0877193,66.73889491,43.51145038,86.36363636,7.3719483,13.40354236,4.73910962,87,25.319962093361745,3.436024101426645,17.31601732,Valdebernardo,Vicálvaro,96.01990049751244,100.0,100.0,402,37.796541474529086,82.59478762285302,False,False,False,False,False
19,191,19016,453.19691141,43.78574635,12.18220339,20.23305085,53.40314136,166.08695652,60.20942408,47.96238245,99.375,47.16981132,102.85714286,27.76617954,42.17118998,17.74530271,25,2.113871422960576,11.826641738212407,20.23305085,Casco Histórico de Vicálvaro,Vicálvaro,100.0,100.0,100.0,35,17.882980735557307,35.313687176415144,True,False,False,False,False
19,191,19028,415.77779572,42.3292926,12.87192755,16.30012937,35.71428571,126.63316583,78.96825397,41.18721461,93.80530973,72.34042553,61.29032258,32.73311897,47.78135048,22.57234727,33,3.739978459690665,8.823580230654441,16.30012937,Casco Histórico de Vicálvaro,Vicálvaro,95.0,100.0,100.0,60,19.8364928516782,73.09088771254518,True,False,False,False,False
19,191,19019,402.6998848,49.10076916,9.46341463,28.58536585,55.29010239,302.06185567,33.10580205,61.41732283,86.76470588,54.23728814,75.6097561,23.27837051,39.47623666,12.31813773,19,2.560219257373596,7.421239390055669,28.58536585,Casco Histórico de Vicálvaro,Vicálvaro,100.0,100.0,100.0,38,30.391453273240813,66.80576025817064,True,False,False,False,False
19,191,19026,207.59185124,43.33025768,11.71171171,18.41841842,51.08695652,157.26495726,63.58695652,43.12320917,110.87613293,87.75510204,107.69230769,28.54311199,44.20218038,19.22695738,47,4.86049907053373,9.66978890808407,18.41841842,Casco Histórico de Vicálvaro,Vicálvaro,64.47368421052632,86.8421052631579,100.0,76,63.52491676282341,161.746450243493,True,False,False,False,False
19,191,19027,562.17935672,42.4390077,13.76953125,18.84765625,36.78756477,136.87943262,73.05699482,48.4057971,97.70773639,64.28571429,80.0,25.50529355,40.13474495,16.07314726,30,1.8481646249992802,16.232320213363938,18.84765625,Casco Histórico de Vicálvaro,Vicálvaro,,,,29,,,False,False,False,False,False
19,191,19018,450.29402235,46.5133062,10.60728745,23.2388664,55.74912892,219.08396947,45.6445993,51.1627907,87.81609195,75.71428571,105.26315789,26.10797744,34.89121676,13.21514907,26,2.7559770691653926,9.434040758500839,23.2388664,Casco Histórico de Vicálvaro,Vicálvaro,100.0,100.0,100.0,44,17.92881407529017,47.466864498587775,True,False,False,False,False
19,191,19020,614.15694013,48.43612547,11.16322702,28.98686679,45.63106796,259.66386555,38.51132686,67.0846395,79.21348315,58.73015873,108.33333333,17.69662921,29.21348315,10.86142322,5,1.738969195362173,2.87526657363166,28.98686679,Casco Histórico de Vicálvaro,Vicálvaro,,,,29,,,False,False,False,False,False
19,191,19025,88.73641021,43.51999232,12.13425129,20.05163511,45.92274678,165.24822695,60.51502146,47.46192893,103.61757106,82.8125,112.19512195,29.60750853,40.10238908,19.11262799,101,13.207656217381151,7.647079719343766,20.05163511,Casco Histórico de Vicálvaro,Vicálvaro,86.57407407407408,98.14814814814815,100.0,216,33.51214938375291,112.07754909558122,False,False,False,False,False
19,191,19024,420.29365129,45.038824,10.77981651,20.87155963,63.18681319,193.61702128,51.64835165,46.30872483,92.8802589,100.0,113.63636364,26.17142857,43.77142857,18.4,21,2.0818777474511276,10.08704763077976,20.87155963,Casco Histórico de Vicálvaro,Vicálvaro,100.0,100.0,100.0,32,15.275521132693502,29.554110322447507,True,False,False,False,False
19,191,19014,137.09554064,42.88249248,13.4384858,17.28706625,28.46715328,128.63849765,77.73722628,44.35336976,83.61204013,43.57142857,85.52631579,19.73684211,27.2556391,11.09022556,52,11.641516511119644,4.46677200090994,17.28706625,Casco Histórico de Vicálvaro,Vicálvaro,100.0,100.0,100.0,185,26.4011458084985,61.35376013101365,True,False,False,False,False
19,191,19022,367.21620609,42.64601556,13.9494333,17.87271142,51.70731707,128.125,78.04878049,46.67519182,89.80582524,86.20689655,105.40540541,23.68193604,38.980121,12.27312014,55,3.1507324045081955,17.456258716641177,17.87271142,Casco Histórico de Vicálvaro,Vicálvaro,100.0,100.0,100.0,49,19.48433473375614,37.96149225825486,True,False,False,False,False
19,191,19021,422.04248092,50.71643305,8.25471698,31.52515723,48.87780549,381.9047619,26.18453865,66.05744125,82.38095238,55.68181818,92.85714286,19.89036805,32.65465936,11.58966327,19,3.025761760357864,6.279410444314963,31.52515723,Casco Histórico de Vicálvaro,Vicálvaro,100.0,100.0,100.0,49,21.09003793248469,46.3712834230737,True,False,False,False,False
19,191,19023,231.01068112,43.38495043,13.28056288,19.78891821,58.22222222,149.00662252,67.11111111,49.4086728,102.39361702,56.71641791,115.0,23.82608696,40.0,16.60869565,47,4.978124796855447,9.441306097767715,19.78891821,Casco Histórico de Vicálvaro,Vicálvaro,100.0,100.0,100.0,82,23.633623922659105,51.6323402997164,True,False,False,False,False
19,194,19052,17.95476149,32.67804855,21.9921875,3.0859375,15.18987342,14.03197158,712.65822785,33.47236705,118.94977169,177.41935484,190.14084507,10.20642202,17.88990826,4.66360856,74,145.6995146893163,0.5078946224206345,3.0859375,El Cañaveral,Vicálvaro,15.717344753747323,22.012847965738757,27.62312633832976,2335,381.0137039529361,735.34989807219,False,False,False,False,False
19,191,19032,26.25944009,40.03819372,17.34484176,12.53596383,30.49180328,72.27488152,138.36065574,42.61430246,70.77077077,95.17241379,72.22222222,18.55628059,26.18270799,6.52528548,323,93.37594373186361,3.4591350522520017,12.53596383,Casco Histórico de Vicálvaro,Vicálvaro,78.19397993311037,91.77257525083611,95.91973244147157,1495,54.76571281317179,140.73330394347744,False,False,False,False,False
19,194,19055,32.0397508,30.82317999,24.68619247,2.54034668,14.11764706,10.2905569,971.76470588,37.41273101,151.28998968,147.36842105,178.90295359,10.81709799,20.38383251,6.10642629,195,107.33541661625777,1.8167349244765865,2.54034668,El Cañaveral,Vicálvaro,54.07925407925408,63.98601398601399,72.26107226107226,1716,87.54611478653564,332.394664471695,False,False,False,False,False
19,191,19029,11.38387041,42.15942773,15.3617443,17.74033697,40.78212291,115.48387097,86.59217877,49.48148148,91.21813031,62.06896552,73.58490566,25.86037365,41.10127827,18.97738446,370,89.33692703416902,4.141624435531399,17.74033697,Casco Histórico de Vicálvaro,Vicálvaro,77.7855641205326,92.22144358794674,99.36930623686054,1427,45.31468746387492,141.15374741632004,False,False,False,False,False
19,194,19059,4.94141427,31.82254385,23.4704459,4.32077428,15.2,18.40942563,543.2,38.4873145,149.5818399,135.16483516,153.76344086,28.03928209,47.44327802,17.50761937,150,597.6011562010641,0.2510035304375017,4.32077428,El Cañaveral,Vicálvaro,8.675227059191982,11.473013884539096,14.218603194487942,9579,1076.450155836872,1886.5762948000029,False,False,False,False,False
20,204,20043,149.5883775,48.89983002,9.82587065,27.73631841,36.32286996,282.27848101,35.42600897,60.15936255,69.02356902,48.27586207,84.0,10.79404467,23.57320099,7.94044665,55,5.388119140543819,10.207643625795715,27.73631841,Arcos,San Blas - Canillejas,100.0,100.0,100.0,85,20.191805268225288,35.732749445775646,True,False,False,False,False
20,204,20042,497.28307854,46.50073721,10.24930748,23.13019391,38.32335329,225.67567568,44.31137725,50.1039501,77.49077491,67.9245283,66.66666667,14.10788382,27.80082988,11.2033195,13,1.4539002656687041,8.94146614246666,23.13019391,Arcos,San Blas - Canillejas,,,,23,,,False,False,False,False,False
20,204,20055,169.08041179,46.17295068,9.54545455,19.7979798,52.80612245,207.40740741,48.21428571,41.52966405,74.875,95.67901235,64.28571429,5.7372924,10.56869653,3.22093608,21,11.751804830178727,1.7869595609749946,19.7979798,Arcos,San Blas - Canillejas,69.14893617021278,91.48936170212765,100.0,188,52.0912655016718,147.6673351245454,True,False,False,False,False
20,204,20044,147.86328097,41.74524519,16.68070767,16.68070767,44.44444444,100.0,100.0,50.06321113,86.99763593,64.70588235,81.25,19.58158996,28.0334728,13.38912134,23,8.081790098117015,2.8459041525167543,16.68070767,Arcos,San Blas - Canillejas,100.0,100.0,100.0,130,40.11087265650703,65.86052954800269,True,False,False,False,False
20,204,20041,246.70526019,47.51935714,11.1627907,27.44186047,36.44067797,245.83333333,40.6779661,62.87878788,77.77777778,52.0,90.625,10.25345622,17.62672811,7.37327189,46,3.5183684342298585,13.07424189930496,27.44186047,Arcos,San Blas - Canillejas,100.0,100.0,100.0,55,18.390174006550367,34.6617671127345,True,False,False,False,False
20,204,20040,185.64677541,49.23932486,10.22067364,27.99070848,35.26970954,273.86363636,36.51452282,61.84210526,70.51282051,21.51898734,65.625,10.52023121,21.50289017,6.01156069,28,4.65938607396105,6.009375388847433,27.99070848,Arcos,San Blas - Canillejas,100.0,100.0,100.0,75,25.13812443340403,45.76585710330718,True,False,False,False,False
20,204,20058,395.14020209,45.40884038,12.06077873,21.55745489,33.92070485,178.74015748,55.94713656,50.64377682,77.86259542,35.55555556,105.40540541,19.06103286,29.57746479,14.17840376,19,2.6952458756655755,7.049449614799266,21.55745489,Arcos,San Blas - Canillejas,100.0,100.0,100.0,42,21.83200809719999,41.24259136054974,True,False,False,False,False
20,204,20046,450.30621876,39.55867238,13.67965368,12.46753247,29.16666667,91.13924051,109.72222222,35.40445487,113.25,56.06060606,139.02439024,33.3619211,51.71526587,24.01372213,11,2.5893490949500855,4.248171875106722,12.46753247,Arcos,San Blas - Canillejas,100.0,100.0,100.0,41,33.42677070799313,55.125487753318986,True,False,False,False,False
20,203,20039,463.44681278,49.07005785,12.0665742,27.8779473,44.27860697,231.03448276,43.28358209,66.51270208,65.90038314,45.90163934,82.75862069,12.53443526,19.00826446,9.50413223,14,1.5665228025887943,8.936990879969299,27.8779473,Amposta,San Blas - Canillejas,,,,25,,,False,False,False,False,False
20,204,20056,242.68232571,45.84381628,10.703125,22.265625,30.52631579,208.02919708,48.07017544,49.18414918,77.63975155,55.95238095,61.70212766,13.17829457,23.64341085,9.14728682,50,5.315591055948647,9.406291694325374,22.265625,Arcos,San Blas - Canillejas,100.0,100.0,100.0,90,26.4613705882485,59.21368006888634,True,False,False,False,False
20,204,20047,244.55516814,40.93346574,14.36464088,15.16267649,28.74493927,105.55555556,94.73684211,41.8989547,98.27288428,49.15254237,75.6097561,30.62462098,45.11825349,20.86112796,30,6.742854843613136,4.449154059488043,15.16267649,Arcos,San Blas - Canillejas,100.0,100.0,100.0,107,29.222000273821568,55.76629791989289,True,False,False,False,False
20,203,20037,408.89830048,48.53031671,9.51188986,26.40801001,32.7014218,277.63157895,36.01895735,56.0546875,74.7440273,46.03174603,95.23809524,11.84538653,21.44638404,6.98254364,18,1.9613678977176383,9.177268589409385,26.40801001,Amposta,San Blas - Canillejas,100.0,100.0,100.0,31,23.188962891793157,62.73920624306978,True,False,False,False,False
20,204,20050,475.74949494,40.86031192,15.58685446,15.11737089,37.26708075,96.98795181,103.10559006,44.30894309,98.38709677,79.03225806,89.47368421,25.69832402,40.40968343,16.85288641,6,2.2574905731375146,2.6578184074811246,15.11737089,Arcos,San Blas - Canillejas,100.0,100.0,100.0,36,51.076539419799275,78.64471519325755,True,False,False,False,False
20,203,20035,311.68103292,39.79113037,13.48402182,12.62665627,27.77777778,93.6416185,106.79012346,35.33755274,104.75161987,56.17977528,109.80392157,35.27607362,53.2208589,28.60429448,83,4.183764369010609,19.838593352624237,12.62665627,Amposta,San Blas - Canillejas,100.0,100.0,100.0,66,12.663140878733437,29.495494584920067,True,False,False,False,False
20,203,20038,104.62931608,45.40540954,12.30551627,21.35785007,37.08609272,173.56321839,57.61589404,50.74626866,73.7037037,42.37288136,63.33333333,13.04347826,27.20897616,9.39691445,70,6.814533696166045,10.272162868514835,21.35785007,Amposta,San Blas - Canillejas,100.0,100.0,100.0,111,24.187881262738905,50.961574740795356,True,False,False,False,False
20,204,20049,175.23067227,42.13220252,13.91050584,16.34241245,25.0,117.48251748,85.11904762,43.37517434,89.18205805,44.68085106,102.17391304,16.27906977,32.07364341,12.5,20,5.889379904911849,3.395943261075693,16.34241245,Arcos,San Blas - Canillejas,97.84946236559139,100.0,100.0,93,43.02119012721205,82.64204757447979,True,False,False,False,False
20,204,20051,410.17043364,41.16823848,15.01364877,13.28480437,47.94520548,88.48484848,113.01369863,39.46700508,88.51674641,79.16666667,91.30434783,23.93857272,40.46973803,19.33152665,14,2.6988780985242737,5.187340624111587,13.28480437,Arcos,San Blas - Canillejas,90.2439024390244,100.0,100.0,41,62.89501888043717,97.85686945649954,True,False,False,False,False
20,204,20048,447.61535368,40.73160224,13.77358491,13.96226415,27.02702703,101.36986301,98.64864865,38.38120104,97.42268041,57.69230769,89.58333333,30.34547152,49.11297852,20.44817927,28,2.392679319868734,11.702362187648331,13.96226415,Arcos,San Blas - Canillejas,100.0,100.0,100.0,40,16.480105615129936,33.932001143205525,True,False,False,False,False
20,203,20036,391.62601593,38.42610461,16.65351223,12.07576953,28.75816993,72.51184834,137.90849673,40.31007752,113.98104265,77.63157895,122.22222222,29.82045277,48.71194379,21.31147541,29,3.270977789768061,8.865850477711845,12.07576953,Amposta,San Blas - Canillejas,100.0,100.0,100.0,51,27.059467843547495,56.47027625265232,True,False,False,False,False
20,204,20053,355.67974196,40.04456529,15.01294219,14.27955134,32.62839879,95.11494253,105.13595166,41.42769982,109.05612245,86.46616541,70.49180328,29.08075601,47.46563574,22.03608247,91,6.545213925156368,13.90328888262059,14.27955134,Arcos,San Blas - Canillejas,100.0,100.0,100.0,108,26.277051048935068,61.690999705376974,True,False,False,False,False
20,203,20034,435.59536332,40.33258269,14.88698363,13.79579111,27.11864407,92.67015707,107.90960452,40.21857923,105.61797753,42.72727273,116.66666667,29.44358578,49.76816074,23.64760433,0,2.9706468639706687,0.0,13.79579111,Amposta,San Blas - Canillejas,100.0,100.0,100.0,49,42.14636597672389,63.20018423406254,True,False,False,False,False
20,203,20033,511.41559361,41.0012496,13.36593317,14.50692747,41.57303371,108.53658537,92.13483146,38.6440678,107.25995316,58.33333333,122.5,30.53311793,50.88852989,22.45557351,22,2.420731818672456,9.08816079100614,14.50692747,Amposta,San Blas - Canillejas,100.0,100.0,100.0,39,32.95584925326329,60.22112678652057,True,False,False,False,False
20,201,20015,574.11809185,41.64572895,12.65889831,15.94279661,29.90033223,125.94142259,79.40199336,40.05934718,102.70676692,54.62184874,107.57575758,32.31578947,51.42105263,23.42105263,10,3.309423665546254,3.0216741676528134,15.94279661,Simancas,San Blas - Canillejas,100.0,100.0,100.0,53,37.613582653107194,57.05265340886252,True,False,False,False,False
20,203,20032,287.27727364,36.64648977,16.63216011,8.48861284,40.6504065,51.0373444,195.93495935,33.5483871,125.10373444,85.26315789,90.54054054,45.77080491,58.59481583,35.06139154,5,5.103083795718698,0.979799705463355,8.48861284,Amposta,San Blas - Canillejas,100.0,100.0,100.0,80,40.20152436163424,59.28353251377862,True,False,False,False,False
20,201,20018,899.52204969,40.07788148,12.82264779,12.48959201,39.33333333,97.4025974,102.66666667,33.89074693,108.12064965,65.85365854,102.17391304,35.96707819,55.63786008,25.10288066,3,1.350717306400909,2.2210420979899435,12.48959201,Simancas,San Blas - Canillejas,,,,22,,,False,False,False,False,False
20,203,20031,174.61697233,38.97554164,13.75415282,12.09302326,39.56043956,87.92270531,113.73626374,34.85663082,119.25343811,88.23529412,112.28070175,33.83606557,52.0,26.09836066,61,8.733400766708266,6.984678893075888,12.09302326,Amposta,San Blas - Canillejas,100.0,100.0,100.0,140,30.834072425382786,61.26119839738858,True,False,False,False,False
20,201,20013,525.86010754,41.03293658,13.61702128,15.85106383,26.17449664,116.40625,85.90604027,41.77978884,115.96091205,84.0,89.18918919,28.22410148,47.99154334,22.30443975,0,1.7989575296395015,0.0,15.85106383,Simancas,San Blas - Canillejas,100.0,100.0,100.0,30,63.406761286106686,83.25182583414141,True,False,False,False,False
20,201,20006,394.59838882,42.57796904,13.22916667,17.60416667,26.62721893,133.07086614,75.14792899,44.57831325,91.35446686,52.3255814,73.17073171,18.78224974,42.00206398,11.86790506,22,2.455661319069542,8.958890148718012,17.60416667,Simancas,San Blas - Canillejas,100.0,100.0,100.0,41,26.75231765632364,55.05075839562789,True,False,False,False,False
20,201,20020,582.72054894,41.15808216,11.89217759,13.58350951,33.07392996,114.22222222,87.54863813,34.18439716,100.0,65.6,107.8125,33.64730508,52.38095238,24.43746729,13,3.2794450160734043,3.96408536697022,13.58350951,Simancas,San Blas - Canillejas,100.0,100.0,100.0,54,32.57653892080973,69.11428146634482,True,False,False,False,False
20,201,20012,813.33045051,40.10635576,13.59649123,12.6566416,29.7029703,93.0875576,107.42574257,35.59898046,103.28151986,77.06422018,95.45454545,36.63551402,55.63862928,26.91588785,1,1.9733676502626214,0.5067479442398466,12.6566416,Simancas,San Blas - Canillejas,100.0,100.0,100.0,31,42.91472940542457,73.57587172417617,True,False,False,False,False
20,202,20029,164.53703926,42.71736649,12.48348745,17.17305152,41.53846154,137.56613757,72.69230769,42.15962441,106.39534884,41.35338346,105.17241379,20.48429319,33.90052356,14.46335079,59,9.286662789529105,6.353197196577835,17.17305152,Hellín,San Blas - Canillejas,100.0,100.0,100.0,146,31.226592678127602,72.02606843824202,True,False,False,False,False
20,201,20007,414.4514113,42.36248639,12.89381564,17.61960327,31.45695364,136.65158371,73.17880795,43.91267842,101.52284264,61.53846154,89.70588235,24.37753329,42.79096699,15.51823972,8,4.16695408172109,1.9198675682780106,17.61960327,Simancas,San Blas - Canillejas,100.0,100.0,100.0,65,45.19290652329769,80.81541307899889,True,False,False,False,False
20,202,20028,369.33418434,50.25623315,10.18387553,29.7029703,49.04761905,291.66666667,34.28571429,66.35294118,66.015625,35.59322034,72.4137931,10.81460674,18.25842697,5.33707865,46,1.9277933919654873,23.861478201821498,29.7029703,Hellín,San Blas - Canillejas,100.0,100.0,100.0,32,11.076084791416367,21.94214572200159,True,False,False,False,False
20,201,20011,301.85980135,46.75574142,10.90425532,25.39893617,38.21989529,232.92682927,42.93193717,56.99373695,87.109375,43.5483871,130.43478261,17.01846966,25.06596306,12.13720317,16,2.511099512498983,6.371710846328509,25.39893617,Simancas,San Blas - Canillejas,100.0,100.0,100.0,39,30.505883039141125,52.397323657004875,True,False,False,False,False
20,201,20008,386.38944874,40.79178576,14.16430595,13.24362606,31.55080214,93.5,106.95187166,37.75609756,97.11538462,56.12244898,70.42253521,26.14517266,44.25651868,19.16842847,5,3.6724605307223994,1.3614850202396767,13.24362606,Simancas,San Blas - Canillejas,100.0,100.0,100.0,58,48.87919778021326,73.50157717538237,True,False,False,False,False
20,202,20027,432.25323645,47.36476916,10.7606679,25.04638219,40.0,232.75862069,42.96296296,55.78034682,93.29608939,30.27522936,91.89189189,9.04893813,19.57525392,6.00184672,28,2.5054757458554975,11.175522272094224,25.04638219,Hellín,San Blas - Canillejas,100.0,100.0,100.0,42,21.928756087595232,42.17586961301273,True,False,False,False,False
20,202,20023,394.88556497,40.59815248,13.94003156,14.62388217,32.37410072,104.90566038,95.32374101,39.98527246,108.92307692,54.48275862,67.70833333,28.77284595,46.84073107,21.14882507,24,4.849506211066069,4.948957472254493,14.62388217,Hellín,San Blas - Canillejas,100.0,100.0,100.0,77,26.555425057680186,45.16638820506242,True,False,False,False,False
20,201,20009,339.63526136,47.27349175,11.95266272,24.26035503,37.07317073,202.97029703,49.26829268,56.77179963,73.87096774,26.92307692,93.75,14.03301887,21.34433962,9.31603774,10,2.496796111848,4.005132799008773,24.26035503,Simancas,San Blas - Canillejas,100.0,100.0,100.0,39,25.23623189020482,43.295918704940526,True,False,False,False,False
20,202,20025,432.27373921,40.93727549,14.61601982,14.61601982,31.63841808,100.0,100.0,41.30688448,109.53545232,55.17241379,83.63636364,28.20723684,49.34210526,19.73684211,10,2.8130323211664954,3.5548827237979426,14.61601982,Hellín,San Blas - Canillejas,100.0,100.0,100.0,48,37.41725383351745,64.03833759715931,True,False,False,False,False
20,202,20022,275.65825794,39.76648576,15.15151515,13.36441336,38.95348837,88.20512821,113.37209302,39.89130435,105.35714286,82.14285714,107.69230769,29.48421863,45.34257121,22.24788299,22,4.712356559644174,4.668577116681765,13.36441336,Hellín,San Blas - Canillejas,100.0,100.0,100.0,78,31.981578210908555,58.89984404664656,True,False,False,False,False
20,201,20010,460.72786936,42.62135044,7.7540107,17.64705882,31.31313131,227.5862069,43.93939394,34.05017921,126.82926829,68.42105263,73.33333333,46.54867257,51.15044248,40.17699115,11,2.45264086489685,4.484961560184485,17.64705882,Simancas,San Blas - Canillejas,100.0,100.0,100.0,40,26.23584689879484,41.490782547437284,True,False,False,False,False
20,202,20026,144.03336335,45.51440498,14.19624217,23.52122477,40.23668639,165.68627451,60.35502959,60.55865922,80.80808081,41.74757282,110.0,16.51693158,27.02142364,10.02073255,86,10.04628348852173,8.560379577010577,23.52122477,Hellín,San Blas - Canillejas,100.0,100.0,100.0,160,32.9439651723478,74.77935198351,True,False,False,False,False
20,201,20003,351.14417025,44.87139613,11.85840708,19.2920354,46.78899083,162.68656716,61.46788991,45.24421594,83.92434988,35.78947368,105.0,24.20774648,39.87676056,16.02112676,29,3.2351384310288904,8.964067726393074,19.2920354,Simancas,San Blas - Canillejas,100.0,100.0,100.0,52,19.60348073287218,47.75420114655073,True,False,False,False,False
20,202,20021,56.67631374,39.82646269,15.2764761,13.12089972,37.14285714,85.88957055,116.42857143,39.65968586,104.27807487,76.31578947,64.0625,28.82462687,46.26865672,20.80223881,135,18.914427021664988,7.137408912538991,13.12089972,Hellín,San Blas - Canillejas,100.0,100.0,100.0,300,22.176180984229305,50.06167350854819,False,False,False,False,False
20,201,20017,124.02977164,42.49446356,12.09349593,17.02235772,29.85074627,140.75630252,71.04477612,41.07526882,96.75599436,66.66666667,85.91549296,29.09919028,47.06477733,21.15384615,62,15.931658777047334,3.8916223895858923,17.02235772,Simancas,San Blas - Canillejas,96.83794466403161,100.0,100.0,253,34.061216948123786,74.8459569636186,True,False,False,False,False
20,201,20001,91.28976049,43.45359336,11.63101604,17.51336898,38.42239186,150.57471264,66.41221374,41.13207547,91.10576923,63.82978723,110.29411765,25.39823009,41.85840708,15.97345133,22,24.756336175123483,0.8886613852863575,17.51336898,Simancas,San Blas - Canillejas,52.51256281407035,80.90452261306532,99.49748743718592,398,96.72454746042172,168.3989096126793,False,False,False,False,False
20,201,20002,81.98890242,42.45265871,12.76213301,14.0802876,22.12765957,110.3286385,90.63829787,36.69123669,71.72995781,85.03937008,92.15686275,7.87589499,14.31980907,3.81861575,48,20.44179090720741,2.3481308569238943,14.0802876,Simancas,San Blas - Canillejas,67.48466257668711,93.86503067484662,100.0,326,73.57489016957459,141.4001677739871,False,False,False,False,False
20,204,20127,79.96781667,35.9320122,22.57567984,5.69522832,21.62162162,25.22727273,396.3963964,39.41344778,60.32110092,179.74683544,69.23076923,4.16878495,7.01576004,2.08439248,29,24.597395325307023,1.178986621000613,5.69522832,Arcos,San Blas - Canillejas,70.73791348600508,94.40203562340967,99.74554707379136,393,66.62835582507654,135.14790464823625,False,False,False,False,False
20,204,20112,207.25615565,42.32338021,12.81117183,13.60048573,33.92857143,106.16113744,94.19642857,35.89108911,69.51048951,96.15384615,85.18518519,7.54375377,14.90645745,4.52625226,12,7.994937447476225,1.500949829668531,13.60048573,Arcos,San Blas - Canillejas,87.59689922480621,100.0,100.0,129,51.828611790008466,104.42924264203359,True,False,False,False,False
20,204,20111,295.65024364,40.60333316,12.10999471,7.77366473,27.21088435,64.19213974,155.78231293,24.81848185,63.96103896,164.54545455,73.33333333,5.42105263,11.31578947,3.63157895,23,6.42651254607408,3.578924001953528,7.77366473,Arcos,San Blas - Canillejas,94.23076923076923,100.0,100.0,104,44.04648966473822,80.36734123842479,True,False,False,False,False
20,204,20059,485.42921795,44.44418354,11.70068027,20.54421769,31.78807947,175.58139535,56.95364238,47.59036145,87.21804511,59.18367347,113.04347826,15.92442645,24.29149798,12.01079622,11,1.5264841352732195,7.206101750956719,20.54421769,Arcos,San Blas - Canillejas,,,,23,,,False,False,False,False,False
20,205,20114,106.66050308,41.83139662,12.41415742,10.45958796,18.68686869,84.25531915,118.68686869,29.65753425,67.81609195,90.50632911,56.4516129,5.32700422,10.17932489,2.26793249,72,17.77602716299356,4.050398851206238,10.45958796,Rosas,San Blas - Canillejas,97.54385964912281,100.0,100.0,285,36.188932009401604,79.74720371733412,True,False,False,False,False
20,205,20128,147.6771049,45.73360243,10.1461039,15.99025974,46.1928934,157.6,63.45177665,35.38461538,64.85507246,60.9929078,55.0,3.31983806,6.88259109,0.89068826,14,8.362840000392358,1.6740724442107182,15.99025974,Rosas,San Blas - Canillejas,83.08823529411765,96.32352941176471,100.0,136,41.05877669235007,119.60751454205766,True,False,False,False,False
20,205,20106,142.24435142,40.45226047,14.07894737,7.82894737,26.8907563,55.60747664,179.83193277,28.05391744,64.40443213,93.63636364,60.29411765,9.7513089,16.09947644,4.64659686,99,10.742078576422665,9.21609344929676,7.82894737,Rosas,San Blas - Canillejas,92.21556886227546,97.60479041916167,100.0,167,21.555224424775766,84.25558873371426,True,False,False,False,False
20,205,20103,279.13338278,42.89803342,9.37634409,11.48387097,19.1011236,122.47706422,81.64794007,26.35869565,74.57305503,55.2173913,110.0,5.18423308,10.32562125,2.61353899,29,8.361593933167555,3.468238260765931,11.48387097,Rosas,San Blas - Canillejas,100.0,100.0,100.0,133,35.73565166599232,63.3097017173633,True,False,False,False,False
20,205,20104,291.54796925,42.325224,12.71114865,11.48648649,22.79411765,90.3654485,110.66176471,31.92200557,61.27583109,78.18930041,46.875,3.24210526,7.45263158,1.81052632,22,8.146172330133028,2.7006548730403224,11.48648649,Rosas,San Blas - Canillejas,98.48484848484848,100.0,100.0,132,44.741270333467355,79.35748642434872,True,False,False,False,False
20,205,20102,168.99254078,47.72654634,10.97297297,24.32432432,32.88888889,221.67487685,45.11111111,54.55304929,66.94560669,32.75862069,71.875,8.18965517,13.46982759,2.96336207,51,10.98273326964739,4.643652790962973,24.32432432,Rosas,San Blas - Canillejas,95.97701149425288,100.0,100.0,174,31.481083924370854,74.19476827307142,True,False,False,False,False
20,205,20062,328.52737655,50.17430642,9.43396226,33.52685051,26.62337662,355.38461538,28.13852814,75.31806616,82.36658933,26.5625,117.07317073,11.8961788,20.25955299,6.70511896,31,4.221870379787248,7.342717139876326,33.52685051,Rosas,San Blas - Canillejas,97.05882352941177,100.0,100.0,68,33.55912493012556,84.68668539325967,True,False,False,False,False
20,205,20115,183.71821365,43.39345046,8.77021068,11.17099461,29.8245614,127.37430168,78.50877193,24.90820073,67.93422405,91.07142857,102.7027027,4.53879941,8.3943387,2.19619327,13,11.152949722972494,1.1656109211380206,11.17099461,Rosas,San Blas - Canillejas,89.8876404494382,99.43820224719101,100.0,178,53.4844347265436,100.13586570822173,True,False,False,False,False
20,204,20109,101.03339698,44.63340044,9.41306755,16.38981174,25.33783784,174.11764706,57.43243243,34.7761194,71.35549872,57.5,97.77777778,8.74587459,16.99669967,6.32563256,70,17.994050031018926,3.890174801077632,16.38981174,Arcos,San Blas - Canillejas,85.41666666666666,98.61111111111111,100.0,288,44.3959560714947,112.2452263804999,True,False,False,False,False
20,205,20110,216.4302635,44.41269118,11.08860759,16.10126582,26.72955975,145.20547945,68.86792453,37.34353268,64.71935853,69.94818653,72.88135593,4.3324937,9.62216625,1.46095718,28,9.171545457271346,3.052920593420944,16.10126582,Rosas,San Blas - Canillejas,100.0,100.0,100.0,150,34.42019565774807,59.944552350331875,True,False,False,False,False
20,205,20064,275.95569844,52.08905481,9.01554404,38.34196891,35.40540541,425.28735632,23.51351351,89.96062992,84.72727273,81.13207547,65.625,14.37435367,23.16442606,9.82419855,12,3.504185655391321,3.4244760923376165,38.34196891,Rosas,San Blas - Canillejas,90.9090909090909,100.0,100.0,55,41.256593412668735,96.74379078672142,True,False,False,False,False
20,205,20063,184.00223467,52.39877178,8.68421053,40.1754386,26.41921397,462.62626263,21.61572052,95.54030875,78.28746177,35.80246914,80.0,9.49477352,16.11498258,5.31358885,32,6.239054661846551,5.128982151044189,40.1754386,Rosas,San Blas - Canillejas,93.0,100.0,100.0,100,32.877266997727965,83.55729187091585,True,False,False,False,False
20,205,20107,153.31991809,42.35680829,9.17116233,9.56351153,26.66666667,104.27807487,95.8974359,23.05371153,69.77459016,90.60773481,116.66666667,4.43902439,9.80487805,2.09756098,71,13.370735032724088,5.31010448013753,9.56351153,Rosas,San Blas - Canillejas,93.45794392523365,99.53271028037383,100.0,214,33.22684703810525,81.3483985218843,True,False,False,False,False
20,205,20113,217.34975167,40.93388011,14.10314925,10.31492469,23.89380531,73.13915858,136.72566372,32.30676329,67.44186047,99.375,74.02597403,4.08719346,8.35603996,2.17983651,52,10.131136488973501,5.132691683365989,10.31492469,Rosas,San Blas - Canillejas,95.06172839506173,100.0,100.0,162,38.35951939346981,88.15964014820938,True,False,False,False,False
20,205,20065,302.92407329,48.15630124,10.00565291,26.56868287,30.0,265.53672316,37.65957447,57.66488414,72.35023041,36.80981595,81.48148148,14.13288288,23.02927928,7.82657658,54,5.862855271647146,9.210529255454214,26.56868287,Rosas,San Blas - Canillejas,94.6236559139785,100.0,100.0,93,30.058679278864567,85.55152333301889,True,False,False,False,False
20,205,20066,274.32843197,51.10262631,8.83040936,34.44444444,24.6179966,390.06622517,25.63667233,76.28865979,77.3308958,29.60526316,81.25,11.69965076,20.02328289,7.97438882,37,6.262566324776727,5.908121061108143,34.44444444,Rosas,San Blas - Canillejas,100.0,100.0,100.0,100,29.916772088075888,72.05086419466818,True,False,False,False,False
20,205,20117,86.84168397,41.66780262,13.36930456,14.02877698,23.93162393,104.93273543,95.2991453,37.7374071,75.0,81.94444444,78.46153846,14.38763377,17.47919144,9.92865636,67,19.368578809653865,3.4592109549413737,14.02877698,Rosas,San Blas - Canillejas,94.51612903225806,100.0,100.0,310,36.34788565709875,90.73514904752336,False,False,False,False,False
20,207,20073,480.98326492,41.92651592,11.70915958,16.33616619,34.10404624,139.51612903,71.67630058,38.97637795,109.91735537,67.1641791,60.86956522,30.05617978,43.16479401,18.6329588,13,2.2204514749055835,5.854665209719468,16.33616619,Canillejas,San Blas - Canillejas,100.0,100.0,100.0,36,24.685810684467626,50.00921377442657,True,False,False,False,False
20,201,20122,218.75663082,39.99989583,15.5088853,9.63920302,21.7877095,62.15277778,160.89385475,33.5971223,69.09975669,89.54248366,55.20833333,10.36324786,16.29273504,4.22008547,30,8.557454889306626,3.505715237539601,9.63920302,Simancas,San Blas - Canillejas,92.5925925925926,100.0,100.0,135,39.85203884351705,90.31610773750039,True,False,False,False,False
20,207,20074,599.14613029,41.31209414,13.58381503,15.31791908,35.22012579,112.76595745,88.67924528,40.6504065,103.86740331,76.5625,75.55555556,26.0326609,35.44668588,16.04226705,6,1.7374726254057227,3.4532918172445575,15.31791908,Canillejas,San Blas - Canillejas,,,,28,,,False,False,False,False,False
20,201,20118,257.08042493,38.98519365,15.87872559,7.65673176,24.83221477,48.22006472,207.38255034,30.77956989,70.05714286,130.0,64.1025641,8.35040984,14.65163934,4.71311475,28,7.592954619368199,3.6876290460866534,7.65673176,Simancas,San Blas - Canillejas,64.46280991735537,95.86776859504133,100.0,121,71.89989846954148,141.75032310370904,True,False,False,False,False
20,207,20075,370.81084497,40.873125,12.63598326,15.73221757,40.42553191,124.50331126,80.31914894,39.60280374,116.16161616,98.07692308,88.88888889,31.16776316,46.54605263,17.35197368,8,3.279299989434797,2.439545032712557,15.73221757,Canillejas,San Blas - Canillejas,98.07692307692307,100.0,100.0,52,30.878940703766517,65.04348590609342,True,False,False,False,False
20,201,20100,78.91846649,43.86446893,9.9009901,19.97670355,34.69387755,201.76470588,49.56268222,42.60797342,107.22891566,54.86725664,88.88888889,28.19332566,45.97238205,19.27502877,24,22.022728992895694,1.0897831966121072,19.97670355,Simancas,San Blas - Canillejas,75.2840909090909,94.88636363636364,100.0,352,66.6964442631571,133.0900002889711,False,False,False,False,False
20,207,20076,296.84473528,43.0084636,14.0113798,19.48790896,26.27737226,139.08629442,71.89781022,50.37433155,93.18181818,66.31578947,61.19402985,26.14840989,36.96113074,17.66784452,3,4.766801737823846,0.6293527956481716,19.48790896,Canillejas,San Blas - Canillejas,93.42105263157895,100.0,100.0,76,60.01288691874636,94.4922783461177,True,False,False,False,False
20,207,20077,328.98342459,45.14059575,11.24632816,22.61854805,25.60296846,201.11940299,49.72170686,51.20558376,96.0199005,36.36363636,109.45945946,19.81681932,30.3080766,11.44879267,46,7.301279701135995,6.3002654168752,22.61854805,Canillejas,San Blas - Canillejas,97.45762711864407,100.0,100.0,118,37.73754769279042,81.25432876771073,True,False,False,False,False
20,207,20078,439.09984665,43.15446999,12.33396584,17.96331436,30.28169014,145.64102564,68.66197183,43.46642468,95.04424779,64.54545455,80.32786885,23.49968414,38.47125711,15.22425774,8,3.6051026026942514,2.219076925583546,17.96331436,Canillejas,San Blas - Canillejas,100.0,100.0,100.0,59,45.28301778785084,82.57037821898201,True,False,False,False,False
20,207,20079,357.24719118,44.69043039,11.27241674,19.12894962,38.39285714,169.6969697,58.92857143,43.6809816,86.07305936,58.5106383,70.21276596,15.44991511,28.77758913,10.01697793,20,3.2974367023253834,6.065317337523359,19.12894962,Canillejas,San Blas - Canillejas,100.0,100.0,100.0,52,23.483113872219015,44.637676356106404,True,False,False,False,False
20,201,20119,39.28591964,38.91467156,13.32628239,8.09095717,25.49019608,60.71428571,164.70588235,27.25437416,91.00257069,115.05376344,97.14285714,20.37716082,28.60136197,11.47197486,31,48.59247327478961,0.6379588835640353,8.09095717,Simancas,San Blas - Canillejas,40.0,61.67741935483871,81.41935483870968,775,122.45494191698245,231.44475304107317,False,False,False,False,False
20,207,20080,189.00600139,46.64562713,11.64972635,25.5668491,26.29969419,219.46308725,45.56574924,59.27770859,71.21535181,44.08602151,70.0,15.73643411,26.66666667,9.76744186,56,6.825180102951072,8.204911688086694,25.5668491,Canillejas,San Blas - Canillejas,100.0,100.0,100.0,109,20.131480322271273,36.16756486822912,True,False,False,False,False
20,207,20083,196.89992933,46.42445657,11.09865471,24.66367713,43.63636364,222.22222222,45.0,55.67190227,88.48684211,71.18644068,108.0,20.37861915,31.62583519,12.69487751,0,4.560692342881794,0.0,24.66367713,Canillejas,San Blas - Canillejas,93.05555555555556,100.0,100.0,72,57.059097347458874,94.02331825074805,True,False,False,False,False
20,208,20097,158.73588087,46.82541477,10.511883,25.77696527,34.75177305,245.2173913,40.78014184,56.95839311,82.93963255,68.75,78.94736842,18.04922516,26.98268004,10.93892434,4,6.910850867278877,0.5787999302573557,25.77696527,El Salvador,San Blas - Canillejas,58.18181818181818,92.72727272727272,100.0,110,83.80528451801835,146.0589375569263,True,False,True,False,False
20,207,20082,377.86975324,44.41920414,12.78493558,21.85332012,35.14739229,170.93023256,58.50340136,52.99469295,90.05763689,74.16666667,83.33333333,20.85798817,31.85404339,13.51084813,56,5.366928637692942,10.434273265103908,21.85332012,Canillejas,San Blas - Canillejas,100.0,100.0,100.0,85,26.17578461054647,54.44671569227588,True,False,False,False,False
20,208,20096,192.93826363,47.63372636,8.84229717,22.4247949,15.85365854,253.60824742,39.43089431,45.49071618,71.36363636,23.16384181,65.71428571,9.63636364,15.90909091,5.0,29,5.7013055849398,5.086554223054544,22.4247949,El Salvador,San Blas - Canillejas,98.91304347826086,100.0,100.0,92,31.272892814675423,70.28418785406687,True,False,False,False,False
20,208,20098,292.39643139,50.87480183,9.61145194,32.41308793,48.58044164,337.23404255,29.65299685,72.48677249,65.30612245,41.66666667,110.71428571,9.04471545,19.00406504,4.9796748,11,3.365294149880953,3.268659293984487,32.41308793,El Salvador,San Blas - Canillejas,94.44444444444444,100.0,100.0,54,45.18345623642651,81.79220668047884,True,False,False,False,False
20,201,20125,35.44079273,42.81885723,8.61445783,15.42168675,17.578125,179.02097902,55.859375,31.64155432,103.71567044,41.58415842,97.82608696,20.69586083,31.67366527,10.0179964,35,47.03619393071128,0.7441078258066178,15.42168675,Simancas,San Blas - Canillejas,65.03311258278146,89.27152317880794,99.73509933774835,755,80.28871714029907,151.92615351695275,False,False,False,False,False
20,208,20124,178.99443591,46.87553507,8.66084425,23.72634643,19.32515337,273.94957983,36.50306748,47.90096878,79.69052224,28.57142857,100.0,14.24439624,21.90889371,7.30296457,32,7.7264971559193025,4.1415921541477125,23.72634643,El Salvador,San Blas - Canillejas,100.0,100.0,100.0,123,29.116744478627943,50.86614707043702,True,False,False,False,False
20,207,20086,572.52589565,47.5150576,11.0974106,28.05178792,33.62637363,252.77777778,39.56043956,64.33637285,89.08045977,43.92523364,84.12698413,20.28186275,33.82352941,12.43872549,0,2.8505260851966363,0.0,28.05178792,Canillejas,San Blas - Canillejas,44.44444444444444,97.77777777777777,100.0,45,105.13900750970073,140.87664807423513,True,False,True,False,False
20,208,20105,214.58523619,46.52825051,7.60475944,21.31401966,20.63106796,280.27210884,35.67961165,40.68413392,83.93574297,33.33333333,95.83333333,9.90759754,17.14579055,5.44147844,46,9.077977751684859,5.067207836179425,21.31401966,El Salvador,San Blas - Canillejas,100.0,100.0,100.0,146,31.98560934051185,57.150147498806234,True,False,False,False,False
20,207,20085,96.49728783,46.59043104,11.95134849,26.12374405,34.41295547,218.5840708,45.74898785,61.48590948,79.32618683,80.18867925,100.0,19.87414788,29.88987939,12.37545884,121,19.76221345534195,6.122795924324577,26.12374405,Canillejas,San Blas - Canillejas,79.17981072555204,97.79179810725552,100.0,317,49.54345567247583,126.57184154569933,False,False,False,False,False
20,206,20129,248.23780962,39.79577677,16.88951443,8.7966221,24.8,52.08333333,192.0,34.56439394,58.79699248,90.90909091,87.5,14.90552834,26.80195941,5.73827852,12,5.756578213837719,2.0845716941974803,8.7966221,Rejas,San Blas - Canillejas,100.0,100.0,100.0,93,35.80925159784448,55.34521445925684,True,False,False,False,False
20,207,20087,512.69017254,44.47078469,12.55301103,20.94995759,43.72469636,166.89189189,59.91902834,50.38265306,87.55980861,63.07692308,70.45454545,25.14718251,40.62237174,17.57779647,4,2.31913944072174,1.724777704075939,20.94995759,Canillejas,San Blas - Canillejas,100.0,100.0,100.0,38,46.030557245633815,68.87869835632702,True,False,False,False,False
20,207,20088,368.81039694,45.02012118,12.05772812,22.81191806,33.87755102,189.18918919,52.85714286,53.5382416,89.56639566,64.1221374,98.7012987,20.90656799,34.50508788,15.12488437,26,5.862090705588094,4.435277668974868,22.81191806,Canillejas,San Blas - Canillejas,98.9247311827957,100.0,100.0,93,38.895651428193645,65.96301063301303,True,False,False,False,False
20,207,20090,387.36842178,50.19365874,10.48720066,34.68208092,26.66666667,330.70866142,30.23809524,82.37951807,73.36814621,46.51162791,85.0,12.14109926,18.70385562,7.13699754,5,3.146874994124427,1.588877857981511,34.68208092,Canillejas,San Blas - Canillejas,100.0,100.0,100.0,48,42.752425718248745,77.73300791205422,True,False,False,False,False
20,206,20069,181.23406261,45.10400977,14.14503133,22.38137869,37.6,158.2278481,63.2,57.54583921,79.49367089,42.04545455,98.0,16.1634103,28.15275311,9.3250444,50,6.212960101296051,8.047693721639991,22.38137869,Rejas,San Blas - Canillejas,100.0,100.0,100.0,100,22.72813666297684,41.824267381103354,True,False,False,False,False
20,207,20091,544.89201358,43.12746845,11.90320471,18.37802485,36.65480427,154.3956044,64.76868327,43.43339587,102.66159696,56.47058824,108.33333333,29.66818478,47.43005856,18.54261548,25,2.8207423887756016,8.862914989855469,18.37802485,Canillejas,San Blas - Canillejas,100.0,100.0,100.0,50,30.960646384910206,60.7067535563424,True,False,False,False,False
20,206,20071,103.04464115,42.36750503,14.3977591,14.06162465,35.45816733,97.66536965,102.39043825,39.7807361,69.81382979,69.29133858,94.28571429,14.46927374,27.70949721,7.20670391,66,17.371111975912225,3.799411349804167,14.06162465,Rejas,San Blas - Canillejas,91.72661870503596,99.64028776978418,100.0,278,36.95766270375378,92.79891441174993,True,False,False,False,False
20,207,20092,504.62611274,44.47212902,11.7070655,21.66064982,38.0952381,185.02202643,54.04761905,50.07739938,97.856049,50.75757576,89.04109589,30.18867925,41.81540031,19.53085161,21,3.886045431428392,5.403951232829782,21.66064982,Canillejas,San Blas - Canillejas,100.0,100.0,100.0,61,22.72076143071293,38.57662592810329,True,False,False,False,False
20,206,20120,12.37198394,36.87834874,18.53157122,7.40088106,25.0,39.93660856,250.3968254,35.01189532,84.49158742,146.37681159,87.3015873,30.86312119,41.35425748,20.31386225,60,278.12838374740204,0.21572771247429526,7.40088106,Rejas,San Blas - Canillejas,9.535562037244784,15.032533094009423,19.92371550370204,4457,605.6265662107479,1856.695512322363,False,False,False,False,False
20,206,20126,35.14819955,39.49671325,17.55771567,10.51032807,22.5433526,59.8615917,167.05202312,39.05325444,69.0,104.6728972,56.84210526,18.92382104,27.81136638,11.547763,28,47.05788692125275,0.5950118424751104,10.51032807,Rejas,San Blas - Canillejas,60.0,87.33333333333333,95.33333333333334,750,88.10654437769249,162.220696028766,False,False,False,False,False
20,208,20099,29.79765298,44.31204321,12.89487312,20.76644226,17.20698254,161.04417671,62.09476309,50.74160812,81.96022727,35.26570048,79.16666667,11.67695473,17.54115226,4.73251029,209,65.2400375722329,3.2035542555995313,20.76644226,El Salvador,San Blas - Canillejas,72.63157894736842,84.01913875598086,93.01435406698565,1045,51.32492571874759,180.44714497964785,False,False,False,False,False
20,207,20072,44.58189924,45.39883045,11.39169473,22.61503928,27.0471464,198.52216749,50.37220844,51.53061224,81.201849,62.5,77.04918033,15.8951478,25.20914668,10.3736754,33,40.21811610701155,0.8205257529267226,22.61503928,Canillejas,San Blas - Canillejas,57.298136645962735,83.07453416149069,97.82608695652173,644,86.59613222063527,169.7502558864355,False,False,False,False,False
20,207,20101,93.19919323,46.18161702,9.76588629,23.5451505,29.82954545,241.09589041,41.47727273,49.94984955,84.97217069,53.38983051,73.46938776,17.15425532,28.125,11.43617021,23,16.137478747362554,1.4252536198542805,23.5451505,Canillejas,San Blas - Canillejas,69.01960784313725,88.62745098039215,97.6470588235294,255,68.29537123423866,152.7518775867079,False,False,False,False,False
20,207,20093,70.43054811,44.81231398,13.85498923,23.1873654,35.60371517,167.35751295,59.75232198,58.83694413,87.79443255,111.26760563,47.61904762,20.0,30.32258065,9.53405018,11,19.8067463247244,0.5553663292122291,23.1873654,Canillejas,San Blas - Canillejas,65.09433962264151,89.30817610062893,99.05660377358491,318,84.28256855217819,153.81456009747103,False,False,False,False,False
20,208,20095,29.12300895,49.18123525,11.79487179,29.74358974,48.76847291,252.17391304,39.65517241,71.05263158,78.125,30.23255814,120.0,10.41514931,16.02330663,5.97232338,160,47.14485382299962,3.3937956537250726,29.74358974,El Salvador,San Blas - Canillejas,81.62450066577897,90.54593874833556,96.13848202396804,751,37.94499566450131,144.15492706397447,False,False,False,False,False
20,206,20068,57.51151834,40.00131336,15.93426224,12.93319043,22.37569061,81.16591928,123.20441989,40.5826218,78.88589398,129.00763359,83.20610687,19.53208082,31.54909607,10.77632045,56,49.05104371368888,1.1416678578109818,12.93319043,Rejas,San Blas - Canillejas,45.186136071887034,69.9614890885751,88.06161745827985,779,110.43515970976085,210.98075496573023,False,False,False,False,False
20,206,20121,44.95275543,37.06013083,14.45725264,6.67627281,12.94964029,46.17940199,216.54676259,26.79658952,109.70625798,82.92682927,113.63636364,37.44053283,54.47193149,20.31398668,16,46.7602043708728,0.3421713017568951,6.67627281,Rejas,San Blas - Canillejas,28.150134048257375,44.77211796246649,62.466487935656836,746,164.9818255194515,278.6719134408663,False,False,False,False,False
20,205,20067,2.85156845,43.86409539,10.79854809,14.29219601,23.49206349,132.35294118,75.55555556,33.49485161,68.46938776,58.07860262,48.52941176,7.5045208,11.43761302,3.11934901,269,775.7134497305648,0.3467775376247944,14.29219601,Rosas,San Blas - Canillejas,11.08872592473205,16.351035538721895,22.29027318881457,12409,479.85647395854363,1181.0227287962948,False,False,False,False,False
20,206,20116,65.52295328,38.75121102,19.43620178,9.59446093,35.05154639,49.36386768,202.57731959,40.90592334,66.08796296,113.33333333,83.96226415,13.13330054,24.54500738,7.52582391,40,31.02729296478578,1.2891875564329036,9.59446093,Rejas,San Blas - Canillejas,73.2,85.6,92.80000000000001,500,67.15666953108877,175.90457492003992,False,False,False,False,False
20,208,20108,40.86905024,45.43319132,13.42165899,22.92626728,28.14070352,170.81545064,58.54271357,57.1040724,75.11885895,43.125,63.88888889,10.45117076,18.78926328,4.39748715,47,42.84415687458971,1.0969990642498806,22.92626728,El Salvador,San Blas - Canillejas,47.59124087591241,70.8029197080292,88.9051094890511,685,104.30142137038187,202.81410107297478,False,False,False,False,False
20,206,20070,117.69993788,45.5842014,13.81048387,22.37903226,49.0990991,162.04379562,61.71171171,56.71406003,80.85714286,37.64705882,87.5,17.24825523,27.91625125,7.67696909,108,8.521669748035373,12.67357257360259,22.37903226,Rejas,San Blas - Canillejas,97.77777777777777,100.0,100.0,135,18.55320187933788,74.90722574883027,True,False,False,False,False
20,206,20123,101.14246683,44.51023882,12.60647359,21.03918228,31.57894737,166.89189189,59.91902834,50.70603338,87.25961538,44.03669725,73.07692308,17.38396624,26.91983122,9.62025316,25,11.716146908008602,2.1338073170549943,21.03918228,Rejas,San Blas - Canillejas,80.0,97.89473684210527,100.0,190,57.305532866904436,120.96517885339613,True,False,False,False,False
21,211,21014,131.77314473,45.19611981,14.78933792,22.52794497,29.19847328,152.3255814,65.64885496,59.53360768,60.57268722,92.74193548,70.0,6.58964484,13.73555841,3.63714163,79,17.735024877139836,4.454462316646071,22.52794497,Alameda de Osuna,Barajas,99.28825622775801,100.0,100.0,281,39.22792950202727,74.43319689502977,True,False,False,False,False
21,211,21012,272.63107984,46.10918893,15.40983607,26.44808743,27.27272727,171.63120567,58.26446281,71.9924812,66.77115987,62.5,85.41666667,8.03474484,14.54940282,4.23452769,0,3.3781915126990345,0.0,26.44808743,Alameda de Osuna,Barajas,47.27272727272727,90.9090909090909,100.0,55,102.92730664330003,144.8823149586666,True,False,True,False,False
21,211,21011,183.55273606,44.63162022,14.36683702,21.63543441,38.05774278,150.59288538,66.40419948,56.2555457,71.79878049,86.79245283,84.28571429,11.57303371,18.76404494,6.51685393,45,9.697485519682026,4.6403781587162936,21.63543441,Alameda de Osuna,Barajas,65.38461538461539,92.94871794871796,100.0,156,78.00872506370305,139.07761659291828,True,False,False,False,False
21,211,21013,218.39155778,49.8003273,13.54992076,35.2614897,32.13483146,260.23391813,38.42696629,95.35603715,66.49484536,45.56962025,80.0,6.92368214,15.49960661,3.61919748,27,5.819822034021784,4.639317120379653,35.2614897,Alameda de Osuna,Barajas,93.47826086956522,100.0,100.0,92,47.83380306650753,86.11473085867753,True,False,False,False,False
21,211,21010,271.49606488,48.52771848,14.15241058,31.33748056,33.25062035,221.42857143,45.16129032,83.45221113,53.72807018,87.87878788,75.86206897,8.04331013,14.38515081,3.24825986,11,4.76249996682512,2.309711302178351,31.33748056,Alameda de Osuna,Barajas,93.42105263157895,100.0,100.0,76,58.57387931826611,89.88616553991355,True,False,False,False,False
21,211,21003,357.03988658,49.53769479,13.70091896,35.00417711,26.25298329,255.48780488,39.14081146,94.95114007,60.31331593,37.33333333,66.15384615,6.94789082,14.88833747,3.72208437,0,3.3861762941599025,0.0,35.00417711,Alameda de Osuna,Barajas,60.78431372549019,100.0,100.0,51,87.49710852358352,133.3359010173011,True,False,True,False,False
21,211,21002,190.0740609,50.31839583,12.42149337,34.89183531,28.2,280.8988764,35.6,89.8013245,60.29723992,48.88888889,66.66666667,5.27777778,10.55555556,1.66666667,0,7.575994289790165,0.0,34.89183531,Alameda de Osuna,Barajas,25.203252032520325,61.78861788617886,100.0,123,135.98652947980807,174.3395270961173,True,True,True,False,False
21,211,21008,203.74310674,50.52352036,13.29305136,35.04531722,39.22413793,263.63636364,37.93103448,93.56725146,63.63636364,77.41935484,74.07407407,7.99396682,15.68627451,4.67571644,3,3.254097822589661,0.9219145101214424,35.04531722,Alameda de Osuna,Barajas,100.0,100.0,100.0,52,52.824693898392894,78.28286603776819,True,False,False,False,False
21,211,21004,350.90636335,50.31185307,12.91161179,34.74870017,29.92518703,269.12751678,37.15710723,91.05960265,55.67010309,68.33333333,72.91666667,8.72947277,14.3474503,4.4079516,0,3.2971758874518904,0.0,34.74870017,Alameda de Osuna,Barajas,60.37735849056604,94.33962264150944,100.0,53,90.62510443053206,142.30960557625573,True,False,True,False,False
21,211,21007,146.73004912,45.59641363,14.34447301,22.46786632,35.01144165,156.63082437,63.84439359,58.25874695,58.58064516,113.51351351,77.94117647,8.14966684,16.24807791,4.61301896,50,13.296526592170022,3.7603805515226583,22.46786632,Alameda de Osuna,Barajas,60.093896713615024,84.97652582159625,96.24413145539906,213,88.80948654321351,164.82350025967767,True,False,False,False,False
21,211,21001,19.45186327,43.85712337,13.01369863,18.86674969,29.7029703,144.97607656,68.97689769,46.80073126,73.92686804,80.50847458,75.0,11.15933044,20.64476131,5.08369498,175,82.92264746125464,2.110400540235624,18.86674969,Alameda de Osuna,Barajas,77.50188111361926,96.16252821670429,100.0,1329,60.20247918459912,129.04755960685878,False,False,False,False,False
21,211,21009,111.29144629,49.98206269,11.2654321,32.87037037,38.02816901,291.78082192,34.27230047,79.00552486,61.60714286,65.51724138,91.30434783,11.16207951,18.19571865,6.26911315,44,5.876462404017539,7.487497915398674,32.87037037,Alameda de Osuna,Barajas,100.0,100.0,100.0,96,25.746183748037787,57.32705718879633,True,False,False,False,False
21,211,21006,162.47314803,46.78777916,15.80996885,28.19314642,28.72928177,178.32512315,56.07734807,78.581363,64.53089245,76.92307692,84.21052632,5.20995334,11.89735614,2.33281493,24,7.915154076732276,3.032158283633596,28.19314642,Alameda de Osuna,Barajas,86.4,100.0,100.0,125,54.078840594267575,102.59357785639642,True,False,False,False,False
21,215,21027,237.26131241,40.57325173,15.87301587,10.25938831,22.26415094,64.63414634,154.71698113,35.37735849,59.39849624,106.85714286,65.41353383,8.28835775,14.88049345,1.96607556,10,10.93309302598615,0.9146542498295458,10.25938831,Corralejos,Barajas,66.85714285714286,95.42857142857143,100.0,175,77.18126715790297,136.103293738546,True,False,False,False,False
21,211,21005,71.55919323,40.71498203,20.1804758,15.62756358,24.40944882,77.43902439,129.13385827,55.7827476,57.44466801,126.08695652,68.0,6.41339869,12.29575163,1.63398693,15,34.20944101863474,0.43847544868766264,15.62756358,Alameda de Osuna,Barajas,45.78754578754579,75.45787545787546,95.7875457875458,546,106.69772062957847,180.58212392537195,False,False,False,False,False
21,215,21025,54.82633696,44.56335617,15.35968892,21.32209981,34.04255319,138.8185654,72.03647416,57.93244626,64.47811448,126.43678161,43.28358209,7.88623142,15.19069166,3.81383323,60,28.216366179471176,2.126425480104983,21.32209981,Corralejos,Barajas,57.55555555555556,79.77777777777779,94.44444444444444,450,87.09529037860733,186.16714577476628,False,False,False,False,False
21,215,21032,65.61187204,38.59800853,20.68780226,8.49005911,40.50632911,41.03896104,243.67088608,41.19878604,52.5462963,135.36585366,46.34146341,7.46268657,14.17910448,2.55863539,69,28.59238643236154,2.413229835264963,8.49005911,Corralejos,Barajas,68.3406113537118,90.39301310043668,99.12663755458514,458,73.74983793551459,148.02015448792065,False,False,False,False,False
21,214,21030,195.46752362,42.64357675,13.8620245,15.21598968,24.15254237,109.76744186,91.10169492,41.0,70.27863777,61.29032258,57.14285714,10.3403982,19.46050096,5.39499037,23,7.9655176021167176,2.887445756681034,15.21598968,Timón,Barajas,99.1869918699187,100.0,100.0,123,37.648879133503264,65.94965478859244,True,False,False,False,False
21,214,21026,134.45881553,46.78996792,8.09102402,22.25031606,26.42045455,275.0,36.36363636,43.55716878,84.28093645,23.12138728,70.73170732,11.00628931,22.38993711,6.66666667,19,11.825182259612168,1.6067405628827192,22.25031606,Timón,Barajas,95.26315789473684,100.0,100.0,190,45.32097369847988,85.02641554525862,True,False,False,False,False
21,214,21023,247.66309878,43.23549206,13.74113475,16.13475177,39.01098901,117.41935484,85.16483516,42.60429836,70.10752688,59.75609756,54.71698113,16.31393298,26.54320988,8.90652557,65,4.578800820942223,14.195856631873395,16.13475177,Timón,Barajas,100.0,100.0,100.0,72,18.238548880376413,40.586410666137176,True,False,False,False,False
21,215,21029,4.11504739,39.23164477,16.10738255,8.23672971,17.77777778,51.13636364,195.55555556,32.17741935,66.44295302,119.51219512,52.17391304,6.26520681,11.55717762,2.79805353,874,399.5093728316544,2.1876833422085618,8.23672971,Corralejos,Barajas,47.36265456252935,60.54155579902958,69.79182970730943,6389,108.59980865568727,462.20331971317097,False,False,False,False,False
21,213,21017,162.68133506,45.69794361,9.67961827,20.79072938,28.52459016,214.78873239,46.55737705,43.82352941,84.11552347,42.98245614,104.87804878,21.875,36.14130435,11.00543478,58,9.048364395745333,6.409998256400064,20.79072938,Casco Histórico de Barajas,Barajas,96.52777777777779,100.0,100.0,144,30.498301042872548,71.87652129125553,True,False,False,False,False
21,213,21021,267.37006479,43.49582187,12.11419753,18.28703704,28.69198312,150.95541401,66.24472574,43.68070953,76.171875,37.0,84.90566038,19.49541284,32.26299694,9.70948012,3,4.8920959084886455,0.6132340935496529,18.28703704,Casco Histórico de Barajas,Barajas,88.75,100.0,100.0,80,58.803152790790904,103.00702481592627,True,False,False,False,False
21,214,21022,168.70368719,44.33011516,9.39161252,16.36148848,30.68592058,174.21383648,57.40072202,34.68575975,73.37931034,66.4,82.0,12.16216216,21.26909518,6.46298472,85,10.088694730642327,8.425272274502474,16.36148848,Timón,Barajas,100.0,100.0,100.0,163,23.86992919960146,49.955749285707775,True,False,False,False,False
21,213,21018,138.15169872,44.17586337,10.52287582,18.88888889,34.60207612,179.50310559,55.70934256,41.70528267,93.02325581,42.45283019,84.48275862,22.1716515,36.6710013,13.06892068,53,11.132689747914274,4.760754247187175,18.88888889,Casco Histórico de Barajas,Barajas,76.53631284916202,90.5027932960894,99.4413407821229,179,53.96212064996573,144.15133308902236,True,False,False,False,False
21,214,21034,185.36719061,38.74545855,18.21533923,9.80825959,27.06766917,53.84615385,185.71428571,38.93442623,68.27586207,152.54237288,67.44186047,8.36390315,17.0212766,3.96184886,10,7.352973282330314,1.359994061726114,9.80825959,Timón,Barajas,85.47008547008546,100.0,100.0,117,57.291469696631104,106.92662853117452,True,False,False,False,False
21,214,21031,126.60594548,35.23697825,25.04581552,5.43677459,15.73033708,21.70731707,460.6741573,43.84885764,53.1628533,148.88888889,69.48051948,7.37160121,14.80362538,2.96072508,33,13.07205592663136,2.5244690035918493,5.43677459,Timón,Barajas,87.25490196078431,100.0,100.0,204,48.8775454316952,104.90244398008211,True,False,False,False,False
21,214,21028,29.5652916,38.2645308,20.97174021,10.16360932,24.87804878,48.46335697,206.34146341,45.21238301,62.64637002,118.34862385,60.86956522,9.90635781,16.26416954,4.73139478,39,68.62776849589304,0.5682830850362549,10.16360932,Timón,Barajas,47.227191413237925,60.46511627906976,70.30411449016101,1118,109.3567574695797,338.13943764296533,False,False,False,False,False
21,213,21020,165.51172358,45.78139926,10.0795756,22.70557029,27.80373832,225.26315789,44.39252336,48.77663773,85.23391813,42.97520661,120.40816327,18.24894515,30.95991561,10.02109705,46,11.455381884536756,4.0155797915470535,22.70557029,Casco Histórico de Barajas,Barajas,96.17486338797814,100.0,100.0,183,45.28411792281943,83.75710111626836,True,False,False,False,False
21,213,21019,129.59736756,38.98691702,11.94409149,11.98644642,27.56183746,100.35460993,99.64664311,31.45879733,144.3537415,70.68965517,106.02409639,39.31265717,53.10142498,23.80553227,26,18.410867790002875,1.412209369843937,11.98644642,Casco Histórico de Barajas,Barajas,56.4625850340136,78.91156462585033,95.23809523809523,294,86.54105096610607,182.1234949008377,True,False,False,False,False
21,214,21033,3.84752588,35.84500875,25.80882353,8.52941176,33.62068966,33.04843305,302.5862069,52.2956327,58.61456483,181.39534884,72.32142857,11.15973742,23.92414296,6.19985412,128,356.3328869197694,0.359214668919459,8.52941176,Timón,Barajas,28.35323033707865,38.39536516853933,47.08567415730337,5696,218.43734581227199,577.7586954100483,False,False,False,False,False
21,212,21015,0.6499271,41.15964834,15.47307893,14.27077888,31.86813187,92.22972973,108.42490842,42.33630952,76.14678899,66.12903226,78.35051546,25.20746888,39.36721992,17.42738589,133,2966.473087094861,0.04483438618694839,14.27077888,Aeropuerto,Barajas,1.383973710819009,2.3656049882035726,3.4609875294910686,47472,1754.2707564079033,3222.877025201848,False,False,False,False,False
17,171,17099,33.06198541,46.53316776,10.1986755,23.44370861,15.81920904,229.87012987,43.50282486,50.69860279,72.16494845,22.58064516,54.83870968,4.98034076,11.53342071,3.66972477,46,6.800889970405387,6.7638206470289415,23.44370861,Villaverde Alto - Casco Histórico de Villaverde,Villaverde,90.65420560747664,100.0,100.0,107,44.59753580637984,97.1000902843227,False,False,False,False,False
